farmer_id,risk_tier,risk_score,action_type,channel,status,detail,timestamp
F100000,low,0.0027,sms_nudge,sms,delivered,Reminder: your next input redemption window is open. Visit your agrodealer this week.,2026-10-06T06:45:11+00:00
F100001,low,0.0022,sms_nudge,sms,delivered,Reminder: your next input redemption window is open. Visit your agrodealer this week.,2026-10-06T06:45:11+00:00
F100002,high,0.999,supervisor_escalation,escalation,sent,High default risk (score=1.00) - long gap since last farm visit; low input redemption rate,2026-10-06T06:45:11+00:00
F100003,high,0.9705,supervisor_escalation,escalation,sent,High default risk (score=0.97) - long gap since last farm visit; weak repayment among peer group,2026-10-06T06:45:11+00:00
F100004,low,0.0426,sms_nudge,sms,delivered,Reminder: your next input redemption window is open. Visit your agrodealer this week.,2026-10-06T06:45:11+00:00
F100005,low,0.001,sms_nudge,sms,delivered,Reminder: your next input redemption window is open. Visit your agrodealer this week.,2026-10-06T06:45:11+00:00
F100006,high,0.9452,supervisor_escalation,escalation,sent,High default risk (score=0.95) - low input redemption rate; weak repayment among peer group,2026-10-06T06:45:11+00:00
F100007,low,0.0026,sms_nudge,sms,delivered,Reminder: your next input redemption window is open. Visit your agrodealer this week.,2026-10-06T06:45:11+00:00
F100008,low,0.0004,sms_nudge,sms,delivered,Reminder: your next input redemption window is open. Visit your agrodealer this week.,2026-10-06T06:45:11+00:00
F100009,low,0.011,sms_nudge,sms,delivered,Reminder: your next input redemption window is open. Visit your agrodealer this week.,2026-10-06T06:45:11+00:00
F100010,high,0.9688,supervisor_escalation,escalation,sent,High default risk (score=0.97) - below-average prior yield; weak repayment among peer group,2026-10-06T06:45:11+00:00
F100011,low,0.0004,sms_nudge,sms,delivered,Reminder: your next input redemption window is open. Visit your agrodealer this week.,2026-10-06T06:45:11+00:00
F100012,low,0.038,sms_nudge,sms,failed,Reminder: your next input redemption window is open. Visit your agrodealer this week.,2026-10-06T06:45:11+00:00
F100013,low,0.1294,sms_nudge,sms,delivered,Reminder: your next input redemption window is open. Visit your agrodealer this week.,2026-10-06T06:45:11+00:00
F100014,low,0.0007,sms_nudge,sms,delivered,Reminder: your next input redemption window is open. Visit your agrodealer this week.,2026-10-06T06:45:11+00:00
F100015,high,0.6244,supervisor_escalation,escalation,sent,High default risk (score=0.62) - no active mobile money usage; long gap since last farm visit,2026-10-06T06:45:11+00:00
F100016,low,0.0164,sms_nudge,sms,delivered,Reminder: your next input redemption window is open. Visit your agrodealer this week.,2026-10-06T06:45:11+00:00
F100017,high,0.9809,supervisor_escalation,escalation,sent,High default risk (score=0.98) - long gap since last farm visit; long distance to nearest agrodealer,2026-10-06T06:45:11+00:00
F100018,high,0.9517,supervisor_escalation,escalation,sent,High default risk (score=0.95) - long gap since last farm visit; weak repayment among peer group,2026-10-06T06:45:11+00:00
F100019,low,0.0035,sms_nudge,sms,delivered,Reminder: your next input redemption window is open. Visit your agrodealer this week.,2026-10-06T06:45:11+00:00
F100020,low,0.0002,sms_nudge,sms,delivered,Reminder: your next input redemption window is open. Visit your agrodealer this week.,2026-10-06T06:45:11+00:00
F100021,low,0.0001,sms_nudge,sms,delivered,Reminder: your next input redemption window is open. Visit your agrodealer this week.,2026-10-06T06:45:11+00:00
F100022,low,0.1184,sms_nudge,sms,delivered,Reminder: your next input redemption window is open. Visit your agrodealer this week.,2026-10-06T06:45:11+00:00
F100023,low,0.0035,sms_nudge,sms,delivered,Reminder: your next input redemption window is open. Visit your agrodealer this week.,2026-10-06T06:45:11+00:00
F100024,high,0.976,supervisor_escalation,escalation,sent,High default risk (score=0.98) - low training attendance; below-average prior yield,2026-10-06T06:45:11+00:00
F100025,low,0.0067,sms_nudge,sms,delivered,Reminder: your next input redemption window is open. Visit your agrodealer this week.,2026-10-06T06:45:11+00:00
F100026,low,0.0001,sms_nudge,sms,delivered,Reminder: your next input redemption window is open. Visit your agrodealer this week.,2026-10-06T06:45:11+00:00
F100027,low,0.0008,sms_nudge,sms,delivered,Reminder: your next input redemption window is open. Visit your agrodealer this week.,2026-10-06T06:45:11+00:00
F100028,high,0.7169,supervisor_escalation,escalation,sent,High default risk (score=0.72) - weak repayment among peer group; low input redemption rate,2026-10-06T06:45:11+00:00
F100029,low,0.0003,sms_nudge,sms,delivered,Reminder: your next input redemption window is open. Visit your agrodealer this week.,2026-10-06T06:45:11+00:00
F100030,low,0.0004,sms_nudge,sms,failed,Reminder: your next input redemption window is open. Visit your agrodealer this week.,2026-10-06T06:45:11+00:00
F100031,low,0.0001,sms_nudge,sms,delivered,Reminder: your next input redemption window is open. Visit your agrodealer this week.,2026-10-06T06:45:11+00:00
F100032,low,0.0012,sms_nudge,sms,delivered,Reminder: your next input redemption window is open. Visit your agrodealer this week.,2026-10-06T06:45:11+00:00
F100033,low,0.0289,sms_nudge,sms,delivered,Reminder: your next input redemption window is open. Visit your agrodealer this week.,2026-10-06T06:45:11+00:00
F100034,low,0.0061,sms_nudge,sms,delivered,Reminder: your next input redemption window is open. Visit your agrodealer this week.,2026-10-06T06:45:11+00:00
F100035,high,0.995,supervisor_escalation,escalation,sent,High default risk (score=0.99) - long gap since last farm visit; long distance to nearest agrodealer,2026-10-06T06:45:11+00:00
F100036,low,0.0021,sms_nudge,sms,delivered,Reminder: your next input redemption window is open. Visit your agrodealer this week.,2026-10-06T06:45:11+00:00
F100037,low,0.0322,sms_nudge,sms,delivered,Reminder: your next input redemption window is open. Visit your agrodealer this week.,2026-10-06T06:45:11+00:00
F100038,low,0.0006,sms_nudge,sms,delivered,Reminder: your next input redemption window is open. Visit your agrodealer this week.,2026-10-06T06:45:11+00:00
F100039,low,0.0014,sms_nudge,sms,delivered,Reminder: your next input redemption window is open. Visit your agrodealer this week.,2026-10-06T06:45:11+00:00
F100040,high,0.9944,supervisor_escalation,escalation,sent,High default risk (score=0.99) - weak repayment among peer group; long gap since last farm visit,2026-10-06T06:45:11+00:00
F100041,high,0.9987,supervisor_escalation,escalation,sent,High default risk (score=1.00) - low training attendance; long gap since last farm visit,2026-10-06T06:45:11+00:00
F100042,low,0.0008,sms_nudge,sms,delivered,Reminder: your next input redemption window is open. Visit your agrodealer this week.,2026-10-06T06:45:11+00:00
F100043,low,0.0237,sms_nudge,sms,delivered,Reminder: your next input redemption window is open. Visit your agrodealer this week.,2026-10-06T06:45:11+00:00
F100044,low,0.1369,sms_nudge,sms,delivered,Reminder: your next input redemption window is open. Visit your agrodealer this week.,2026-10-06T06:45:11+00:00
F100045,high,0.9885,supervisor_escalation,escalation,sent,High default risk (score=0.99) - long gap since last farm visit; no active mobile money usage,2026-10-06T06:45:11+00:00
F100046,low,0.0018,sms_nudge,sms,delivered,Reminder: your next input redemption window is open. Visit your agrodealer this week.,2026-10-06T06:45:11+00:00
F100047,low,0.0031,sms_nudge,sms,delivered,Reminder: your next input redemption window is open. Visit your agrodealer this week.,2026-10-06T06:45:11+00:00
F100048,low,0.0002,sms_nudge,sms,delivered,Reminder: your next input redemption window is open. Visit your agrodealer this week.,2026-10-06T06:45:11+00:00
F100049,low,0.0035,sms_nudge,sms,delivered,Reminder: your next input redemption window is open. Visit your agrodealer this week.,2026-10-06T06:45:11+00:00
F100050,low,0.0047,sms_nudge,sms,delivered,Reminder: your next input redemption window is open. Visit your agrodealer this week.,2026-10-06T06:45:11+00:00
F100051,low,0.0001,sms_nudge,sms,delivered,Reminder: your next input redemption window is open. Visit your agrodealer this week.,2026-10-06T06:45:11+00:00
F100052,low,0.0005,sms_nudge,sms,delivered,Reminder: your next input redemption window is open. Visit your agrodealer this week.,2026-10-06T06:45:11+00:00
F100053,low,0.0044,sms_nudge,sms,delivered,Reminder: your next input redemption window is open. Visit your agrodealer this week.,2026-10-06T06:45:11+00:00
F100054,high,0.921,supervisor_escalation,escalation,sent,High default risk (score=0.92) - low input redemption rate; long gap since last farm visit,2026-10-06T06:45:11+00:00
F100055,low,0.0368,sms_nudge,sms,delivered,Reminder: your next input redemption window is open. Visit your agrodealer this week.,2026-10-06T06:45:11+00:00
F100056,low,0.0014,sms_nudge,sms,delivered,Reminder: your next input redemption window is open. Visit your agrodealer this week.,2026-10-06T06:45:11+00:00
F100057,high,0.9604,supervisor_escalation,escalation,sent,High default risk (score=0.96) - long gap since last farm visit; low input redemption rate,2026-10-06T06:45:11+00:00
F100058,high,0.9962,supervisor_escalation,escalation,sent,High default risk (score=1.00) - low input redemption rate; long distance to nearest agrodealer,2026-10-06T06:45:11+00:00
F100059,high,0.9278,supervisor_escalation,escalation,sent,High default risk (score=0.93) - long gap since last farm visit; low input redemption rate,2026-10-06T06:45:11+00:00
F100060,low,0.0003,sms_nudge,sms,delivered,Reminder: your next input redemption window is open. Visit your agrodealer this week.,2026-10-06T06:45:11+00:00
F100061,low,0.0007,sms_nudge,sms,delivered,Reminder: your next input redemption window is open. Visit your agrodealer this week.,2026-10-06T06:45:11+00:00
F100062,low,0.0052,sms_nudge,sms,delivered,Reminder: your next input redemption window is open. Visit your agrodealer this week.,2026-10-06T06:45:11+00:00
F100063,high,0.9031,supervisor_escalation,escalation,sent,High default risk (score=0.90) - no active mobile money usage; long gap since last farm visit,2026-10-06T06:45:11+00:00
F100064,low,0.0048,sms_nudge,sms,delivered,Reminder: your next input redemption window is open. Visit your agrodealer this week.,2026-10-06T06:45:11+00:00
F100065,low,0.0002,sms_nudge,sms,delivered,Reminder: your next input redemption window is open. Visit your agrodealer this week.,2026-10-06T06:45:11+00:00
F100066,low,0.0019,sms_nudge,sms,delivered,Reminder: your next input redemption window is open. Visit your agrodealer this week.,2026-10-06T06:45:11+00:00
F100067,low,0.0419,sms_nudge,sms,delivered,Reminder: your next input redemption window is open. Visit your agrodealer this week.,2026-10-06T06:45:11+00:00
F100068,low,0.0558,sms_nudge,sms,delivered,Reminder: your next input redemption window is open. Visit your agrodealer this week.,2026-10-06T06:45:11+00:00
F100069,low,0.0009,sms_nudge,sms,delivered,Reminder: your next input redemption window is open. Visit your agrodealer this week.,2026-10-06T06:45:11+00:00
F100070,low,0.0019,sms_nudge,sms,delivered,Reminder: your next input redemption window is open. Visit your agrodealer this week.,2026-10-06T06:45:11+00:00
F100071,low,0.0403,sms_nudge,sms,delivered,Reminder: your next input redemption window is open. Visit your agrodealer this week.,2026-10-06T06:45:11+00:00
F100072,low,0.0014,sms_nudge,sms,delivered,Reminder: your next input redemption window is open. Visit your agrodealer this week.,2026-10-06T06:45:11+00:00
F100073,high,0.9995,supervisor_escalation,escalation,sent,High default risk (score=1.00) - long gap since last farm visit; weak repayment among peer group,2026-10-06T06:45:11+00:00
F100074,low,0.0188,sms_nudge,sms,delivered,Reminder: your next input redemption window is open. Visit your agrodealer this week.,2026-10-06T06:45:11+00:00
F100075,high,0.9642,supervisor_escalation,escalation,sent,High default risk (score=0.96) - low training attendance; long gap since last farm visit,2026-10-06T06:45:11+00:00
F100076,low,0.0331,sms_nudge,sms,failed,Reminder: your next input redemption window is open. Visit your agrodealer this week.,2026-10-06T06:45:11+00:00
F100077,high,0.898,supervisor_escalation,escalation,sent,High default risk (score=0.90) - low training attendance; below-average prior yield,2026-10-06T06:45:11+00:00
F100078,high,0.9983,supervisor_escalation,escalation,sent,High default risk (score=1.00) - weak repayment among peer group; long gap since last farm visit,2026-10-06T06:45:11+00:00
F100079,low,0.0003,sms_nudge,sms,delivered,Reminder: your next input redemption window is open. Visit your agrodealer this week.,2026-10-06T06:45:11+00:00
F100080,high,0.9771,supervisor_escalation,escalation,sent,High default risk (score=0.98) - below-average prior yield; low training attendance,2026-10-06T06:45:11+00:00
F100081,low,0.0009,sms_nudge,sms,delivered,Reminder: your next input redemption window is open. Visit your agrodealer this week.,2026-10-06T06:45:11+00:00
F100082,medium,0.5169,field_agent_task,crm_task,created,Field visit follow-up (medium),2026-10-06T06:45:11+00:00
F100083,low,0.0065,sms_nudge,sms,delivered,Reminder: your next input redemption window is open. Visit your agrodealer this week.,2026-10-06T06:45:11+00:00
F100084,low,0.0058,sms_nudge,sms,delivered,Reminder: your next input redemption window is open. Visit your agrodealer this week.,2026-10-06T06:45:11+00:00
F100085,low,0.0579,sms_nudge,sms,delivered,Reminder: your next input redemption window is open. Visit your agrodealer this week.,2026-10-06T06:45:11+00:00
F100086,low,0.0008,sms_nudge,sms,delivered,Reminder: your next input redemption window is open. Visit your agrodealer this week.,2026-10-06T06:45:11+00:00
F100087,high,0.6103,supervisor_escalation,escalation,sent,High default risk (score=0.61) - long gap since last farm visit; low input redemption rate,2026-10-06T06:45:11+00:00
F100088,low,0.0214,sms_nudge,sms,delivered,Reminder: your next input redemption window is open. Visit your agrodealer this week.,2026-10-06T06:45:11+00:00
F100089,low,0.0011,sms_nudge,sms,delivered,Reminder: your next input redemption window is open. Visit your agrodealer this week.,2026-10-06T06:45:11+00:00
F100090,low,0.0009,sms_nudge,sms,delivered,Reminder: your next input redemption window is open. Visit your agrodealer this week.,2026-10-06T06:45:11+00:00
F100091,low,0.0019,sms_nudge,sms,delivered,Reminder: your next input redemption window is open. Visit your agrodealer this week.,2026-10-06T06:45:11+00:00
F100092,low,0.0017,sms_nudge,sms,delivered,Reminder: your next input redemption window is open. Visit your agrodealer this week.,2026-10-06T06:45:11+00:00
F100093,low,0.0034,sms_nudge,sms,delivered,Reminder: your next input redemption window is open. Visit your agrodealer this week.,2026-10-06T06:45:11+00:00
F100094,low,0.0435,sms_nudge,sms,delivered,Reminder: your next input redemption window is open. Visit your agrodealer this week.,2026-10-06T06:45:11+00:00
F100095,low,0.0119,sms_nudge,sms,delivered,Reminder: your next input redemption window is open. Visit your agrodealer this week.,2026-10-06T06:45:11+00:00
F100096,high,0.9467,supervisor_escalation,escalation,sent,High default risk (score=0.95) - low input redemption rate; no active mobile money usage,2026-10-06T06:45:11+00:00
F100097,low,0.0007,sms_nudge,sms,delivered,Reminder: your next input redemption window is open. Visit your agrodealer this week.,2026-10-06T06:45:11+00:00
F100098,high,0.8852,supervisor_escalation,escalation,sent,High default risk (score=0.89) - long gap since last farm visit; low training attendance,2026-10-06T06:45:11+00:00
F100099,low,0.0001,sms_nudge,sms,delivered,Reminder: your next input redemption window is open. Visit your agrodealer this week.,2026-10-06T06:45:11+00:00
F100100,low,0.0146,sms_nudge,sms,delivered,Reminder: your next input redemption window is open. Visit your agrodealer this week.,2026-10-06T06:45:11+00:00
F100101,low,0.045,sms_nudge,sms,delivered,Reminder: your next input redemption window is open. Visit your agrodealer this week.,2026-10-06T06:45:11+00:00
F100102,low,0.0002,sms_nudge,sms,delivered,Reminder: your next input redemption window is open. Visit your agrodealer this week.,2026-10-06T06:45:11+00:00
F100103,low,0.0153,sms_nudge,sms,delivered,Reminder: your next input redemption window is open. Visit your agrodealer this week.,2026-10-06T06:45:11+00:00
F100104,low,0.0105,sms_nudge,sms,delivered,Reminder: your next input redemption window is open. Visit your agrodealer this week.,2026-10-06T06:45:11+00:00
F100105,low,0.0498,sms_nudge,sms,failed,Reminder: your next input redemption window is open. Visit your agrodealer this week.,2026-10-06T06:45:11+00:00
F100106,low,0.0084,sms_nudge,sms,delivered,Reminder: your next input redemption window is open. Visit your agrodealer this week.,2026-10-06T06:45:11+00:00
F100107,low,0.0002,sms_nudge,sms,delivered,Reminder: your next input redemption window is open. Visit your agrodealer this week.,2026-10-06T06:45:11+00:00
F100108,low,0.0003,sms_nudge,sms,delivered,Reminder: your next input redemption window is open. Visit your agrodealer this week.,2026-10-06T06:45:11+00:00
F100109,low,0.0011,sms_nudge,sms,delivered,Reminder: your next input redemption window is open. Visit your agrodealer this week.,2026-10-06T06:45:11+00:00
F100110,high,0.956,supervisor_escalation,escalation,sent,High default risk (score=0.96) - long gap since last farm visit; low training attendance,2026-10-06T06:45:11+00:00
F100111,high,0.999,supervisor_escalation,escalation,sent,High default risk (score=1.00) - long gap since last farm visit; low input redemption rate,2026-10-06T06:45:11+00:00
F100112,high,0.9999,supervisor_escalation,escalation,sent,High default risk (score=1.00) - long gap since last farm visit; low input redemption rate,2026-10-06T06:45:11+00:00
F100113,high,0.9486,supervisor_escalation,escalation,sent,High default risk (score=0.95) - long gap since last farm visit; weak repayment among peer group,2026-10-06T06:45:11+00:00
F100114,high,0.9986,supervisor_escalation,escalation,sent,High default risk (score=1.00) - weak repayment among peer group; long gap since last farm visit,2026-10-06T06:45:11+00:00
F100115,high,0.9845,supervisor_escalation,escalation,sent,High default risk (score=0.98) - long gap since last farm visit; no active mobile money usage,2026-10-06T06:45:11+00:00
F100116,low,0.0044,sms_nudge,sms,delivered,Reminder: your next input redemption window is open. Visit your agrodealer this week.,2026-10-06T06:45:11+00:00
F100117,low,0.0196,sms_nudge,sms,delivered,Reminder: your next input redemption window is open. Visit your agrodealer this week.,2026-10-06T06:45:11+00:00
F100118,low,0.0027,sms_nudge,sms,delivered,Reminder: your next input redemption window is open. Visit your agrodealer this week.,2026-10-06T06:45:11+00:00
F100119,high,0.9883,supervisor_escalation,escalation,sent,High default risk (score=0.99) - long gap since last farm visit; no active mobile money usage,2026-10-06T06:45:11+00:00
F100120,high,0.9641,supervisor_escalation,escalation,sent,High default risk (score=0.96) - weak repayment among peer group; low input redemption rate,2026-10-06T06:45:11+00:00
F100121,low,0.0382,sms_nudge,sms,delivered,Reminder: your next input redemption window is open. Visit your agrodealer this week.,2026-10-06T06:45:11+00:00
F100122,high,0.9891,supervisor_escalation,escalation,sent,High default risk (score=0.99) - weak repayment among peer group; long distance to nearest agrodealer,2026-10-06T06:45:11+00:00
F100123,low,0.0111,sms_nudge,sms,delivered,Reminder: your next input redemption window is open. Visit your agrodealer this week.,2026-10-06T06:45:11+00:00
F100124,high,0.9827,supervisor_escalation,escalation,sent,High default risk (score=0.98) - long gap since last farm visit; weak repayment among peer group,2026-10-06T06:45:11+00:00
F100125,high,0.8805,supervisor_escalation,escalation,sent,High default risk (score=0.88) - weak repayment among peer group; long gap since last farm visit,2026-10-06T06:45:11+00:00
F100126,low,0.0075,sms_nudge,sms,delivered,Reminder: your next input redemption window is open. Visit your agrodealer this week.,2026-10-06T06:45:11+00:00
F100127,low,0.0534,sms_nudge,sms,delivered,Reminder: your next input redemption window is open. Visit your agrodealer this week.,2026-10-06T06:45:11+00:00
F100128,low,0.0067,sms_nudge,sms,delivered,Reminder: your next input redemption window is open. Visit your agrodealer this week.,2026-10-06T06:45:11+00:00
F100129,low,0.067,sms_nudge,sms,delivered,Reminder: your next input redemption window is open. Visit your agrodealer this week.,2026-10-06T06:45:11+00:00
F100130,low,0.0112,sms_nudge,sms,delivered,Reminder: your next input redemption window is open. Visit your agrodealer this week.,2026-10-06T06:45:11+00:00
F100131,low,0.1932,sms_nudge,sms,delivered,Reminder: your next input redemption window is open. Visit your agrodealer this week.,2026-10-06T06:45:11+00:00
F100132,low,0.0275,sms_nudge,sms,delivered,Reminder: your next input redemption window is open. Visit your agrodealer this week.,2026-10-06T06:45:11+00:00
F100133,high,0.9765,supervisor_escalation,escalation,sent,High default risk (score=0.98) - weak repayment among peer group; long gap since last farm visit,2026-10-06T06:45:11+00:00
F100134,high,0.9834,supervisor_escalation,escalation,sent,High default risk (score=0.98) - low training attendance; long gap since last farm visit,2026-10-06T06:45:11+00:00
F100135,low,0.067,sms_nudge,sms,delivered,Reminder: your next input redemption window is open. Visit your agrodealer this week.,2026-10-06T06:45:11+00:00
F100136,low,0.0113,sms_nudge,sms,delivered,Reminder: your next input redemption window is open. Visit your agrodealer this week.,2026-10-06T06:45:11+00:00
F100137,high,0.9558,supervisor_escalation,escalation,sent,High default risk (score=0.96) - low input redemption rate; weak repayment among peer group,2026-10-06T06:45:11+00:00
F100138,low,0.0008,sms_nudge,sms,delivered,Reminder: your next input redemption window is open. Visit your agrodealer this week.,2026-10-06T06:45:11+00:00
F100139,low,0.0002,sms_nudge,sms,delivered,Reminder: your next input redemption window is open. Visit your agrodealer this week.,2026-10-06T06:45:11+00:00
F100140,low,0.0023,sms_nudge,sms,delivered,Reminder: your next input redemption window is open. Visit your agrodealer this week.,2026-10-06T06:45:11+00:00
F100141,high,0.8686,supervisor_escalation,escalation,sent,High default risk (score=0.87) - low input redemption rate; low training attendance,2026-10-06T06:45:11+00:00
F100142,high,0.617,supervisor_escalation,escalation,sent,High default risk (score=0.62) - long gap since last farm visit; weak repayment among peer group,2026-10-06T06:45:11+00:00
F100143,low,0.0005,sms_nudge,sms,delivered,Reminder: your next input redemption window is open. Visit your agrodealer this week.,2026-10-06T06:45:11+00:00
F100144,high,0.8388,supervisor_escalation,escalation,sent,High default risk (score=0.84) - weak repayment among peer group; below-average prior yield,2026-10-06T06:45:11+00:00
F100145,low,0.0014,sms_nudge,sms,delivered,Reminder: your next input redemption window is open. Visit your agrodealer this week.,2026-10-06T06:45:11+00:00
F100146,low,0.0001,sms_nudge,sms,delivered,Reminder: your next input redemption window is open. Visit your agrodealer this week.,2026-10-06T06:45:11+00:00
F100147,low,0.0,sms_nudge,sms,delivered,Reminder: your next input redemption window is open. Visit your agrodealer this week.,2026-10-06T06:45:11+00:00
F100148,low,0.0024,sms_nudge,sms,delivered,Reminder: your next input redemption window is open. Visit your agrodealer this week.,2026-10-06T06:45:11+00:00
F100149,low,0.008,sms_nudge,sms,delivered,Reminder: your next input redemption window is open. Visit your agrodealer this week.,2026-10-06T06:45:11+00:00
F100150,low,0.0036,sms_nudge,sms,failed,Reminder: your next input redemption window is open. Visit your agrodealer this week.,2026-10-06T06:45:11+00:00
F100151,low,0.0013,sms_nudge,sms,delivered,Reminder: your next input redemption window is open. Visit your agrodealer this week.,2026-10-06T06:45:11+00:00
F100152,low,0.0002,sms_nudge,sms,delivered,Reminder: your next input redemption window is open. Visit your agrodealer this week.,2026-10-06T06:45:11+00:00
F100153,low,0.0034,sms_nudge,sms,delivered,Reminder: your next input redemption window is open. Visit your agrodealer this week.,2026-10-06T06:45:11+00:00
F100154,low,0.0007,sms_nudge,sms,delivered,Reminder: your next input redemption window is open. Visit your agrodealer this week.,2026-10-06T06:45:11+00:00
F100155,low,0.0642,sms_nudge,sms,delivered,Reminder: your next input redemption window is open. Visit your agrodealer this week.,2026-10-06T06:45:11+00:00
F100156,low,0.0016,sms_nudge,sms,delivered,Reminder: your next input redemption window is open. Visit your agrodealer this week.,2026-10-06T06:45:11+00:00
F100157,low,0.0001,sms_nudge,sms,delivered,Reminder: your next input redemption window is open. Visit your agrodealer this week.,2026-10-06T06:45:11+00:00
F100158,low,0.0005,sms_nudge,sms,delivered,Reminder: your next input redemption window is open. Visit your agrodealer this week.,2026-10-06T06:45:11+00:00
F100159,low,0.0871,sms_nudge,sms,delivered,Reminder: your next input redemption window is open. Visit your agrodealer this week.,2026-10-06T06:45:11+00:00
F100160,high,0.9865,supervisor_escalation,escalation,sent,High default risk (score=0.99) - long gap since last farm visit; below-average prior yield,2026-10-06T06:45:11+00:00
F100161,low,0.0186,sms_nudge,sms,delivered,Reminder: your next input redemption window is open. Visit your agrodealer this week.,2026-10-06T06:45:11+00:00
F100162,low,0.13,sms_nudge,sms,delivered,Reminder: your next input redemption window is open. Visit your agrodealer this week.,2026-10-06T06:45:11+00:00
F100163,low,0.0013,sms_nudge,sms,delivered,Reminder: your next input redemption window is open. Visit your agrodealer this week.,2026-10-06T06:45:11+00:00
F100164,low,0.0138,sms_nudge,sms,delivered,Reminder: your next input redemption window is open. Visit your agrodealer this week.,2026-10-06T06:45:11+00:00
F100165,high,0.9052,supervisor_escalation,escalation,sent,High default risk (score=0.91) - below-average prior yield; weak repayment among peer group,2026-10-06T06:45:11+00:00
F100166,low,0.0003,sms_nudge,sms,delivered,Reminder: your next input redemption window is open. Visit your agrodealer this week.,2026-10-06T06:45:11+00:00
F100167,low,0.0527,sms_nudge,sms,delivered,Reminder: your next input redemption window is open. Visit your agrodealer this week.,2026-10-06T06:45:11+00:00
F100168,low,0.0031,sms_nudge,sms,delivered,Reminder: your next input redemption window is open. Visit your agrodealer this week.,2026-10-06T06:45:11+00:00
F100169,high,0.8909,supervisor_escalation,escalation,sent,High default risk (score=0.89) - below-average prior yield; weak repayment among peer group,2026-10-06T06:45:11+00:00
F100170,low,0.0721,sms_nudge,sms,delivered,Reminder: your next input redemption window is open. Visit your agrodealer this week.,2026-10-06T06:45:11+00:00
F100171,low,0.0561,sms_nudge,sms,delivered,Reminder: your next input redemption window is open. Visit your agrodealer this week.,2026-10-06T06:45:11+00:00
F100172,low,0.0001,sms_nudge,sms,delivered,Reminder: your next input redemption window is open. Visit your agrodealer this week.,2026-10-06T06:45:11+00:00
F100173,low,0.021,sms_nudge,sms,delivered,Reminder: your next input redemption window is open. Visit your agrodealer this week.,2026-10-06T06:45:11+00:00
F100174,low,0.032,sms_nudge,sms,delivered,Reminder: your next input redemption window is open. Visit your agrodealer this week.,2026-10-06T06:45:11+00:00
F100175,low,0.0136,sms_nudge,sms,delivered,Reminder: your next input redemption window is open. Visit your agrodealer this week.,2026-10-06T06:45:11+00:00
F100176,low,0.0005,sms_nudge,sms,delivered,Reminder: your next input redemption window is open. Visit your agrodealer this week.,2026-10-06T06:45:11+00:00
F100177,high,0.9995,supervisor_escalation,escalation,sent,High default risk (score=1.00) - long gap since last farm visit; below-average prior yield,2026-10-06T06:45:11+00:00
F100178,high,0.9974,supervisor_escalation,escalation,sent,High default risk (score=1.00) - weak repayment among peer group; long gap since last farm visit,2026-10-06T06:45:11+00:00
F100179,low,0.0046,sms_nudge,sms,failed,Reminder: your next input redemption window is open. Visit your agrodealer this week.,2026-10-06T06:45:11+00:00
F100180,low,0.0001,sms_nudge,sms,delivered,Reminder: your next input redemption window is open. Visit your agrodealer this week.,2026-10-06T06:45:11+00:00
F100181,low,0.0054,sms_nudge,sms,delivered,Reminder: your next input redemption window is open. Visit your agrodealer this week.,2026-10-06T06:45:11+00:00
F100182,low,0.0038,sms_nudge,sms,delivered,Reminder: your next input redemption window is open. Visit your agrodealer this week.,2026-10-06T06:45:11+00:00
F100183,low,0.0395,sms_nudge,sms,failed,Reminder: your next input redemption window is open. Visit your agrodealer this week.,2026-10-06T06:45:11+00:00
F100184,low,0.0051,sms_nudge,sms,delivered,Reminder: your next input redemption window is open. Visit your agrodealer this week.,2026-10-06T06:45:11+00:00
F100185,low,0.0001,sms_nudge,sms,delivered,Reminder: your next input redemption window is open. Visit your agrodealer this week.,2026-10-06T06:45:11+00:00
F100186,low,0.0359,sms_nudge,sms,delivered,Reminder: your next input redemption window is open. Visit your agrodealer this week.,2026-10-06T06:45:11+00:00
F100187,low,0.0233,sms_nudge,sms,delivered,Reminder: your next input redemption window is open. Visit your agrodealer this week.,2026-10-06T06:45:11+00:00
F100188,low,0.0027,sms_nudge,sms,delivered,Reminder: your next input redemption window is open. Visit your agrodealer this week.,2026-10-06T06:45:11+00:00
F100189,high,0.985,supervisor_escalation,escalation,sent,High default risk (score=0.98) - long gap since last farm visit; low training attendance,2026-10-06T06:45:11+00:00
F100190,low,0.0162,sms_nudge,sms,delivered,Reminder: your next input redemption window is open. Visit your agrodealer this week.,2026-10-06T06:45:11+00:00
F100191,medium,0.5653,field_agent_task,crm_task,created,Field visit follow-up (medium),2026-10-06T06:45:11+00:00
F100192,medium,0.496,field_agent_task,crm_task,created,Field visit follow-up (medium),2026-10-06T06:45:11+00:00
F100193,high,0.9953,supervisor_escalation,escalation,sent,High default risk (score=1.00) - long gap since last farm visit; weak repayment among peer group,2026-10-06T06:45:11+00:00
F100194,low,0.0003,sms_nudge,sms,delivered,Reminder: your next input redemption window is open. Visit your agrodealer this week.,2026-10-06T06:45:11+00:00
F100195,low,0.0274,sms_nudge,sms,delivered,Reminder: your next input redemption window is open. Visit your agrodealer this week.,2026-10-06T06:45:11+00:00
F100196,high,0.9912,supervisor_escalation,escalation,sent,High default risk (score=0.99) - long gap since last farm visit; low training attendance,2026-10-06T06:45:11+00:00
F100197,low,0.007,sms_nudge,sms,delivered,Reminder: your next input redemption window is open. Visit your agrodealer this week.,2026-10-06T06:45:11+00:00
F100198,high,0.8825,supervisor_escalation,escalation,sent,High default risk (score=0.88) - no active mobile money usage; low training attendance,2026-10-06T06:45:11+00:00
F100199,low,0.0095,sms_nudge,sms,delivered,Reminder: your next input redemption window is open. Visit your agrodealer this week.,2026-10-06T06:45:11+00:00
F100200,low,0.0009,sms_nudge,sms,delivered,Reminder: your next input redemption window is open. Visit your agrodealer this week.,2026-10-06T06:45:11+00:00
F100201,low,0.0974,sms_nudge,sms,delivered,Reminder: your next input redemption window is open. Visit your agrodealer this week.,2026-10-06T06:45:11+00:00
F100202,high,0.9984,supervisor_escalation,escalation,sent,High default risk (score=1.00) - long distance to nearest agrodealer; low training attendance,2026-10-06T06:45:11+00:00
F100203,low,0.008,sms_nudge,sms,delivered,Reminder: your next input redemption window is open. Visit your agrodealer this week.,2026-10-06T06:45:11+00:00
F100204,low,0.0011,sms_nudge,sms,delivered,Reminder: your next input redemption window is open. Visit your agrodealer this week.,2026-10-06T06:45:11+00:00
F100205,low,0.0182,sms_nudge,sms,delivered,Reminder: your next input redemption window is open. Visit your agrodealer this week.,2026-10-06T06:45:11+00:00
F100206,low,0.0014,sms_nudge,sms,delivered,Reminder: your next input redemption window is open. Visit your agrodealer this week.,2026-10-06T06:45:11+00:00
F100207,medium,0.4311,field_agent_task,crm_task,created,Field visit follow-up (medium),2026-10-06T06:45:11+00:00
F100208,low,0.0116,sms_nudge,sms,delivered,Reminder: your next input redemption window is open. Visit your agrodealer this week.,2026-10-06T06:45:11+00:00
F100209,low,0.0001,sms_nudge,sms,failed,Reminder: your next input redemption window is open. Visit your agrodealer this week.,2026-10-06T06:45:11+00:00
F100210,low,0.0031,sms_nudge,sms,delivered,Reminder: your next input redemption window is open. Visit your agrodealer this week.,2026-10-06T06:45:11+00:00
F100211,low,0.0024,sms_nudge,sms,delivered,Reminder: your next input redemption window is open. Visit your agrodealer this week.,2026-10-06T06:45:11+00:00
F100212,low,0.0046,sms_nudge,sms,delivered,Reminder: your next input redemption window is open. Visit your agrodealer this week.,2026-10-06T06:45:11+00:00
F100213,low,0.0688,sms_nudge,sms,delivered,Reminder: your next input redemption window is open. Visit your agrodealer this week.,2026-10-06T06:45:11+00:00
F100214,low,0.0004,sms_nudge,sms,failed,Reminder: your next input redemption window is open. Visit your agrodealer this week.,2026-10-06T06:45:11+00:00
F100215,low,0.0036,sms_nudge,sms,delivered,Reminder: your next input redemption window is open. Visit your agrodealer this week.,2026-10-06T06:45:11+00:00
F100216,low,0.0039,sms_nudge,sms,delivered,Reminder: your next input redemption window is open. Visit your agrodealer this week.,2026-10-06T06:45:11+00:00
F100217,high,0.9979,supervisor_escalation,escalation,sent,High default risk (score=1.00) - long distance to nearest agrodealer; weak repayment among peer group,2026-10-06T06:45:11+00:00
F100218,high,0.9998,supervisor_escalation,escalation,sent,High default risk (score=1.00) - long gap since last farm visit; low training attendance,2026-10-06T06:45:11+00:00
F100219,high,0.8826,supervisor_escalation,escalation,sent,High default risk (score=0.88) - no active mobile money usage; low training attendance,2026-10-06T06:45:11+00:00
F100220,low,0.0091,sms_nudge,sms,delivered,Reminder: your next input redemption window is open. Visit your agrodealer this week.,2026-10-06T06:45:11+00:00
F100221,low,0.0017,sms_nudge,sms,delivered,Reminder: your next input redemption window is open. Visit your agrodealer this week.,2026-10-06T06:45:11+00:00
F100222,low,0.0022,sms_nudge,sms,delivered,Reminder: your next input redemption window is open. Visit your agrodealer this week.,2026-10-06T06:45:11+00:00
F100223,high,0.9885,supervisor_escalation,escalation,sent,High default risk (score=0.99) - long gap since last farm visit; low input redemption rate,2026-10-06T06:45:11+00:00
F100224,low,0.0018,sms_nudge,sms,delivered,Reminder: your next input redemption window is open. Visit your agrodealer this week.,2026-10-06T06:45:11+00:00
F100225,high,0.9297,supervisor_escalation,escalation,sent,High default risk (score=0.93) - below-average prior yield; no active mobile money usage,2026-10-06T06:45:11+00:00
F100226,low,0.103,sms_nudge,sms,delivered,Reminder: your next input redemption window is open. Visit your agrodealer this week.,2026-10-06T06:45:11+00:00
F100227,high,0.9632,supervisor_escalation,escalation,sent,High default risk (score=0.96) - long gap since last farm visit; long distance to nearest agrodealer,2026-10-06T06:45:11+00:00
F100228,low,0.0131,sms_nudge,sms,delivered,Reminder: your next input redemption window is open. Visit your agrodealer this week.,2026-10-06T06:45:11+00:00
F100229,high,0.942,supervisor_escalation,escalation,sent,High default risk (score=0.94) - long gap since last farm visit; low training attendance,2026-10-06T06:45:11+00:00
F100230,low,0.0231,sms_nudge,sms,delivered,Reminder: your next input redemption window is open. Visit your agrodealer this week.,2026-10-06T06:45:11+00:00
F100231,low,0.0002,sms_nudge,sms,delivered,Reminder: your next input redemption window is open. Visit your agrodealer this week.,2026-10-06T06:45:11+00:00
F100232,low,0.0046,sms_nudge,sms,delivered,Reminder: your next input redemption window is open. Visit your agrodealer this week.,2026-10-06T06:45:11+00:00
F100233,high,0.993,supervisor_escalation,escalation,sent,High default risk (score=0.99) - weak repayment among peer group; long gap since last farm visit,2026-10-06T06:45:11+00:00
F100234,low,0.0025,sms_nudge,sms,delivered,Reminder: your next input redemption window is open. Visit your agrodealer this week.,2026-10-06T06:45:11+00:00
F100235,high,0.6133,supervisor_escalation,escalation,sent,High default risk (score=0.61) - long distance to nearest agrodealer; below-average prior yield,2026-10-06T06:45:11+00:00
F100236,low,0.0058,sms_nudge,sms,delivered,Reminder: your next input redemption window is open. Visit your agrodealer this week.,2026-10-06T06:45:11+00:00
F100237,low,0.0102,sms_nudge,sms,delivered,Reminder: your next input redemption window is open. Visit your agrodealer this week.,2026-10-06T06:45:11+00:00
F100238,low,0.0014,sms_nudge,sms,delivered,Reminder: your next input redemption window is open. Visit your agrodealer this week.,2026-10-06T06:45:11+00:00
F100239,high,0.8441,supervisor_escalation,escalation,sent,High default risk (score=0.84) - no active mobile money usage; below-average prior yield,2026-10-06T06:45:11+00:00
F100240,low,0.0909,sms_nudge,sms,delivered,Reminder: your next input redemption window is open. Visit your agrodealer this week.,2026-10-06T06:45:11+00:00
F100241,low,0.0347,sms_nudge,sms,delivered,Reminder: your next input redemption window is open. Visit your agrodealer this week.,2026-10-06T06:45:11+00:00
F100242,low,0.0349,sms_nudge,sms,delivered,Reminder: your next input redemption window is open. Visit your agrodealer this week.,2026-10-06T06:45:11+00:00
F100243,low,0.0004,sms_nudge,sms,delivered,Reminder: your next input redemption window is open. Visit your agrodealer this week.,2026-10-06T06:45:11+00:00
F100244,high,0.9749,supervisor_escalation,escalation,sent,High default risk (score=0.97) - low input redemption rate; weak repayment among peer group,2026-10-06T06:45:11+00:00
F100245,high,0.654,supervisor_escalation,escalation,sent,High default risk (score=0.65) - low training attendance; long gap since last farm visit,2026-10-06T06:45:11+00:00
F100246,low,0.0046,sms_nudge,sms,delivered,Reminder: your next input redemption window is open. Visit your agrodealer this week.,2026-10-06T06:45:11+00:00
F100247,low,0.1103,sms_nudge,sms,delivered,Reminder: your next input redemption window is open. Visit your agrodealer this week.,2026-10-06T06:45:11+00:00
F100248,low,0.0003,sms_nudge,sms,failed,Reminder: your next input redemption window is open. Visit your agrodealer this week.,2026-10-06T06:45:11+00:00
F100249,high,0.9865,supervisor_escalation,escalation,sent,High default risk (score=0.99) - long gap since last farm visit; below-average prior yield,2026-10-06T06:45:11+00:00
F100250,low,0.0026,sms_nudge,sms,failed,Reminder: your next input redemption window is open. Visit your agrodealer this week.,2026-10-06T06:45:11+00:00
F100251,low,0.0073,sms_nudge,sms,delivered,Reminder: your next input redemption window is open. Visit your agrodealer this week.,2026-10-06T06:45:11+00:00
F100252,low,0.0072,sms_nudge,sms,delivered,Reminder: your next input redemption window is open. Visit your agrodealer this week.,2026-10-06T06:45:11+00:00
F100253,low,0.0098,sms_nudge,sms,delivered,Reminder: your next input redemption window is open. Visit your agrodealer this week.,2026-10-06T06:45:11+00:00
F100254,low,0.002,sms_nudge,sms,delivered,Reminder: your next input redemption window is open. Visit your agrodealer this week.,2026-10-06T06:45:11+00:00
F100255,low,0.0587,sms_nudge,sms,delivered,Reminder: your next input redemption window is open. Visit your agrodealer this week.,2026-10-06T06:45:11+00:00
F100256,low,0.0004,sms_nudge,sms,delivered,Reminder: your next input redemption window is open. Visit your agrodealer this week.,2026-10-06T06:45:11+00:00
F100257,low,0.0015,sms_nudge,sms,delivered,Reminder: your next input redemption window is open. Visit your agrodealer this week.,2026-10-06T06:45:11+00:00
F100258,high,0.9515,supervisor_escalation,escalation,sent,High default risk (score=0.95) - long gap since last farm visit; long distance to nearest agrodealer,2026-10-06T06:45:11+00:00
F100259,high,0.9684,supervisor_escalation,escalation,sent,High default risk (score=0.97) - low input redemption rate; no active mobile money usage,2026-10-06T06:45:11+00:00
F100260,low,0.0002,sms_nudge,sms,delivered,Reminder: your next input redemption window is open. Visit your agrodealer this week.,2026-10-06T06:45:11+00:00
F100261,high,0.9406,supervisor_escalation,escalation,sent,High default risk (score=0.94) - long gap since last farm visit; low input redemption rate,2026-10-06T06:45:11+00:00
F100262,low,0.0077,sms_nudge,sms,delivered,Reminder: your next input redemption window is open. Visit your agrodealer this week.,2026-10-06T06:45:11+00:00
F100263,high,1.0,supervisor_escalation,escalation,sent,High default risk (score=1.00) - long gap since last farm visit; low training attendance,2026-10-06T06:45:11+00:00
F100264,low,0.023,sms_nudge,sms,delivered,Reminder: your next input redemption window is open. Visit your agrodealer this week.,2026-10-06T06:45:11+00:00
F100265,high,0.9999,supervisor_escalation,escalation,sent,High default risk (score=1.00) - low input redemption rate; long gap since last farm visit,2026-10-06T06:45:11+00:00
F100266,high,0.9998,supervisor_escalation,escalation,sent,High default risk (score=1.00) - low input redemption rate; weak repayment among peer group,2026-10-06T06:45:11+00:00
F100267,low,0.004,sms_nudge,sms,delivered,Reminder: your next input redemption window is open. Visit your agrodealer this week.,2026-10-06T06:45:11+00:00
F100268,low,0.0008,sms_nudge,sms,delivered,Reminder: your next input redemption window is open. Visit your agrodealer this week.,2026-10-06T06:45:11+00:00
F100269,low,0.0012,sms_nudge,sms,delivered,Reminder: your next input redemption window is open. Visit your agrodealer this week.,2026-10-06T06:45:11+00:00
F100270,low,0.0588,sms_nudge,sms,delivered,Reminder: your next input redemption window is open. Visit your agrodealer this week.,2026-10-06T06:45:11+00:00
F100271,low,0.0287,sms_nudge,sms,delivered,Reminder: your next input redemption window is open. Visit your agrodealer this week.,2026-10-06T06:45:11+00:00
F100272,low,0.0212,sms_nudge,sms,delivered,Reminder: your next input redemption window is open. Visit your agrodealer this week.,2026-10-06T06:45:11+00:00
F100273,low,0.0029,sms_nudge,sms,delivered,Reminder: your next input redemption window is open. Visit your agrodealer this week.,2026-10-06T06:45:11+00:00
F100274,low,0.0003,sms_nudge,sms,delivered,Reminder: your next input redemption window is open. Visit your agrodealer this week.,2026-10-06T06:45:11+00:00
F100275,high,0.9344,supervisor_escalation,escalation,sent,High default risk (score=0.93) - weak repayment among peer group; long gap since last farm visit,2026-10-06T06:45:11+00:00
F100276,low,0.0171,sms_nudge,sms,delivered,Reminder: your next input redemption window is open. Visit your agrodealer this week.,2026-10-06T06:45:11+00:00
F100277,low,0.0006,sms_nudge,sms,delivered,Reminder: your next input redemption window is open. Visit your agrodealer this week.,2026-10-06T06:45:11+00:00
F100278,low,0.0001,sms_nudge,sms,delivered,Reminder: your next input redemption window is open. Visit your agrodealer this week.,2026-10-06T06:45:11+00:00
F100279,low,0.0024,sms_nudge,sms,delivered,Reminder: your next input redemption window is open. Visit your agrodealer this week.,2026-10-06T06:45:11+00:00
F100280,low,0.0001,sms_nudge,sms,delivered,Reminder: your next input redemption window is open. Visit your agrodealer this week.,2026-10-06T06:45:11+00:00
F100281,low,0.0572,sms_nudge,sms,delivered,Reminder: your next input redemption window is open. Visit your agrodealer this week.,2026-10-06T06:45:11+00:00
F100282,high,0.9998,supervisor_escalation,escalation,sent,High default risk (score=1.00) - long gap since last farm visit; low training attendance,2026-10-06T06:45:11+00:00
F100283,low,0.0504,sms_nudge,sms,delivered,Reminder: your next input redemption window is open. Visit your agrodealer this week.,2026-10-06T06:45:11+00:00
F100284,low,0.0002,sms_nudge,sms,delivered,Reminder: your next input redemption window is open. Visit your agrodealer this week.,2026-10-06T06:45:11+00:00
F100285,low,0.0028,sms_nudge,sms,delivered,Reminder: your next input redemption window is open. Visit your agrodealer this week.,2026-10-06T06:45:11+00:00
F100286,low,0.0191,sms_nudge,sms,delivered,Reminder: your next input redemption window is open. Visit your agrodealer this week.,2026-10-06T06:45:11+00:00
F100287,low,0.0172,sms_nudge,sms,delivered,Reminder: your next input redemption window is open. Visit your agrodealer this week.,2026-10-06T06:45:11+00:00
F100288,high,0.9719,supervisor_escalation,escalation,sent,High default risk (score=0.97) - weak repayment among peer group; long distance to nearest agrodealer,2026-10-06T06:45:11+00:00
F100289,low,0.072,sms_nudge,sms,delivered,Reminder: your next input redemption window is open. Visit your agrodealer this week.,2026-10-06T06:45:11+00:00
F100290,low,0.0295,sms_nudge,sms,delivered,Reminder: your next input redemption window is open. Visit your agrodealer this week.,2026-10-06T06:45:11+00:00
F100291,low,0.001,sms_nudge,sms,delivered,Reminder: your next input redemption window is open. Visit your agrodealer this week.,2026-10-06T06:45:11+00:00
F100292,low,0.0159,sms_nudge,sms,delivered,Reminder: your next input redemption window is open. Visit your agrodealer this week.,2026-10-06T06:45:11+00:00
F100293,low,0.005,sms_nudge,sms,delivered,Reminder: your next input redemption window is open. Visit your agrodealer this week.,2026-10-06T06:45:11+00:00
F100294,low,0.0001,sms_nudge,sms,delivered,Reminder: your next input redemption window is open. Visit your agrodealer this week.,2026-10-06T06:45:11+00:00
F100295,low,0.0001,sms_nudge,sms,delivered,Reminder: your next input redemption window is open. Visit your agrodealer this week.,2026-10-06T06:45:11+00:00
F100296,high,0.9842,supervisor_escalation,escalation,sent,High default risk (score=0.98) - long gap since last farm visit; low input redemption rate,2026-10-06T06:45:11+00:00
F100297,low,0.0,sms_nudge,sms,delivered,Reminder: your next input redemption window is open. Visit your agrodealer this week.,2026-10-06T06:45:11+00:00
F100298,low,0.0016,sms_nudge,sms,delivered,Reminder: your next input redemption window is open. Visit your agrodealer this week.,2026-10-06T06:45:11+00:00
F100299,high,0.9657,supervisor_escalation,escalation,sent,High default risk (score=0.97) - low input redemption rate; no active mobile money usage,2026-10-06T06:45:11+00:00
F100300,low,0.004,sms_nudge,sms,delivered,Reminder: your next input redemption window is open. Visit your agrodealer this week.,2026-10-06T06:45:11+00:00
F100301,high,0.9247,supervisor_escalation,escalation,sent,High default risk (score=0.92) - low input redemption rate; no active mobile money usage,2026-10-06T06:45:11+00:00
F100302,high,0.8875,supervisor_escalation,escalation,sent,High default risk (score=0.89) - low input redemption rate; long distance to nearest agrodealer,2026-10-06T06:45:11+00:00
F100303,low,0.0021,sms_nudge,sms,delivered,Reminder: your next input redemption window is open. Visit your agrodealer this week.,2026-10-06T06:45:11+00:00
F100304,low,0.025,sms_nudge,sms,delivered,Reminder: your next input redemption window is open. Visit your agrodealer this week.,2026-10-06T06:45:11+00:00
F100305,high,0.9466,supervisor_escalation,escalation,sent,High default risk (score=0.95) - below-average prior yield; no active mobile money usage,2026-10-06T06:45:11+00:00
F100306,low,0.0422,sms_nudge,sms,delivered,Reminder: your next input redemption window is open. Visit your agrodealer this week.,2026-10-06T06:45:11+00:00
F100307,high,0.9694,supervisor_escalation,escalation,sent,High default risk (score=0.97) - below-average prior yield; low input redemption rate,2026-10-06T06:45:11+00:00
F100308,high,0.9795,supervisor_escalation,escalation,sent,High default risk (score=0.98) - low input redemption rate; weak repayment among peer group,2026-10-06T06:45:11+00:00
F100309,low,0.0023,sms_nudge,sms,delivered,Reminder: your next input redemption window is open. Visit your agrodealer this week.,2026-10-06T06:45:11+00:00
F100310,low,0.0036,sms_nudge,sms,delivered,Reminder: your next input redemption window is open. Visit your agrodealer this week.,2026-10-06T06:45:11+00:00
F100311,low,0.0002,sms_nudge,sms,delivered,Reminder: your next input redemption window is open. Visit your agrodealer this week.,2026-10-06T06:45:11+00:00
F100312,low,0.03,sms_nudge,sms,delivered,Reminder: your next input redemption window is open. Visit your agrodealer this week.,2026-10-06T06:45:11+00:00
F100313,low,0.0312,sms_nudge,sms,failed,Reminder: your next input redemption window is open. Visit your agrodealer this week.,2026-10-06T06:45:11+00:00
F100314,low,0.0616,sms_nudge,sms,delivered,Reminder: your next input redemption window is open. Visit your agrodealer this week.,2026-10-06T06:45:11+00:00
F100315,high,0.8884,supervisor_escalation,escalation,sent,High default risk (score=0.89) - long gap since last farm visit; low input redemption rate,2026-10-06T06:45:11+00:00
F100316,low,0.0088,sms_nudge,sms,delivered,Reminder: your next input redemption window is open. Visit your agrodealer this week.,2026-10-06T06:45:11+00:00
F100317,low,0.0008,sms_nudge,sms,delivered,Reminder: your next input redemption window is open. Visit your agrodealer this week.,2026-10-06T06:45:11+00:00
F100318,low,0.1651,sms_nudge,sms,delivered,Reminder: your next input redemption window is open. Visit your agrodealer this week.,2026-10-06T06:45:11+00:00
F100319,low,0.0005,sms_nudge,sms,delivered,Reminder: your next input redemption window is open. Visit your agrodealer this week.,2026-10-06T06:45:11+00:00
F100320,low,0.0002,sms_nudge,sms,delivered,Reminder: your next input redemption window is open. Visit your agrodealer this week.,2026-10-06T06:45:11+00:00
F100321,high,0.9982,supervisor_escalation,escalation,sent,High default risk (score=1.00) - long gap since last farm visit; no active mobile money usage,2026-10-06T06:45:11+00:00
F100322,low,0.0106,sms_nudge,sms,delivered,Reminder: your next input redemption window is open. Visit your agrodealer this week.,2026-10-06T06:45:11+00:00
F100323,low,0.0009,sms_nudge,sms,delivered,Reminder: your next input redemption window is open. Visit your agrodealer this week.,2026-10-06T06:45:11+00:00
F100324,high,0.972,supervisor_escalation,escalation,sent,High default risk (score=0.97) - low training attendance; long gap since last farm visit,2026-10-06T06:45:11+00:00
F100325,high,0.9965,supervisor_escalation,escalation,sent,High default risk (score=1.00) - long gap since last farm visit; no active mobile money usage,2026-10-06T06:45:11+00:00
F100326,low,0.0132,sms_nudge,sms,delivered,Reminder: your next input redemption window is open. Visit your agrodealer this week.,2026-10-06T06:45:11+00:00
F100327,low,0.0478,sms_nudge,sms,delivered,Reminder: your next input redemption window is open. Visit your agrodealer this week.,2026-10-06T06:45:11+00:00
F100328,low,0.0004,sms_nudge,sms,delivered,Reminder: your next input redemption window is open. Visit your agrodealer this week.,2026-10-06T06:45:11+00:00
F100329,low,0.0065,sms_nudge,sms,delivered,Reminder: your next input redemption window is open. Visit your agrodealer this week.,2026-10-06T06:45:11+00:00
F100330,low,0.007,sms_nudge,sms,delivered,Reminder: your next input redemption window is open. Visit your agrodealer this week.,2026-10-06T06:45:11+00:00
F100331,low,0.0003,sms_nudge,sms,delivered,Reminder: your next input redemption window is open. Visit your agrodealer this week.,2026-10-06T06:45:11+00:00
F100332,low,0.001,sms_nudge,sms,delivered,Reminder: your next input redemption window is open. Visit your agrodealer this week.,2026-10-06T06:45:11+00:00
F100333,high,0.9238,supervisor_escalation,escalation,sent,High default risk (score=0.92) - long gap since last farm visit; no active mobile money usage,2026-10-06T06:45:11+00:00
F100334,low,0.0053,sms_nudge,sms,delivered,Reminder: your next input redemption window is open. Visit your agrodealer this week.,2026-10-06T06:45:11+00:00
F100335,low,0.0197,sms_nudge,sms,delivered,Reminder: your next input redemption window is open. Visit your agrodealer this week.,2026-10-06T06:45:11+00:00
F100336,low,0.0013,sms_nudge,sms,delivered,Reminder: your next input redemption window is open. Visit your agrodealer this week.,2026-10-06T06:45:11+00:00
F100337,low,0.0007,sms_nudge,sms,delivered,Reminder: your next input redemption window is open. Visit your agrodealer this week.,2026-10-06T06:45:11+00:00
F100338,low,0.0017,sms_nudge,sms,delivered,Reminder: your next input redemption window is open. Visit your agrodealer this week.,2026-10-06T06:45:11+00:00
F100339,low,0.0003,sms_nudge,sms,delivered,Reminder: your next input redemption window is open. Visit your agrodealer this week.,2026-10-06T06:45:11+00:00
F100340,high,0.9867,supervisor_escalation,escalation,sent,High default risk (score=0.99) - low input redemption rate; no active mobile money usage,2026-10-06T06:45:11+00:00
F100341,low,0.0022,sms_nudge,sms,delivered,Reminder: your next input redemption window is open. Visit your agrodealer this week.,2026-10-06T06:45:11+00:00
F100342,low,0.0072,sms_nudge,sms,delivered,Reminder: your next input redemption window is open. Visit your agrodealer this week.,2026-10-06T06:45:11+00:00
F100343,high,0.7757,supervisor_escalation,escalation,sent,High default risk (score=0.78) - long gap since last farm visit; long distance to nearest agrodealer,2026-10-06T06:45:11+00:00
F100344,low,0.0204,sms_nudge,sms,delivered,Reminder: your next input redemption window is open. Visit your agrodealer this week.,2026-10-06T06:45:11+00:00
F100345,low,0.0002,sms_nudge,sms,delivered,Reminder: your next input redemption window is open. Visit your agrodealer this week.,2026-10-06T06:45:11+00:00
F100346,low,0.0104,sms_nudge,sms,failed,Reminder: your next input redemption window is open. Visit your agrodealer this week.,2026-10-06T06:45:11+00:00
F100347,low,0.0008,sms_nudge,sms,delivered,Reminder: your next input redemption window is open. Visit your agrodealer this week.,2026-10-06T06:45:11+00:00
F100348,high,0.9826,supervisor_escalation,escalation,sent,High default risk (score=0.98) - long gap since last farm visit; weak repayment among peer group,2026-10-06T06:45:11+00:00
F100349,low,0.0692,sms_nudge,sms,delivered,Reminder: your next input redemption window is open. Visit your agrodealer this week.,2026-10-06T06:45:11+00:00
F100350,low,0.0394,sms_nudge,sms,failed,Reminder: your next input redemption window is open. Visit your agrodealer this week.,2026-10-06T06:45:11+00:00
F100351,high,0.9954,supervisor_escalation,escalation,sent,High default risk (score=1.00) - low training attendance; below-average prior yield,2026-10-06T06:45:11+00:00
F100352,low,0.0042,sms_nudge,sms,delivered,Reminder: your next input redemption window is open. Visit your agrodealer this week.,2026-10-06T06:45:11+00:00
F100353,low,0.0,sms_nudge,sms,delivered,Reminder: your next input redemption window is open. Visit your agrodealer this week.,2026-10-06T06:45:11+00:00
F100354,high,0.9106,supervisor_escalation,escalation,sent,High default risk (score=0.91) - weak repayment among peer group; low input redemption rate,2026-10-06T06:45:11+00:00
F100355,high,0.9453,supervisor_escalation,escalation,sent,High default risk (score=0.95) - long distance to nearest agrodealer; low input redemption rate,2026-10-06T06:45:11+00:00
F100356,low,0.0035,sms_nudge,sms,delivered,Reminder: your next input redemption window is open. Visit your agrodealer this week.,2026-10-06T06:45:11+00:00
F100357,low,0.0333,sms_nudge,sms,delivered,Reminder: your next input redemption window is open. Visit your agrodealer this week.,2026-10-06T06:45:11+00:00
F100358,low,0.0006,sms_nudge,sms,delivered,Reminder: your next input redemption window is open. Visit your agrodealer this week.,2026-10-06T06:45:11+00:00
F100359,low,0.0069,sms_nudge,sms,delivered,Reminder: your next input redemption window is open. Visit your agrodealer this week.,2026-10-06T06:45:11+00:00
F100360,low,0.0002,sms_nudge,sms,delivered,Reminder: your next input redemption window is open. Visit your agrodealer this week.,2026-10-06T06:45:11+00:00
F100361,high,0.9495,supervisor_escalation,escalation,sent,High default risk (score=0.95) - long gap since last farm visit; weak repayment among peer group,2026-10-06T06:45:11+00:00
F100362,low,0.0146,sms_nudge,sms,delivered,Reminder: your next input redemption window is open. Visit your agrodealer this week.,2026-10-06T06:45:11+00:00
F100363,low,0.0004,sms_nudge,sms,delivered,Reminder: your next input redemption window is open. Visit your agrodealer this week.,2026-10-06T06:45:11+00:00
F100364,low,0.0249,sms_nudge,sms,delivered,Reminder: your next input redemption window is open. Visit your agrodealer this week.,2026-10-06T06:45:11+00:00
F100365,low,0.0082,sms_nudge,sms,delivered,Reminder: your next input redemption window is open. Visit your agrodealer this week.,2026-10-06T06:45:11+00:00
F100366,high,0.9477,supervisor_escalation,escalation,sent,High default risk (score=0.95) - weak repayment among peer group; low input redemption rate,2026-10-06T06:45:11+00:00
F100367,low,0.0012,sms_nudge,sms,delivered,Reminder: your next input redemption window is open. Visit your agrodealer this week.,2026-10-06T06:45:11+00:00
F100368,low,0.0095,sms_nudge,sms,delivered,Reminder: your next input redemption window is open. Visit your agrodealer this week.,2026-10-06T06:45:11+00:00
F100369,low,0.0026,sms_nudge,sms,delivered,Reminder: your next input redemption window is open. Visit your agrodealer this week.,2026-10-06T06:45:11+00:00
F100370,high,0.9991,supervisor_escalation,escalation,sent,High default risk (score=1.00) - low input redemption rate; below-average prior yield,2026-10-06T06:45:11+00:00
F100371,low,0.0004,sms_nudge,sms,delivered,Reminder: your next input redemption window is open. Visit your agrodealer this week.,2026-10-06T06:45:11+00:00
F100372,low,0.0002,sms_nudge,sms,delivered,Reminder: your next input redemption window is open. Visit your agrodealer this week.,2026-10-06T06:45:11+00:00
F100373,high,0.9019,supervisor_escalation,escalation,sent,High default risk (score=0.90) - low input redemption rate; low training attendance,2026-10-06T06:45:11+00:00
F100374,low,0.0009,sms_nudge,sms,delivered,Reminder: your next input redemption window is open. Visit your agrodealer this week.,2026-10-06T06:45:11+00:00
F100375,high,0.8993,supervisor_escalation,escalation,sent,High default risk (score=0.90) - low training attendance; long gap since last farm visit,2026-10-06T06:45:11+00:00
F100376,low,0.0198,sms_nudge,sms,delivered,Reminder: your next input redemption window is open. Visit your agrodealer this week.,2026-10-06T06:45:11+00:00
F100377,low,0.0004,sms_nudge,sms,delivered,Reminder: your next input redemption window is open. Visit your agrodealer this week.,2026-10-06T06:45:11+00:00
F100378,high,0.9974,supervisor_escalation,escalation,sent,High default risk (score=1.00) - low training attendance; low input redemption rate,2026-10-06T06:45:11+00:00
F100379,low,0.0001,sms_nudge,sms,delivered,Reminder: your next input redemption window is open. Visit your agrodealer this week.,2026-10-06T06:45:11+00:00
F100380,low,0.0204,sms_nudge,sms,delivered,Reminder: your next input redemption window is open. Visit your agrodealer this week.,2026-10-06T06:45:11+00:00
F100381,high,0.9946,supervisor_escalation,escalation,sent,High default risk (score=0.99) - long distance to nearest agrodealer; low training attendance,2026-10-06T06:45:11+00:00
F100382,low,0.0052,sms_nudge,sms,delivered,Reminder: your next input redemption window is open. Visit your agrodealer this week.,2026-10-06T06:45:11+00:00
F100383,high,0.9781,supervisor_escalation,escalation,sent,High default risk (score=0.98) - no active mobile money usage; low input redemption rate,2026-10-06T06:45:11+00:00
F100384,low,0.0018,sms_nudge,sms,delivered,Reminder: your next input redemption window is open. Visit your agrodealer this week.,2026-10-06T06:45:11+00:00
F100385,low,0.0202,sms_nudge,sms,delivered,Reminder: your next input redemption window is open. Visit your agrodealer this week.,2026-10-06T06:45:11+00:00
F100386,low,0.0015,sms_nudge,sms,delivered,Reminder: your next input redemption window is open. Visit your agrodealer this week.,2026-10-06T06:45:11+00:00
F100387,low,0.0246,sms_nudge,sms,delivered,Reminder: your next input redemption window is open. Visit your agrodealer this week.,2026-10-06T06:45:11+00:00
F100388,low,0.0004,sms_nudge,sms,delivered,Reminder: your next input redemption window is open. Visit your agrodealer this week.,2026-10-06T06:45:11+00:00
F100389,low,0.0004,sms_nudge,sms,delivered,Reminder: your next input redemption window is open. Visit your agrodealer this week.,2026-10-06T06:45:11+00:00
F100390,low,0.0218,sms_nudge,sms,delivered,Reminder: your next input redemption window is open. Visit your agrodealer this week.,2026-10-06T06:45:11+00:00
F100391,low,0.0002,sms_nudge,sms,delivered,Reminder: your next input redemption window is open. Visit your agrodealer this week.,2026-10-06T06:45:11+00:00
F100392,low,0.0006,sms_nudge,sms,delivered,Reminder: your next input redemption window is open. Visit your agrodealer this week.,2026-10-06T06:45:11+00:00
F100393,low,0.0104,sms_nudge,sms,delivered,Reminder: your next input redemption window is open. Visit your agrodealer this week.,2026-10-06T06:45:11+00:00
F100394,medium,0.3469,field_agent_task,crm_task,created,Field visit follow-up (medium),2026-10-06T06:45:11+00:00
F100395,low,0.0021,sms_nudge,sms,delivered,Reminder: your next input redemption window is open. Visit your agrodealer this week.,2026-10-06T06:45:11+00:00
F100396,low,0.0027,sms_nudge,sms,delivered,Reminder: your next input redemption window is open. Visit your agrodealer this week.,2026-10-06T06:45:11+00:00
F100397,low,0.0182,sms_nudge,sms,delivered,Reminder: your next input redemption window is open. Visit your agrodealer this week.,2026-10-06T06:45:11+00:00
F100398,low,0.0029,sms_nudge,sms,delivered,Reminder: your next input redemption window is open. Visit your agrodealer this week.,2026-10-06T06:45:11+00:00
F100399,low,0.0003,sms_nudge,sms,delivered,Reminder: your next input redemption window is open. Visit your agrodealer this week.,2026-10-06T06:45:11+00:00
F100400,low,0.0173,sms_nudge,sms,delivered,Reminder: your next input redemption window is open. Visit your agrodealer this week.,2026-10-06T06:45:11+00:00
F100401,high,0.9785,supervisor_escalation,escalation,sent,High default risk (score=0.98) - below-average prior yield; low training attendance,2026-10-06T06:45:11+00:00
F100402,low,0.0937,sms_nudge,sms,delivered,Reminder: your next input redemption window is open. Visit your agrodealer this week.,2026-10-06T06:45:11+00:00
F100403,medium,0.3779,field_agent_task,crm_task,created,Field visit follow-up (medium),2026-10-06T06:45:11+00:00
F100404,high,0.9999,supervisor_escalation,escalation,sent,High default risk (score=1.00) - low training attendance; long distance to nearest agrodealer,2026-10-06T06:45:11+00:00
F100405,low,0.0012,sms_nudge,sms,delivered,Reminder: your next input redemption window is open. Visit your agrodealer this week.,2026-10-06T06:45:11+00:00
F100406,low,0.007,sms_nudge,sms,delivered,Reminder: your next input redemption window is open. Visit your agrodealer this week.,2026-10-06T06:45:11+00:00
F100407,low,0.0001,sms_nudge,sms,delivered,Reminder: your next input redemption window is open. Visit your agrodealer this week.,2026-10-06T06:45:11+00:00
F100408,high,0.9915,supervisor_escalation,escalation,sent,High default risk (score=0.99) - long gap since last farm visit; low input redemption rate,2026-10-06T06:45:11+00:00
F100409,low,0.0004,sms_nudge,sms,delivered,Reminder: your next input redemption window is open. Visit your agrodealer this week.,2026-10-06T06:45:11+00:00
F100410,high,0.9422,supervisor_escalation,escalation,sent,High default risk (score=0.94) - low input redemption rate; weak repayment among peer group,2026-10-06T06:45:11+00:00
F100411,high,0.9137,supervisor_escalation,escalation,sent,High default risk (score=0.91) - weak repayment among peer group; long gap since last farm visit,2026-10-06T06:45:11+00:00
F100412,high,1.0,supervisor_escalation,escalation,sent,High default risk (score=1.00) - long gap since last farm visit; low training attendance,2026-10-06T06:45:11+00:00
F100413,low,0.0026,sms_nudge,sms,delivered,Reminder: your next input redemption window is open. Visit your agrodealer this week.,2026-10-06T06:45:11+00:00
F100414,low,0.0002,sms_nudge,sms,delivered,Reminder: your next input redemption window is open. Visit your agrodealer this week.,2026-10-06T06:45:11+00:00
F100415,low,0.0007,sms_nudge,sms,delivered,Reminder: your next input redemption window is open. Visit your agrodealer this week.,2026-10-06T06:45:11+00:00
F100416,low,0.0022,sms_nudge,sms,delivered,Reminder: your next input redemption window is open. Visit your agrodealer this week.,2026-10-06T06:45:11+00:00
F100417,low,0.0278,sms_nudge,sms,delivered,Reminder: your next input redemption window is open. Visit your agrodealer this week.,2026-10-06T06:45:11+00:00
F100418,low,0.0018,sms_nudge,sms,delivered,Reminder: your next input redemption window is open. Visit your agrodealer this week.,2026-10-06T06:45:11+00:00
F100419,low,0.0006,sms_nudge,sms,delivered,Reminder: your next input redemption window is open. Visit your agrodealer this week.,2026-10-06T06:45:11+00:00
F100420,low,0.011,sms_nudge,sms,delivered,Reminder: your next input redemption window is open. Visit your agrodealer this week.,2026-10-06T06:45:11+00:00
F100421,high,0.948,supervisor_escalation,escalation,sent,High default risk (score=0.95) - no active mobile money usage; low training attendance,2026-10-06T06:45:11+00:00
F100422,low,0.0012,sms_nudge,sms,delivered,Reminder: your next input redemption window is open. Visit your agrodealer this week.,2026-10-06T06:45:11+00:00
F100423,low,0.0002,sms_nudge,sms,delivered,Reminder: your next input redemption window is open. Visit your agrodealer this week.,2026-10-06T06:45:11+00:00
F100424,high,0.9429,supervisor_escalation,escalation,sent,High default risk (score=0.94) - long gap since last farm visit; long distance to nearest agrodealer,2026-10-06T06:45:11+00:00
F100425,low,0.0023,sms_nudge,sms,delivered,Reminder: your next input redemption window is open. Visit your agrodealer this week.,2026-10-06T06:45:11+00:00
F100426,high,0.9995,supervisor_escalation,escalation,sent,High default risk (score=1.00) - weak repayment among peer group; low training attendance,2026-10-06T06:45:11+00:00
F100427,low,0.0595,sms_nudge,sms,delivered,Reminder: your next input redemption window is open. Visit your agrodealer this week.,2026-10-06T06:45:11+00:00
F100428,low,0.0739,sms_nudge,sms,delivered,Reminder: your next input redemption window is open. Visit your agrodealer this week.,2026-10-06T06:45:11+00:00
F100429,high,0.9811,supervisor_escalation,escalation,sent,High default risk (score=0.98) - weak repayment among peer group; below-average prior yield,2026-10-06T06:45:11+00:00
F100430,high,0.991,supervisor_escalation,escalation,sent,High default risk (score=0.99) - long gap since last farm visit; no active mobile money usage,2026-10-06T06:45:11+00:00
F100431,low,0.0172,sms_nudge,sms,delivered,Reminder: your next input redemption window is open. Visit your agrodealer this week.,2026-10-06T06:45:11+00:00
F100432,high,0.9985,supervisor_escalation,escalation,sent,High default risk (score=1.00) - weak repayment among peer group; low input redemption rate,2026-10-06T06:45:11+00:00
F100433,low,0.0002,sms_nudge,sms,delivered,Reminder: your next input redemption window is open. Visit your agrodealer this week.,2026-10-06T06:45:11+00:00
F100434,low,0.0157,sms_nudge,sms,delivered,Reminder: your next input redemption window is open. Visit your agrodealer this week.,2026-10-06T06:45:11+00:00
F100435,low,0.0003,sms_nudge,sms,delivered,Reminder: your next input redemption window is open. Visit your agrodealer this week.,2026-10-06T06:45:11+00:00
F100436,low,0.0239,sms_nudge,sms,delivered,Reminder: your next input redemption window is open. Visit your agrodealer this week.,2026-10-06T06:45:11+00:00
F100437,low,0.0007,sms_nudge,sms,delivered,Reminder: your next input redemption window is open. Visit your agrodealer this week.,2026-10-06T06:45:11+00:00
F100438,low,0.0034,sms_nudge,sms,failed,Reminder: your next input redemption window is open. Visit your agrodealer this week.,2026-10-06T06:45:11+00:00
F100439,low,0.005,sms_nudge,sms,delivered,Reminder: your next input redemption window is open. Visit your agrodealer this week.,2026-10-06T06:45:11+00:00
F100440,low,0.0003,sms_nudge,sms,delivered,Reminder: your next input redemption window is open. Visit your agrodealer this week.,2026-10-06T06:45:11+00:00
F100441,low,0.0004,sms_nudge,sms,failed,Reminder: your next input redemption window is open. Visit your agrodealer this week.,2026-10-06T06:45:11+00:00
F100442,low,0.0012,sms_nudge,sms,delivered,Reminder: your next input redemption window is open. Visit your agrodealer this week.,2026-10-06T06:45:11+00:00
F100443,low,0.2869,sms_nudge,sms,delivered,Reminder: your next input redemption window is open. Visit your agrodealer this week.,2026-10-06T06:45:11+00:00
F100444,high,1.0,supervisor_escalation,escalation,sent,High default risk (score=1.00) - long gap since last farm visit; low input redemption rate,2026-10-06T06:45:11+00:00
F100445,low,0.0633,sms_nudge,sms,delivered,Reminder: your next input redemption window is open. Visit your agrodealer this week.,2026-10-06T06:45:11+00:00
F100446,low,0.0033,sms_nudge,sms,delivered,Reminder: your next input redemption window is open. Visit your agrodealer this week.,2026-10-06T06:45:11+00:00
F100447,low,0.0976,sms_nudge,sms,delivered,Reminder: your next input redemption window is open. Visit your agrodealer this week.,2026-10-06T06:45:11+00:00
F100448,low,0.0004,sms_nudge,sms,delivered,Reminder: your next input redemption window is open. Visit your agrodealer this week.,2026-10-06T06:45:11+00:00
F100449,high,0.8198,supervisor_escalation,escalation,sent,High default risk (score=0.82) - below-average prior yield; low training attendance,2026-10-06T06:45:11+00:00
F100450,high,0.998,supervisor_escalation,escalation,sent,High default risk (score=1.00) - weak repayment among peer group; long gap since last farm visit,2026-10-06T06:45:11+00:00
F100451,low,0.0036,sms_nudge,sms,delivered,Reminder: your next input redemption window is open. Visit your agrodealer this week.,2026-10-06T06:45:11+00:00
F100452,low,0.0021,sms_nudge,sms,delivered,Reminder: your next input redemption window is open. Visit your agrodealer this week.,2026-10-06T06:45:11+00:00
F100453,low,0.0004,sms_nudge,sms,delivered,Reminder: your next input redemption window is open. Visit your agrodealer this week.,2026-10-06T06:45:11+00:00
F100454,high,0.9725,supervisor_escalation,escalation,sent,High default risk (score=0.97) - below-average prior yield; low training attendance,2026-10-06T06:45:11+00:00
F100455,low,0.0266,sms_nudge,sms,failed,Reminder: your next input redemption window is open. Visit your agrodealer this week.,2026-10-06T06:45:11+00:00
F100456,low,0.0037,sms_nudge,sms,delivered,Reminder: your next input redemption window is open. Visit your agrodealer this week.,2026-10-06T06:45:11+00:00
F100457,low,0.0023,sms_nudge,sms,delivered,Reminder: your next input redemption window is open. Visit your agrodealer this week.,2026-10-06T06:45:11+00:00
F100458,high,0.9217,supervisor_escalation,escalation,sent,High default risk (score=0.92) - low input redemption rate; long gap since last farm visit,2026-10-06T06:45:11+00:00
F100459,low,0.0002,sms_nudge,sms,delivered,Reminder: your next input redemption window is open. Visit your agrodealer this week.,2026-10-06T06:45:11+00:00
F100460,low,0.0138,sms_nudge,sms,delivered,Reminder: your next input redemption window is open. Visit your agrodealer this week.,2026-10-06T06:45:11+00:00
F100461,low,0.0009,sms_nudge,sms,delivered,Reminder: your next input redemption window is open. Visit your agrodealer this week.,2026-10-06T06:45:11+00:00
F100462,high,0.9982,supervisor_escalation,escalation,sent,High default risk (score=1.00) - low training attendance; weak repayment among peer group,2026-10-06T06:45:11+00:00
F100463,low,0.0017,sms_nudge,sms,delivered,Reminder: your next input redemption window is open. Visit your agrodealer this week.,2026-10-06T06:45:11+00:00
F100464,medium,0.457,field_agent_task,crm_task,created,Field visit follow-up (medium),2026-10-06T06:45:11+00:00
F100465,low,0.0011,sms_nudge,sms,delivered,Reminder: your next input redemption window is open. Visit your agrodealer this week.,2026-10-06T06:45:11+00:00
F100466,low,0.0031,sms_nudge,sms,delivered,Reminder: your next input redemption window is open. Visit your agrodealer this week.,2026-10-06T06:45:11+00:00
F100467,low,0.0296,sms_nudge,sms,delivered,Reminder: your next input redemption window is open. Visit your agrodealer this week.,2026-10-06T06:45:11+00:00
F100468,low,0.0379,sms_nudge,sms,delivered,Reminder: your next input redemption window is open. Visit your agrodealer this week.,2026-10-06T06:45:11+00:00
F100469,low,0.0015,sms_nudge,sms,delivered,Reminder: your next input redemption window is open. Visit your agrodealer this week.,2026-10-06T06:45:11+00:00
F100470,low,0.0013,sms_nudge,sms,delivered,Reminder: your next input redemption window is open. Visit your agrodealer this week.,2026-10-06T06:45:11+00:00
F100471,low,0.0018,sms_nudge,sms,delivered,Reminder: your next input redemption window is open. Visit your agrodealer this week.,2026-10-06T06:45:11+00:00
F100472,low,0.0008,sms_nudge,sms,delivered,Reminder: your next input redemption window is open. Visit your agrodealer this week.,2026-10-06T06:45:11+00:00
F100473,low,0.0116,sms_nudge,sms,delivered,Reminder: your next input redemption window is open. Visit your agrodealer this week.,2026-10-06T06:45:11+00:00
F100474,low,0.0006,sms_nudge,sms,delivered,Reminder: your next input redemption window is open. Visit your agrodealer this week.,2026-10-06T06:45:11+00:00
F100475,low,0.0143,sms_nudge,sms,delivered,Reminder: your next input redemption window is open. Visit your agrodealer this week.,2026-10-06T06:45:11+00:00
F100476,low,0.0081,sms_nudge,sms,delivered,Reminder: your next input redemption window is open. Visit your agrodealer this week.,2026-10-06T06:45:11+00:00
F100477,high,0.9998,supervisor_escalation,escalation,sent,High default risk (score=1.00) - low training attendance; low input redemption rate,2026-10-06T06:45:11+00:00
F100478,high,0.9957,supervisor_escalation,escalation,sent,High default risk (score=1.00) - long gap since last farm visit; no active mobile money usage,2026-10-06T06:45:11+00:00
F100479,high,0.999,supervisor_escalation,escalation,sent,High default risk (score=1.00) - long gap since last farm visit; weak repayment among peer group,2026-10-06T06:45:11+00:00
F100480,low,0.0346,sms_nudge,sms,delivered,Reminder: your next input redemption window is open. Visit your agrodealer this week.,2026-10-06T06:45:11+00:00
F100481,low,0.0013,sms_nudge,sms,delivered,Reminder: your next input redemption window is open. Visit your agrodealer this week.,2026-10-06T06:45:11+00:00
F100482,high,0.9849,supervisor_escalation,escalation,sent,High default risk (score=0.98) - low input redemption rate; long gap since last farm visit,2026-10-06T06:45:11+00:00
F100483,high,0.9708,supervisor_escalation,escalation,sent,High default risk (score=0.97) - low input redemption rate; long gap since last farm visit,2026-10-06T06:45:11+00:00
F100484,high,0.9973,supervisor_escalation,escalation,sent,High default risk (score=1.00) - long gap since last farm visit; no active mobile money usage,2026-10-06T06:45:11+00:00
F100485,low,0.0122,sms_nudge,sms,delivered,Reminder: your next input redemption window is open. Visit your agrodealer this week.,2026-10-06T06:45:11+00:00
F100486,low,0.0347,sms_nudge,sms,delivered,Reminder: your next input redemption window is open. Visit your agrodealer this week.,2026-10-06T06:45:11+00:00
F100487,low,0.0005,sms_nudge,sms,delivered,Reminder: your next input redemption window is open. Visit your agrodealer this week.,2026-10-06T06:45:11+00:00
F100488,low,0.0035,sms_nudge,sms,delivered,Reminder: your next input redemption window is open. Visit your agrodealer this week.,2026-10-06T06:45:11+00:00
F100489,low,0.0024,sms_nudge,sms,delivered,Reminder: your next input redemption window is open. Visit your agrodealer this week.,2026-10-06T06:45:11+00:00
F100490,medium,0.5655,field_agent_task,crm_task,created,Field visit follow-up (medium),2026-10-06T06:45:11+00:00
F100491,high,0.9208,supervisor_escalation,escalation,sent,High default risk (score=0.92) - low input redemption rate; low training attendance,2026-10-06T06:45:11+00:00
F100492,low,0.0004,sms_nudge,sms,delivered,Reminder: your next input redemption window is open. Visit your agrodealer this week.,2026-10-06T06:45:11+00:00
F100493,low,0.0971,sms_nudge,sms,delivered,Reminder: your next input redemption window is open. Visit your agrodealer this week.,2026-10-06T06:45:11+00:00
F100494,low,0.0,sms_nudge,sms,delivered,Reminder: your next input redemption window is open. Visit your agrodealer this week.,2026-10-06T06:45:11+00:00
F100495,high,0.9372,supervisor_escalation,escalation,sent,High default risk (score=0.94) - long distance to nearest agrodealer; low input redemption rate,2026-10-06T06:45:11+00:00
F100496,high,0.9739,supervisor_escalation,escalation,sent,High default risk (score=0.97) - low input redemption rate; long gap since last farm visit,2026-10-06T06:45:11+00:00
F100497,low,0.0004,sms_nudge,sms,delivered,Reminder: your next input redemption window is open. Visit your agrodealer this week.,2026-10-06T06:45:11+00:00
F100498,low,0.0678,sms_nudge,sms,delivered,Reminder: your next input redemption window is open. Visit your agrodealer this week.,2026-10-06T06:45:11+00:00
F100499,high,0.9953,supervisor_escalation,escalation,sent,High default risk (score=1.00) - long gap since last farm visit; low training attendance,2026-10-06T06:45:11+00:00
F100500,low,0.0012,sms_nudge,sms,delivered,Reminder: your next input redemption window is open. Visit your agrodealer this week.,2026-10-06T06:45:11+00:00
F100501,low,0.0008,sms_nudge,sms,delivered,Reminder: your next input redemption window is open. Visit your agrodealer this week.,2026-10-06T06:45:11+00:00
F100502,high,0.903,supervisor_escalation,escalation,sent,High default risk (score=0.90) - long gap since last farm visit; no active mobile money usage,2026-10-06T06:45:11+00:00
F100503,low,0.0064,sms_nudge,sms,delivered,Reminder: your next input redemption window is open. Visit your agrodealer this week.,2026-10-06T06:45:11+00:00
F100504,low,0.1895,sms_nudge,sms,delivered,Reminder: your next input redemption window is open. Visit your agrodealer this week.,2026-10-06T06:45:11+00:00
F100505,low,0.0002,sms_nudge,sms,delivered,Reminder: your next input redemption window is open. Visit your agrodealer this week.,2026-10-06T06:45:11+00:00
F100506,low,0.0289,sms_nudge,sms,delivered,Reminder: your next input redemption window is open. Visit your agrodealer this week.,2026-10-06T06:45:11+00:00
F100507,high,0.9968,supervisor_escalation,escalation,sent,High default risk (score=1.00) - long gap since last farm visit; low training attendance,2026-10-06T06:45:11+00:00
F100508,low,0.0002,sms_nudge,sms,delivered,Reminder: your next input redemption window is open. Visit your agrodealer this week.,2026-10-06T06:45:11+00:00
F100509,low,0.0002,sms_nudge,sms,delivered,Reminder: your next input redemption window is open. Visit your agrodealer this week.,2026-10-06T06:45:11+00:00
F100510,low,0.0318,sms_nudge,sms,delivered,Reminder: your next input redemption window is open. Visit your agrodealer this week.,2026-10-06T06:45:11+00:00
F100511,high,0.9595,supervisor_escalation,escalation,sent,High default risk (score=0.96) - long distance to nearest agrodealer; no active mobile money usage,2026-10-06T06:45:11+00:00
F100512,low,0.0131,sms_nudge,sms,delivered,Reminder: your next input redemption window is open. Visit your agrodealer this week.,2026-10-06T06:45:11+00:00
F100513,high,0.9915,supervisor_escalation,escalation,sent,High default risk (score=0.99) - weak repayment among peer group; low input redemption rate,2026-10-06T06:45:11+00:00
F100514,low,0.0054,sms_nudge,sms,delivered,Reminder: your next input redemption window is open. Visit your agrodealer this week.,2026-10-06T06:45:11+00:00
F100515,high,0.9999,supervisor_escalation,escalation,sent,High default risk (score=1.00) - long gap since last farm visit; low input redemption rate,2026-10-06T06:45:11+00:00
F100516,high,0.949,supervisor_escalation,escalation,sent,High default risk (score=0.95) - low input redemption rate; long gap since last farm visit,2026-10-06T06:45:11+00:00
F100517,high,1.0,supervisor_escalation,escalation,sent,High default risk (score=1.00) - long gap since last farm visit; low input redemption rate,2026-10-06T06:45:11+00:00
F100518,low,0.0011,sms_nudge,sms,delivered,Reminder: your next input redemption window is open. Visit your agrodealer this week.,2026-10-06T06:45:11+00:00
F100519,low,0.0429,sms_nudge,sms,failed,Reminder: your next input redemption window is open. Visit your agrodealer this week.,2026-10-06T06:45:11+00:00
F100520,low,0.0003,sms_nudge,sms,delivered,Reminder: your next input redemption window is open. Visit your agrodealer this week.,2026-10-06T06:45:11+00:00
F100521,low,0.0206,sms_nudge,sms,failed,Reminder: your next input redemption window is open. Visit your agrodealer this week.,2026-10-06T06:45:11+00:00
F100522,low,0.0048,sms_nudge,sms,delivered,Reminder: your next input redemption window is open. Visit your agrodealer this week.,2026-10-06T06:45:11+00:00
F100523,medium,0.5131,field_agent_task,crm_task,created,Field visit follow-up (medium),2026-10-06T06:45:11+00:00
F100524,low,0.0008,sms_nudge,sms,delivered,Reminder: your next input redemption window is open. Visit your agrodealer this week.,2026-10-06T06:45:11+00:00
F100525,high,0.9998,supervisor_escalation,escalation,sent,High default risk (score=1.00) - long gap since last farm visit; weak repayment among peer group,2026-10-06T06:45:11+00:00
F100526,low,0.0038,sms_nudge,sms,delivered,Reminder: your next input redemption window is open. Visit your agrodealer this week.,2026-10-06T06:45:11+00:00
F100527,low,0.0118,sms_nudge,sms,delivered,Reminder: your next input redemption window is open. Visit your agrodealer this week.,2026-10-06T06:45:11+00:00
F100528,low,0.0001,sms_nudge,sms,delivered,Reminder: your next input redemption window is open. Visit your agrodealer this week.,2026-10-06T06:45:11+00:00
F100529,high,0.8325,supervisor_escalation,escalation,sent,High default risk (score=0.83) - long gap since last farm visit; low input redemption rate,2026-10-06T06:45:11+00:00
F100530,low,0.0005,sms_nudge,sms,delivered,Reminder: your next input redemption window is open. Visit your agrodealer this week.,2026-10-06T06:45:11+00:00
F100531,medium,0.5768,field_agent_task,crm_task,created,Field visit follow-up (medium),2026-10-06T06:45:11+00:00
F100532,low,0.0778,sms_nudge,sms,delivered,Reminder: your next input redemption window is open. Visit your agrodealer this week.,2026-10-06T06:45:11+00:00
F100533,low,0.0018,sms_nudge,sms,delivered,Reminder: your next input redemption window is open. Visit your agrodealer this week.,2026-10-06T06:45:11+00:00
F100534,high,0.9996,supervisor_escalation,escalation,sent,High default risk (score=1.00) - long gap since last farm visit; below-average prior yield,2026-10-06T06:45:11+00:00
F100535,high,0.9572,supervisor_escalation,escalation,sent,High default risk (score=0.96) - low input redemption rate; below-average prior yield,2026-10-06T06:45:11+00:00
F100536,high,0.6537,supervisor_escalation,escalation,sent,High default risk (score=0.65) - low input redemption rate; below-average prior yield,2026-10-06T06:45:11+00:00
F100537,low,0.0019,sms_nudge,sms,delivered,Reminder: your next input redemption window is open. Visit your agrodealer this week.,2026-10-06T06:45:11+00:00
F100538,low,0.0001,sms_nudge,sms,delivered,Reminder: your next input redemption window is open. Visit your agrodealer this week.,2026-10-06T06:45:11+00:00
F100539,low,0.0032,sms_nudge,sms,delivered,Reminder: your next input redemption window is open. Visit your agrodealer this week.,2026-10-06T06:45:11+00:00
F100540,low,0.0045,sms_nudge,sms,delivered,Reminder: your next input redemption window is open. Visit your agrodealer this week.,2026-10-06T06:45:11+00:00
F100541,low,0.0004,sms_nudge,sms,delivered,Reminder: your next input redemption window is open. Visit your agrodealer this week.,2026-10-06T06:45:11+00:00
F100542,low,0.1885,sms_nudge,sms,delivered,Reminder: your next input redemption window is open. Visit your agrodealer this week.,2026-10-06T06:45:11+00:00
F100543,low,0.0481,sms_nudge,sms,delivered,Reminder: your next input redemption window is open. Visit your agrodealer this week.,2026-10-06T06:45:11+00:00
F100544,low,0.0165,sms_nudge,sms,delivered,Reminder: your next input redemption window is open. Visit your agrodealer this week.,2026-10-06T06:45:11+00:00
F100545,high,0.9548,supervisor_escalation,escalation,sent,High default risk (score=0.95) - weak repayment among peer group; long gap since last farm visit,2026-10-06T06:45:11+00:00
F100546,low,0.0592,sms_nudge,sms,delivered,Reminder: your next input redemption window is open. Visit your agrodealer this week.,2026-10-06T06:45:11+00:00
F100547,high,0.8317,supervisor_escalation,escalation,sent,High default risk (score=0.83) - farm size; low training attendance,2026-10-06T06:45:11+00:00
F100548,high,0.8868,supervisor_escalation,escalation,sent,High default risk (score=0.89) - long gap since last farm visit; low training attendance,2026-10-06T06:45:11+00:00
F100549,low,0.0036,sms_nudge,sms,delivered,Reminder: your next input redemption window is open. Visit your agrodealer this week.,2026-10-06T06:45:11+00:00
F100550,low,0.0001,sms_nudge,sms,delivered,Reminder: your next input redemption window is open. Visit your agrodealer this week.,2026-10-06T06:45:11+00:00
F100551,low,0.0151,sms_nudge,sms,delivered,Reminder: your next input redemption window is open. Visit your agrodealer this week.,2026-10-06T06:45:11+00:00
F100552,low,0.0001,sms_nudge,sms,delivered,Reminder: your next input redemption window is open. Visit your agrodealer this week.,2026-10-06T06:45:11+00:00
F100553,low,0.0003,sms_nudge,sms,delivered,Reminder: your next input redemption window is open. Visit your agrodealer this week.,2026-10-06T06:45:11+00:00
F100554,low,0.0002,sms_nudge,sms,delivered,Reminder: your next input redemption window is open. Visit your agrodealer this week.,2026-10-06T06:45:11+00:00
F100555,low,0.0009,sms_nudge,sms,delivered,Reminder: your next input redemption window is open. Visit your agrodealer this week.,2026-10-06T06:45:11+00:00
F100556,high,0.9088,supervisor_escalation,escalation,sent,High default risk (score=0.91) - long gap since last farm visit; long distance to nearest agrodealer,2026-10-06T06:45:11+00:00
F100557,high,0.9997,supervisor_escalation,escalation,sent,High default risk (score=1.00) - no active mobile money usage; long gap since last farm visit,2026-10-06T06:45:11+00:00
F100558,low,0.0004,sms_nudge,sms,delivered,Reminder: your next input redemption window is open. Visit your agrodealer this week.,2026-10-06T06:45:11+00:00
F100559,low,0.0016,sms_nudge,sms,delivered,Reminder: your next input redemption window is open. Visit your agrodealer this week.,2026-10-06T06:45:11+00:00
F100560,low,0.0489,sms_nudge,sms,delivered,Reminder: your next input redemption window is open. Visit your agrodealer this week.,2026-10-06T06:45:11+00:00
F100561,low,0.018,sms_nudge,sms,delivered,Reminder: your next input redemption window is open. Visit your agrodealer this week.,2026-10-06T06:45:11+00:00
F100562,low,0.003,sms_nudge,sms,delivered,Reminder: your next input redemption window is open. Visit your agrodealer this week.,2026-10-06T06:45:11+00:00
F100563,high,0.9999,supervisor_escalation,escalation,sent,High default risk (score=1.00) - long gap since last farm visit; low input redemption rate,2026-10-06T06:45:11+00:00
F100564,high,0.9415,supervisor_escalation,escalation,sent,High default risk (score=0.94) - low input redemption rate; long gap since last farm visit,2026-10-06T06:45:11+00:00
F100565,low,0.0002,sms_nudge,sms,delivered,Reminder: your next input redemption window is open. Visit your agrodealer this week.,2026-10-06T06:45:11+00:00
F100566,low,0.0011,sms_nudge,sms,delivered,Reminder: your next input redemption window is open. Visit your agrodealer this week.,2026-10-06T06:45:11+00:00
F100567,low,0.0022,sms_nudge,sms,delivered,Reminder: your next input redemption window is open. Visit your agrodealer this week.,2026-10-06T06:45:11+00:00
F100568,high,0.9695,supervisor_escalation,escalation,sent,High default risk (score=0.97) - long distance to nearest agrodealer; no active mobile money usage,2026-10-06T06:45:11+00:00
F100569,low,0.0008,sms_nudge,sms,delivered,Reminder: your next input redemption window is open. Visit your agrodealer this week.,2026-10-06T06:45:11+00:00
F100570,low,0.0019,sms_nudge,sms,delivered,Reminder: your next input redemption window is open. Visit your agrodealer this week.,2026-10-06T06:45:11+00:00
F100571,low,0.0476,sms_nudge,sms,delivered,Reminder: your next input redemption window is open. Visit your agrodealer this week.,2026-10-06T06:45:11+00:00
F100572,high,0.654,supervisor_escalation,escalation,sent,High default risk (score=0.65) - age; low training attendance,2026-10-06T06:45:11+00:00
F100573,low,0.0002,sms_nudge,sms,delivered,Reminder: your next input redemption window is open. Visit your agrodealer this week.,2026-10-06T06:45:11+00:00
F100574,high,0.9269,supervisor_escalation,escalation,sent,High default risk (score=0.93) - long gap since last farm visit; no active mobile money usage,2026-10-06T06:45:11+00:00
F100575,low,0.0079,sms_nudge,sms,delivered,Reminder: your next input redemption window is open. Visit your agrodealer this week.,2026-10-06T06:45:11+00:00
F100576,low,0.0006,sms_nudge,sms,delivered,Reminder: your next input redemption window is open. Visit your agrodealer this week.,2026-10-06T06:45:11+00:00
F100577,low,0.0023,sms_nudge,sms,delivered,Reminder: your next input redemption window is open. Visit your agrodealer this week.,2026-10-06T06:45:11+00:00
F100578,high,0.6288,supervisor_escalation,escalation,sent,High default risk (score=0.63) - below-average prior yield; no active mobile money usage,2026-10-06T06:45:11+00:00
F100579,low,0.0395,sms_nudge,sms,delivered,Reminder: your next input redemption window is open. Visit your agrodealer this week.,2026-10-06T06:45:11+00:00
F100580,low,0.0152,sms_nudge,sms,delivered,Reminder: your next input redemption window is open. Visit your agrodealer this week.,2026-10-06T06:45:11+00:00
F100581,low,0.0016,sms_nudge,sms,delivered,Reminder: your next input redemption window is open. Visit your agrodealer this week.,2026-10-06T06:45:11+00:00
F100582,low,0.072,sms_nudge,sms,delivered,Reminder: your next input redemption window is open. Visit your agrodealer this week.,2026-10-06T06:45:11+00:00
F100583,high,0.9013,supervisor_escalation,escalation,sent,High default risk (score=0.90) - no active mobile money usage; long gap since last farm visit,2026-10-06T06:45:11+00:00
F100584,low,0.0007,sms_nudge,sms,delivered,Reminder: your next input redemption window is open. Visit your agrodealer this week.,2026-10-06T06:45:11+00:00
F100585,low,0.0801,sms_nudge,sms,failed,Reminder: your next input redemption window is open. Visit your agrodealer this week.,2026-10-06T06:45:11+00:00
F100586,low,0.0028,sms_nudge,sms,delivered,Reminder: your next input redemption window is open. Visit your agrodealer this week.,2026-10-06T06:45:11+00:00
F100587,low,0.0106,sms_nudge,sms,delivered,Reminder: your next input redemption window is open. Visit your agrodealer this week.,2026-10-06T06:45:11+00:00
F100588,low,0.0046,sms_nudge,sms,delivered,Reminder: your next input redemption window is open. Visit your agrodealer this week.,2026-10-06T06:45:11+00:00
F100589,low,0.168,sms_nudge,sms,delivered,Reminder: your next input redemption window is open. Visit your agrodealer this week.,2026-10-06T06:45:11+00:00
F100590,low,0.0023,sms_nudge,sms,delivered,Reminder: your next input redemption window is open. Visit your agrodealer this week.,2026-10-06T06:45:11+00:00
F100591,low,0.0242,sms_nudge,sms,failed,Reminder: your next input redemption window is open. Visit your agrodealer this week.,2026-10-06T06:45:11+00:00
F100592,low,0.0447,sms_nudge,sms,delivered,Reminder: your next input redemption window is open. Visit your agrodealer this week.,2026-10-06T06:45:11+00:00
F100593,high,0.9999,supervisor_escalation,escalation,sent,High default risk (score=1.00) - long gap since last farm visit; low training attendance,2026-10-06T06:45:11+00:00
F100594,low,0.0178,sms_nudge,sms,delivered,Reminder: your next input redemption window is open. Visit your agrodealer this week.,2026-10-06T06:45:11+00:00
F100595,high,0.9732,supervisor_escalation,escalation,sent,High default risk (score=0.97) - low training attendance; weak repayment among peer group,2026-10-06T06:45:11+00:00
F100596,low,0.0002,sms_nudge,sms,delivered,Reminder: your next input redemption window is open. Visit your agrodealer this week.,2026-10-06T06:45:11+00:00
F100597,low,0.069,sms_nudge,sms,failed,Reminder: your next input redemption window is open. Visit your agrodealer this week.,2026-10-06T06:45:11+00:00
F100598,high,0.9962,supervisor_escalation,escalation,sent,High default risk (score=1.00) - long gap since last farm visit; long distance to nearest agrodealer,2026-10-06T06:45:11+00:00
F100599,low,0.0004,sms_nudge,sms,failed,Reminder: your next input redemption window is open. Visit your agrodealer this week.,2026-10-06T06:45:11+00:00
F100600,high,0.896,supervisor_escalation,escalation,sent,High default risk (score=0.90) - long gap since last farm visit; weak repayment among peer group,2026-10-06T06:45:11+00:00
F100601,low,0.0,sms_nudge,sms,delivered,Reminder: your next input redemption window is open. Visit your agrodealer this week.,2026-10-06T06:45:11+00:00
F100602,low,0.0025,sms_nudge,sms,delivered,Reminder: your next input redemption window is open. Visit your agrodealer this week.,2026-10-06T06:45:11+00:00
F100603,low,0.0005,sms_nudge,sms,delivered,Reminder: your next input redemption window is open. Visit your agrodealer this week.,2026-10-06T06:45:11+00:00
F100604,medium,0.57,field_agent_task,crm_task,created,Field visit follow-up (medium),2026-10-06T06:45:11+00:00
F100605,high,0.858,supervisor_escalation,escalation,sent,High default risk (score=0.86) - below-average prior yield; weak repayment among peer group,2026-10-06T06:45:11+00:00
F100606,low,0.0039,sms_nudge,sms,delivered,Reminder: your next input redemption window is open. Visit your agrodealer this week.,2026-10-06T06:45:11+00:00
F100607,low,0.0002,sms_nudge,sms,delivered,Reminder: your next input redemption window is open. Visit your agrodealer this week.,2026-10-06T06:45:11+00:00
F100608,low,0.0393,sms_nudge,sms,delivered,Reminder: your next input redemption window is open. Visit your agrodealer this week.,2026-10-06T06:45:11+00:00
F100609,high,1.0,supervisor_escalation,escalation,sent,High default risk (score=1.00) - long gap since last farm visit; low training attendance,2026-10-06T06:45:11+00:00
F100610,low,0.0047,sms_nudge,sms,delivered,Reminder: your next input redemption window is open. Visit your agrodealer this week.,2026-10-06T06:45:11+00:00
F100611,high,0.9983,supervisor_escalation,escalation,sent,High default risk (score=1.00) - long gap since last farm visit; below-average prior yield,2026-10-06T06:45:11+00:00
F100612,high,0.9965,supervisor_escalation,escalation,sent,High default risk (score=1.00) - low input redemption rate; long gap since last farm visit,2026-10-06T06:45:11+00:00
F100613,low,0.0048,sms_nudge,sms,delivered,Reminder: your next input redemption window is open. Visit your agrodealer this week.,2026-10-06T06:45:11+00:00
F100614,low,0.0034,sms_nudge,sms,delivered,Reminder: your next input redemption window is open. Visit your agrodealer this week.,2026-10-06T06:45:11+00:00
F100615,low,0.1401,sms_nudge,sms,delivered,Reminder: your next input redemption window is open. Visit your agrodealer this week.,2026-10-06T06:45:11+00:00
F100616,high,0.6797,supervisor_escalation,escalation,sent,High default risk (score=0.68) - no active mobile money usage; relatively large loan amount,2026-10-06T06:45:11+00:00
F100617,low,0.001,sms_nudge,sms,delivered,Reminder: your next input redemption window is open. Visit your agrodealer this week.,2026-10-06T06:45:11+00:00
F100618,low,0.0268,sms_nudge,sms,delivered,Reminder: your next input redemption window is open. Visit your agrodealer this week.,2026-10-06T06:45:11+00:00
F100619,low,0.0,sms_nudge,sms,delivered,Reminder: your next input redemption window is open. Visit your agrodealer this week.,2026-10-06T06:45:11+00:00
F100620,high,0.9996,supervisor_escalation,escalation,sent,High default risk (score=1.00) - long gap since last farm visit; weak repayment among peer group,2026-10-06T06:45:11+00:00
F100621,low,0.0001,sms_nudge,sms,delivered,Reminder: your next input redemption window is open. Visit your agrodealer this week.,2026-10-06T06:45:11+00:00
F100622,low,0.0057,sms_nudge,sms,failed,Reminder: your next input redemption window is open. Visit your agrodealer this week.,2026-10-06T06:45:11+00:00
F100623,high,0.985,supervisor_escalation,escalation,sent,High default risk (score=0.98) - long gap since last farm visit; weak repayment among peer group,2026-10-06T06:45:11+00:00
F100624,low,0.0001,sms_nudge,sms,delivered,Reminder: your next input redemption window is open. Visit your agrodealer this week.,2026-10-06T06:45:11+00:00
F100625,high,0.9691,supervisor_escalation,escalation,sent,High default risk (score=0.97) - low training attendance; long gap since last farm visit,2026-10-06T06:45:11+00:00
F100626,high,0.9921,supervisor_escalation,escalation,sent,High default risk (score=0.99) - long gap since last farm visit; below-average prior yield,2026-10-06T06:45:11+00:00
F100627,low,0.0018,sms_nudge,sms,delivered,Reminder: your next input redemption window is open. Visit your agrodealer this week.,2026-10-06T06:45:11+00:00
F100628,high,0.9928,supervisor_escalation,escalation,sent,High default risk (score=0.99) - long gap since last farm visit; no active mobile money usage,2026-10-06T06:45:11+00:00
F100629,low,0.0507,sms_nudge,sms,delivered,Reminder: your next input redemption window is open. Visit your agrodealer this week.,2026-10-06T06:45:11+00:00
F100630,low,0.0003,sms_nudge,sms,delivered,Reminder: your next input redemption window is open. Visit your agrodealer this week.,2026-10-06T06:45:11+00:00
F100631,high,0.9718,supervisor_escalation,escalation,sent,High default risk (score=0.97) - low input redemption rate; no active mobile money usage,2026-10-06T06:45:11+00:00
F100632,high,1.0,supervisor_escalation,escalation,sent,High default risk (score=1.00) - long gap since last farm visit; below-average prior yield,2026-10-06T06:45:11+00:00
F100633,low,0.0035,sms_nudge,sms,delivered,Reminder: your next input redemption window is open. Visit your agrodealer this week.,2026-10-06T06:45:11+00:00
F100634,low,0.0004,sms_nudge,sms,delivered,Reminder: your next input redemption window is open. Visit your agrodealer this week.,2026-10-06T06:45:11+00:00
F100635,low,0.0001,sms_nudge,sms,delivered,Reminder: your next input redemption window is open. Visit your agrodealer this week.,2026-10-06T06:45:11+00:00
F100636,low,0.0003,sms_nudge,sms,delivered,Reminder: your next input redemption window is open. Visit your agrodealer this week.,2026-10-06T06:45:11+00:00
F100637,low,0.0057,sms_nudge,sms,delivered,Reminder: your next input redemption window is open. Visit your agrodealer this week.,2026-10-06T06:45:11+00:00
F100638,low,0.0001,sms_nudge,sms,delivered,Reminder: your next input redemption window is open. Visit your agrodealer this week.,2026-10-06T06:45:11+00:00
F100639,high,1.0,supervisor_escalation,escalation,sent,High default risk (score=1.00) - long gap since last farm visit; below-average prior yield,2026-10-06T06:45:11+00:00
F100640,low,0.0009,sms_nudge,sms,delivered,Reminder: your next input redemption window is open. Visit your agrodealer this week.,2026-10-06T06:45:11+00:00
F100641,low,0.0029,sms_nudge,sms,delivered,Reminder: your next input redemption window is open. Visit your agrodealer this week.,2026-10-06T06:45:11+00:00
F100642,high,0.9977,supervisor_escalation,escalation,sent,High default risk (score=1.00) - low input redemption rate; low training attendance,2026-10-06T06:45:11+00:00
F100643,high,0.7317,supervisor_escalation,escalation,sent,High default risk (score=0.73) - low input redemption rate; long gap since last farm visit,2026-10-06T06:45:11+00:00
F100644,low,0.0044,sms_nudge,sms,delivered,Reminder: your next input redemption window is open. Visit your agrodealer this week.,2026-10-06T06:45:11+00:00
F100645,low,0.0019,sms_nudge,sms,delivered,Reminder: your next input redemption window is open. Visit your agrodealer this week.,2026-10-06T06:45:11+00:00
F100646,low,0.0001,sms_nudge,sms,delivered,Reminder: your next input redemption window is open. Visit your agrodealer this week.,2026-10-06T06:45:11+00:00
F100647,low,0.0452,sms_nudge,sms,delivered,Reminder: your next input redemption window is open. Visit your agrodealer this week.,2026-10-06T06:45:11+00:00
F100648,low,0.0038,sms_nudge,sms,failed,Reminder: your next input redemption window is open. Visit your agrodealer this week.,2026-10-06T06:45:11+00:00
F100649,low,0.0259,sms_nudge,sms,delivered,Reminder: your next input redemption window is open. Visit your agrodealer this week.,2026-10-06T06:45:11+00:00
F100650,high,0.9577,supervisor_escalation,escalation,sent,High default risk (score=0.96) - low training attendance; low input redemption rate,2026-10-06T06:45:11+00:00
F100651,high,0.9736,supervisor_escalation,escalation,sent,High default risk (score=0.97) - weak repayment among peer group; long distance to nearest agrodealer,2026-10-06T06:45:11+00:00
F100652,high,0.9613,supervisor_escalation,escalation,sent,High default risk (score=0.96) - long gap since last farm visit; low input redemption rate,2026-10-06T06:45:11+00:00
F100653,low,0.0109,sms_nudge,sms,delivered,Reminder: your next input redemption window is open. Visit your agrodealer this week.,2026-10-06T06:45:11+00:00
F100654,low,0.0048,sms_nudge,sms,delivered,Reminder: your next input redemption window is open. Visit your agrodealer this week.,2026-10-06T06:45:11+00:00
F100655,low,0.0004,sms_nudge,sms,delivered,Reminder: your next input redemption window is open. Visit your agrodealer this week.,2026-10-06T06:45:11+00:00
F100656,high,0.921,supervisor_escalation,escalation,sent,High default risk (score=0.92) - long distance to nearest agrodealer; low input redemption rate,2026-10-06T06:45:11+00:00
F100657,low,0.0254,sms_nudge,sms,delivered,Reminder: your next input redemption window is open. Visit your agrodealer this week.,2026-10-06T06:45:11+00:00
F100658,low,0.005,sms_nudge,sms,delivered,Reminder: your next input redemption window is open. Visit your agrodealer this week.,2026-10-06T06:45:11+00:00
F100659,high,0.9105,supervisor_escalation,escalation,sent,High default risk (score=0.91) - low input redemption rate; weak repayment among peer group,2026-10-06T06:45:11+00:00
F100660,low,0.0153,sms_nudge,sms,delivered,Reminder: your next input redemption window is open. Visit your agrodealer this week.,2026-10-06T06:45:11+00:00
F100661,low,0.0015,sms_nudge,sms,delivered,Reminder: your next input redemption window is open. Visit your agrodealer this week.,2026-10-06T06:45:11+00:00
F100662,low,0.014,sms_nudge,sms,delivered,Reminder: your next input redemption window is open. Visit your agrodealer this week.,2026-10-06T06:45:11+00:00
F100663,low,0.0043,sms_nudge,sms,failed,Reminder: your next input redemption window is open. Visit your agrodealer this week.,2026-10-06T06:45:11+00:00
F100664,low,0.0014,sms_nudge,sms,delivered,Reminder: your next input redemption window is open. Visit your agrodealer this week.,2026-10-06T06:45:11+00:00
F100665,high,0.954,supervisor_escalation,escalation,sent,High default risk (score=0.95) - no active mobile money usage; below-average prior yield,2026-10-06T06:45:11+00:00
F100666,low,0.0485,sms_nudge,sms,delivered,Reminder: your next input redemption window is open. Visit your agrodealer this week.,2026-10-06T06:45:11+00:00
F100667,low,0.0004,sms_nudge,sms,delivered,Reminder: your next input redemption window is open. Visit your agrodealer this week.,2026-10-06T06:45:11+00:00
F100668,medium,0.3049,field_agent_task,crm_task,created,Field visit follow-up (medium),2026-10-06T06:45:11+00:00
F100669,low,0.0007,sms_nudge,sms,delivered,Reminder: your next input redemption window is open. Visit your agrodealer this week.,2026-10-06T06:45:11+00:00
F100670,low,0.0256,sms_nudge,sms,delivered,Reminder: your next input redemption window is open. Visit your agrodealer this week.,2026-10-06T06:45:11+00:00
F100671,low,0.0671,sms_nudge,sms,delivered,Reminder: your next input redemption window is open. Visit your agrodealer this week.,2026-10-06T06:45:11+00:00
F100672,high,0.9785,supervisor_escalation,escalation,sent,High default risk (score=0.98) - low input redemption rate; long gap since last farm visit,2026-10-06T06:45:11+00:00
F100673,low,0.0017,sms_nudge,sms,delivered,Reminder: your next input redemption window is open. Visit your agrodealer this week.,2026-10-06T06:45:11+00:00
F100674,low,0.0003,sms_nudge,sms,delivered,Reminder: your next input redemption window is open. Visit your agrodealer this week.,2026-10-06T06:45:11+00:00
F100675,high,0.975,supervisor_escalation,escalation,sent,High default risk (score=0.97) - low input redemption rate; low training attendance,2026-10-06T06:45:11+00:00
F100676,low,0.0102,sms_nudge,sms,delivered,Reminder: your next input redemption window is open. Visit your agrodealer this week.,2026-10-06T06:45:11+00:00
F100677,low,0.0774,sms_nudge,sms,delivered,Reminder: your next input redemption window is open. Visit your agrodealer this week.,2026-10-06T06:45:11+00:00
F100678,low,0.0091,sms_nudge,sms,delivered,Reminder: your next input redemption window is open. Visit your agrodealer this week.,2026-10-06T06:45:11+00:00
F100679,low,0.0695,sms_nudge,sms,delivered,Reminder: your next input redemption window is open. Visit your agrodealer this week.,2026-10-06T06:45:11+00:00
F100680,medium,0.4527,field_agent_task,crm_task,created,Field visit follow-up (medium),2026-10-06T06:45:11+00:00
F100681,low,0.0017,sms_nudge,sms,delivered,Reminder: your next input redemption window is open. Visit your agrodealer this week.,2026-10-06T06:45:11+00:00
F100682,high,0.9996,supervisor_escalation,escalation,sent,High default risk (score=1.00) - long gap since last farm visit; low input redemption rate,2026-10-06T06:45:11+00:00
F100683,high,0.7488,supervisor_escalation,escalation,sent,High default risk (score=0.75) - long distance to nearest agrodealer; low training attendance,2026-10-06T06:45:11+00:00
F100684,low,0.0325,sms_nudge,sms,delivered,Reminder: your next input redemption window is open. Visit your agrodealer this week.,2026-10-06T06:45:11+00:00
F100685,low,0.007,sms_nudge,sms,delivered,Reminder: your next input redemption window is open. Visit your agrodealer this week.,2026-10-06T06:45:11+00:00
F100686,low,0.0063,sms_nudge,sms,delivered,Reminder: your next input redemption window is open. Visit your agrodealer this week.,2026-10-06T06:45:11+00:00
F100687,low,0.0018,sms_nudge,sms,delivered,Reminder: your next input redemption window is open. Visit your agrodealer this week.,2026-10-06T06:45:11+00:00
F100688,low,0.0003,sms_nudge,sms,delivered,Reminder: your next input redemption window is open. Visit your agrodealer this week.,2026-10-06T06:45:11+00:00
F100689,low,0.0677,sms_nudge,sms,delivered,Reminder: your next input redemption window is open. Visit your agrodealer this week.,2026-10-06T06:45:11+00:00
F100690,low,0.073,sms_nudge,sms,delivered,Reminder: your next input redemption window is open. Visit your agrodealer this week.,2026-10-06T06:45:11+00:00
F100691,low,0.0191,sms_nudge,sms,delivered,Reminder: your next input redemption window is open. Visit your agrodealer this week.,2026-10-06T06:45:11+00:00
F100692,low,0.0014,sms_nudge,sms,delivered,Reminder: your next input redemption window is open. Visit your agrodealer this week.,2026-10-06T06:45:11+00:00
F100693,low,0.0405,sms_nudge,sms,delivered,Reminder: your next input redemption window is open. Visit your agrodealer this week.,2026-10-06T06:45:11+00:00
F100694,low,0.0116,sms_nudge,sms,delivered,Reminder: your next input redemption window is open. Visit your agrodealer this week.,2026-10-06T06:45:11+00:00
F100695,low,0.004,sms_nudge,sms,delivered,Reminder: your next input redemption window is open. Visit your agrodealer this week.,2026-10-06T06:45:11+00:00
F100696,high,0.9998,supervisor_escalation,escalation,sent,High default risk (score=1.00) - long gap since last farm visit; low input redemption rate,2026-10-06T06:45:11+00:00
F100697,low,0.027,sms_nudge,sms,delivered,Reminder: your next input redemption window is open. Visit your agrodealer this week.,2026-10-06T06:45:11+00:00
F100698,low,0.0166,sms_nudge,sms,delivered,Reminder: your next input redemption window is open. Visit your agrodealer this week.,2026-10-06T06:45:11+00:00
F100699,low,0.0009,sms_nudge,sms,failed,Reminder: your next input redemption window is open. Visit your agrodealer this week.,2026-10-06T06:45:11+00:00
F100700,low,0.0072,sms_nudge,sms,delivered,Reminder: your next input redemption window is open. Visit your agrodealer this week.,2026-10-06T06:45:11+00:00
F100701,low,0.0044,sms_nudge,sms,delivered,Reminder: your next input redemption window is open. Visit your agrodealer this week.,2026-10-06T06:45:11+00:00
F100702,low,0.005,sms_nudge,sms,delivered,Reminder: your next input redemption window is open. Visit your agrodealer this week.,2026-10-06T06:45:11+00:00
F100703,high,0.9992,supervisor_escalation,escalation,sent,High default risk (score=1.00) - low training attendance; weak repayment among peer group,2026-10-06T06:45:11+00:00
F100704,low,0.0013,sms_nudge,sms,delivered,Reminder: your next input redemption window is open. Visit your agrodealer this week.,2026-10-06T06:45:11+00:00
F100705,low,0.0002,sms_nudge,sms,delivered,Reminder: your next input redemption window is open. Visit your agrodealer this week.,2026-10-06T06:45:11+00:00
F100706,low,0.0003,sms_nudge,sms,delivered,Reminder: your next input redemption window is open. Visit your agrodealer this week.,2026-10-06T06:45:11+00:00
F100707,low,0.0562,sms_nudge,sms,delivered,Reminder: your next input redemption window is open. Visit your agrodealer this week.,2026-10-06T06:45:11+00:00
F100708,high,0.9999,supervisor_escalation,escalation,sent,High default risk (score=1.00) - long gap since last farm visit; long distance to nearest agrodealer,2026-10-06T06:45:11+00:00
F100709,low,0.0013,sms_nudge,sms,delivered,Reminder: your next input redemption window is open. Visit your agrodealer this week.,2026-10-06T06:45:11+00:00
F100710,high,0.9722,supervisor_escalation,escalation,sent,High default risk (score=0.97) - low input redemption rate; weak repayment among peer group,2026-10-06T06:45:11+00:00
F100711,low,0.0798,sms_nudge,sms,delivered,Reminder: your next input redemption window is open. Visit your agrodealer this week.,2026-10-06T06:45:11+00:00
F100712,high,0.9214,supervisor_escalation,escalation,sent,High default risk (score=0.92) - low input redemption rate; low training attendance,2026-10-06T06:45:11+00:00
F100713,low,0.0007,sms_nudge,sms,delivered,Reminder: your next input redemption window is open. Visit your agrodealer this week.,2026-10-06T06:45:11+00:00
F100714,high,0.9995,supervisor_escalation,escalation,sent,High default risk (score=1.00) - long gap since last farm visit; low training attendance,2026-10-06T06:45:11+00:00
F100715,low,0.0019,sms_nudge,sms,delivered,Reminder: your next input redemption window is open. Visit your agrodealer this week.,2026-10-06T06:45:11+00:00
F100716,low,0.0017,sms_nudge,sms,delivered,Reminder: your next input redemption window is open. Visit your agrodealer this week.,2026-10-06T06:45:11+00:00
F100717,low,0.0003,sms_nudge,sms,delivered,Reminder: your next input redemption window is open. Visit your agrodealer this week.,2026-10-06T06:45:11+00:00
F100718,medium,0.4551,field_agent_task,crm_task,created,Field visit follow-up (medium),2026-10-06T06:45:11+00:00
F100719,low,0.0242,sms_nudge,sms,delivered,Reminder: your next input redemption window is open. Visit your agrodealer this week.,2026-10-06T06:45:11+00:00
F100720,low,0.0052,sms_nudge,sms,failed,Reminder: your next input redemption window is open. Visit your agrodealer this week.,2026-10-06T06:45:11+00:00
F100721,low,0.0596,sms_nudge,sms,delivered,Reminder: your next input redemption window is open. Visit your agrodealer this week.,2026-10-06T06:45:11+00:00
F100722,low,0.0104,sms_nudge,sms,delivered,Reminder: your next input redemption window is open. Visit your agrodealer this week.,2026-10-06T06:45:11+00:00
F100723,low,0.0045,sms_nudge,sms,delivered,Reminder: your next input redemption window is open. Visit your agrodealer this week.,2026-10-06T06:45:11+00:00
F100724,low,0.0027,sms_nudge,sms,delivered,Reminder: your next input redemption window is open. Visit your agrodealer this week.,2026-10-06T06:45:11+00:00
F100725,low,0.0003,sms_nudge,sms,delivered,Reminder: your next input redemption window is open. Visit your agrodealer this week.,2026-10-06T06:45:11+00:00
F100726,low,0.0063,sms_nudge,sms,delivered,Reminder: your next input redemption window is open. Visit your agrodealer this week.,2026-10-06T06:45:11+00:00
F100727,low,0.0083,sms_nudge,sms,delivered,Reminder: your next input redemption window is open. Visit your agrodealer this week.,2026-10-06T06:45:11+00:00
F100728,low,0.0017,sms_nudge,sms,delivered,Reminder: your next input redemption window is open. Visit your agrodealer this week.,2026-10-06T06:45:11+00:00
F100729,high,0.9976,supervisor_escalation,escalation,sent,High default risk (score=1.00) - long gap since last farm visit; low input redemption rate,2026-10-06T06:45:11+00:00
F100730,low,0.0034,sms_nudge,sms,delivered,Reminder: your next input redemption window is open. Visit your agrodealer this week.,2026-10-06T06:45:11+00:00
F100731,low,0.1644,sms_nudge,sms,delivered,Reminder: your next input redemption window is open. Visit your agrodealer this week.,2026-10-06T06:45:11+00:00
F100732,high,0.9779,supervisor_escalation,escalation,sent,High default risk (score=0.98) - long gap since last farm visit; weak repayment among peer group,2026-10-06T06:45:11+00:00
F100733,low,0.0015,sms_nudge,sms,delivered,Reminder: your next input redemption window is open. Visit your agrodealer this week.,2026-10-06T06:45:11+00:00
F100734,low,0.0033,sms_nudge,sms,delivered,Reminder: your next input redemption window is open. Visit your agrodealer this week.,2026-10-06T06:45:11+00:00
F100735,low,0.0023,sms_nudge,sms,delivered,Reminder: your next input redemption window is open. Visit your agrodealer this week.,2026-10-06T06:45:11+00:00
F100736,low,0.0008,sms_nudge,sms,delivered,Reminder: your next input redemption window is open. Visit your agrodealer this week.,2026-10-06T06:45:11+00:00
F100737,low,0.0,sms_nudge,sms,delivered,Reminder: your next input redemption window is open. Visit your agrodealer this week.,2026-10-06T06:45:11+00:00
F100738,high,1.0,supervisor_escalation,escalation,sent,High default risk (score=1.00) - long gap since last farm visit; weak repayment among peer group,2026-10-06T06:45:11+00:00
F100739,high,0.9685,supervisor_escalation,escalation,sent,High default risk (score=0.97) - long gap since last farm visit; low training attendance,2026-10-06T06:45:11+00:00
F100740,low,0.0058,sms_nudge,sms,delivered,Reminder: your next input redemption window is open. Visit your agrodealer this week.,2026-10-06T06:45:11+00:00
F100741,low,0.0005,sms_nudge,sms,delivered,Reminder: your next input redemption window is open. Visit your agrodealer this week.,2026-10-06T06:45:11+00:00
F100742,low,0.0011,sms_nudge,sms,delivered,Reminder: your next input redemption window is open. Visit your agrodealer this week.,2026-10-06T06:45:11+00:00
F100743,low,0.0477,sms_nudge,sms,delivered,Reminder: your next input redemption window is open. Visit your agrodealer this week.,2026-10-06T06:45:11+00:00
F100744,low,0.0008,sms_nudge,sms,delivered,Reminder: your next input redemption window is open. Visit your agrodealer this week.,2026-10-06T06:45:11+00:00
F100745,low,0.0047,sms_nudge,sms,failed,Reminder: your next input redemption window is open. Visit your agrodealer this week.,2026-10-06T06:45:11+00:00
F100746,low,0.001,sms_nudge,sms,failed,Reminder: your next input redemption window is open. Visit your agrodealer this week.,2026-10-06T06:45:11+00:00
F100747,low,0.0001,sms_nudge,sms,delivered,Reminder: your next input redemption window is open. Visit your agrodealer this week.,2026-10-06T06:45:11+00:00
F100748,low,0.0064,sms_nudge,sms,delivered,Reminder: your next input redemption window is open. Visit your agrodealer this week.,2026-10-06T06:45:11+00:00
F100749,high,0.9288,supervisor_escalation,escalation,sent,High default risk (score=0.93) - low input redemption rate; no active mobile money usage,2026-10-06T06:45:11+00:00
F100750,low,0.001,sms_nudge,sms,delivered,Reminder: your next input redemption window is open. Visit your agrodealer this week.,2026-10-06T06:45:11+00:00
F100751,low,0.0006,sms_nudge,sms,delivered,Reminder: your next input redemption window is open. Visit your agrodealer this week.,2026-10-06T06:45:11+00:00
F100752,low,0.001,sms_nudge,sms,delivered,Reminder: your next input redemption window is open. Visit your agrodealer this week.,2026-10-06T06:45:11+00:00
F100753,low,0.0036,sms_nudge,sms,delivered,Reminder: your next input redemption window is open. Visit your agrodealer this week.,2026-10-06T06:45:11+00:00
F100754,low,0.025,sms_nudge,sms,delivered,Reminder: your next input redemption window is open. Visit your agrodealer this week.,2026-10-06T06:45:11+00:00
F100755,low,0.0013,sms_nudge,sms,failed,Reminder: your next input redemption window is open. Visit your agrodealer this week.,2026-10-06T06:45:11+00:00
F100756,low,0.0218,sms_nudge,sms,delivered,Reminder: your next input redemption window is open. Visit your agrodealer this week.,2026-10-06T06:45:11+00:00
F100757,high,0.996,supervisor_escalation,escalation,sent,High default risk (score=1.00) - long gap since last farm visit; no active mobile money usage,2026-10-06T06:45:11+00:00
F100758,low,0.0016,sms_nudge,sms,delivered,Reminder: your next input redemption window is open. Visit your agrodealer this week.,2026-10-06T06:45:11+00:00
F100759,low,0.0003,sms_nudge,sms,delivered,Reminder: your next input redemption window is open. Visit your agrodealer this week.,2026-10-06T06:45:11+00:00
F100760,low,0.0068,sms_nudge,sms,delivered,Reminder: your next input redemption window is open. Visit your agrodealer this week.,2026-10-06T06:45:11+00:00
F100761,low,0.0011,sms_nudge,sms,delivered,Reminder: your next input redemption window is open. Visit your agrodealer this week.,2026-10-06T06:45:11+00:00
F100762,low,0.0315,sms_nudge,sms,delivered,Reminder: your next input redemption window is open. Visit your agrodealer this week.,2026-10-06T06:45:11+00:00
F100763,low,0.0293,sms_nudge,sms,delivered,Reminder: your next input redemption window is open. Visit your agrodealer this week.,2026-10-06T06:45:11+00:00
F100764,low,0.0002,sms_nudge,sms,delivered,Reminder: your next input redemption window is open. Visit your agrodealer this week.,2026-10-06T06:45:11+00:00
F100765,high,0.9932,supervisor_escalation,escalation,sent,High default risk (score=0.99) - low input redemption rate; low training attendance,2026-10-06T06:45:11+00:00
F100766,low,0.041,sms_nudge,sms,delivered,Reminder: your next input redemption window is open. Visit your agrodealer this week.,2026-10-06T06:45:11+00:00
F100767,low,0.0016,sms_nudge,sms,delivered,Reminder: your next input redemption window is open. Visit your agrodealer this week.,2026-10-06T06:45:11+00:00
F100768,low,0.0004,sms_nudge,sms,delivered,Reminder: your next input redemption window is open. Visit your agrodealer this week.,2026-10-06T06:45:11+00:00
F100769,low,0.0004,sms_nudge,sms,delivered,Reminder: your next input redemption window is open. Visit your agrodealer this week.,2026-10-06T06:45:11+00:00
F100770,low,0.001,sms_nudge,sms,delivered,Reminder: your next input redemption window is open. Visit your agrodealer this week.,2026-10-06T06:45:11+00:00
F100771,high,0.9831,supervisor_escalation,escalation,sent,High default risk (score=0.98) - long gap since last farm visit; low input redemption rate,2026-10-06T06:45:11+00:00
F100772,low,0.0013,sms_nudge,sms,delivered,Reminder: your next input redemption window is open. Visit your agrodealer this week.,2026-10-06T06:45:11+00:00
F100773,low,0.006,sms_nudge,sms,failed,Reminder: your next input redemption window is open. Visit your agrodealer this week.,2026-10-06T06:45:11+00:00
F100774,low,0.0001,sms_nudge,sms,delivered,Reminder: your next input redemption window is open. Visit your agrodealer this week.,2026-10-06T06:45:11+00:00
F100775,low,0.0302,sms_nudge,sms,delivered,Reminder: your next input redemption window is open. Visit your agrodealer this week.,2026-10-06T06:45:11+00:00
F100776,low,0.0004,sms_nudge,sms,delivered,Reminder: your next input redemption window is open. Visit your agrodealer this week.,2026-10-06T06:45:11+00:00
F100777,high,0.9087,supervisor_escalation,escalation,sent,High default risk (score=0.91) - weak repayment among peer group; long distance to nearest agrodealer,2026-10-06T06:45:11+00:00
F100778,low,0.0506,sms_nudge,sms,delivered,Reminder: your next input redemption window is open. Visit your agrodealer this week.,2026-10-06T06:45:11+00:00
F100779,low,0.0016,sms_nudge,sms,delivered,Reminder: your next input redemption window is open. Visit your agrodealer this week.,2026-10-06T06:45:11+00:00
F100780,low,0.0395,sms_nudge,sms,delivered,Reminder: your next input redemption window is open. Visit your agrodealer this week.,2026-10-06T06:45:11+00:00
F100781,low,0.0051,sms_nudge,sms,delivered,Reminder: your next input redemption window is open. Visit your agrodealer this week.,2026-10-06T06:45:11+00:00
F100782,low,0.0218,sms_nudge,sms,delivered,Reminder: your next input redemption window is open. Visit your agrodealer this week.,2026-10-06T06:45:11+00:00
F100783,low,0.0135,sms_nudge,sms,delivered,Reminder: your next input redemption window is open. Visit your agrodealer this week.,2026-10-06T06:45:11+00:00
F100784,low,0.0045,sms_nudge,sms,delivered,Reminder: your next input redemption window is open. Visit your agrodealer this week.,2026-10-06T06:45:11+00:00
F100785,low,0.0017,sms_nudge,sms,delivered,Reminder: your next input redemption window is open. Visit your agrodealer this week.,2026-10-06T06:45:11+00:00
F100786,high,0.9429,supervisor_escalation,escalation,sent,High default risk (score=0.94) - weak repayment among peer group; no active mobile money usage,2026-10-06T06:45:11+00:00
F100787,medium,0.4767,field_agent_task,crm_task,created,Field visit follow-up (medium),2026-10-06T06:45:11+00:00
F100788,low,0.0166,sms_nudge,sms,delivered,Reminder: your next input redemption window is open. Visit your agrodealer this week.,2026-10-06T06:45:11+00:00
F100789,high,0.9217,supervisor_escalation,escalation,sent,High default risk (score=0.92) - no active mobile money usage; weak repayment among peer group,2026-10-06T06:45:11+00:00
F100790,low,0.0003,sms_nudge,sms,delivered,Reminder: your next input redemption window is open. Visit your agrodealer this week.,2026-10-06T06:45:11+00:00
F100791,low,0.0095,sms_nudge,sms,delivered,Reminder: your next input redemption window is open. Visit your agrodealer this week.,2026-10-06T06:45:11+00:00
F100792,low,0.0006,sms_nudge,sms,delivered,Reminder: your next input redemption window is open. Visit your agrodealer this week.,2026-10-06T06:45:11+00:00
F100793,low,0.1614,sms_nudge,sms,delivered,Reminder: your next input redemption window is open. Visit your agrodealer this week.,2026-10-06T06:45:11+00:00
F100794,low,0.011,sms_nudge,sms,delivered,Reminder: your next input redemption window is open. Visit your agrodealer this week.,2026-10-06T06:45:11+00:00
F100795,low,0.0004,sms_nudge,sms,failed,Reminder: your next input redemption window is open. Visit your agrodealer this week.,2026-10-06T06:45:11+00:00
F100796,low,0.0004,sms_nudge,sms,delivered,Reminder: your next input redemption window is open. Visit your agrodealer this week.,2026-10-06T06:45:11+00:00
F100797,low,0.0015,sms_nudge,sms,delivered,Reminder: your next input redemption window is open. Visit your agrodealer this week.,2026-10-06T06:45:11+00:00
F100798,high,0.9979,supervisor_escalation,escalation,sent,High default risk (score=1.00) - long gap since last farm visit; low training attendance,2026-10-06T06:45:11+00:00
F100799,high,0.9989,supervisor_escalation,escalation,sent,High default risk (score=1.00) - low input redemption rate; long gap since last farm visit,2026-10-06T06:45:11+00:00
F100800,low,0.0022,sms_nudge,sms,delivered,Reminder: your next input redemption window is open. Visit your agrodealer this week.,2026-10-06T06:45:11+00:00
F100801,high,0.9744,supervisor_escalation,escalation,sent,High default risk (score=0.97) - long gap since last farm visit; no active mobile money usage,2026-10-06T06:45:11+00:00
F100802,low,0.0582,sms_nudge,sms,delivered,Reminder: your next input redemption window is open. Visit your agrodealer this week.,2026-10-06T06:45:11+00:00
F100803,low,0.0264,sms_nudge,sms,delivered,Reminder: your next input redemption window is open. Visit your agrodealer this week.,2026-10-06T06:45:11+00:00
F100804,low,0.0002,sms_nudge,sms,failed,Reminder: your next input redemption window is open. Visit your agrodealer this week.,2026-10-06T06:45:11+00:00
F100805,high,0.9989,supervisor_escalation,escalation,sent,High default risk (score=1.00) - long gap since last farm visit; low input redemption rate,2026-10-06T06:45:11+00:00
F100806,low,0.0005,sms_nudge,sms,delivered,Reminder: your next input redemption window is open. Visit your agrodealer this week.,2026-10-06T06:45:11+00:00
F100807,high,0.8303,supervisor_escalation,escalation,sent,High default risk (score=0.83) - no active mobile money usage; weak repayment among peer group,2026-10-06T06:45:11+00:00
F100808,low,0.0012,sms_nudge,sms,delivered,Reminder: your next input redemption window is open. Visit your agrodealer this week.,2026-10-06T06:45:11+00:00
F100809,low,0.0024,sms_nudge,sms,delivered,Reminder: your next input redemption window is open. Visit your agrodealer this week.,2026-10-06T06:45:11+00:00
F100810,low,0.0002,sms_nudge,sms,delivered,Reminder: your next input redemption window is open. Visit your agrodealer this week.,2026-10-06T06:45:11+00:00
F100811,low,0.0669,sms_nudge,sms,delivered,Reminder: your next input redemption window is open. Visit your agrodealer this week.,2026-10-06T06:45:11+00:00
F100812,low,0.0012,sms_nudge,sms,delivered,Reminder: your next input redemption window is open. Visit your agrodealer this week.,2026-10-06T06:45:11+00:00
F100813,low,0.0013,sms_nudge,sms,delivered,Reminder: your next input redemption window is open. Visit your agrodealer this week.,2026-10-06T06:45:11+00:00
F100814,medium,0.3896,field_agent_task,crm_task,created,Field visit follow-up (medium),2026-10-06T06:45:11+00:00
F100815,low,0.001,sms_nudge,sms,delivered,Reminder: your next input redemption window is open. Visit your agrodealer this week.,2026-10-06T06:45:11+00:00
F100816,high,0.9867,supervisor_escalation,escalation,sent,High default risk (score=0.99) - low training attendance; long gap since last farm visit,2026-10-06T06:45:11+00:00
F100817,low,0.0091,sms_nudge,sms,delivered,Reminder: your next input redemption window is open. Visit your agrodealer this week.,2026-10-06T06:45:11+00:00
F100818,low,0.0418,sms_nudge,sms,delivered,Reminder: your next input redemption window is open. Visit your agrodealer this week.,2026-10-06T06:45:11+00:00
F100819,low,0.0001,sms_nudge,sms,delivered,Reminder: your next input redemption window is open. Visit your agrodealer this week.,2026-10-06T06:45:11+00:00
F100820,low,0.0028,sms_nudge,sms,delivered,Reminder: your next input redemption window is open. Visit your agrodealer this week.,2026-10-06T06:45:11+00:00
F100821,low,0.0028,sms_nudge,sms,delivered,Reminder: your next input redemption window is open. Visit your agrodealer this week.,2026-10-06T06:45:11+00:00
F100822,low,0.0997,sms_nudge,sms,delivered,Reminder: your next input redemption window is open. Visit your agrodealer this week.,2026-10-06T06:45:11+00:00
F100823,low,0.0094,sms_nudge,sms,delivered,Reminder: your next input redemption window is open. Visit your agrodealer this week.,2026-10-06T06:45:11+00:00
F100824,low,0.0114,sms_nudge,sms,delivered,Reminder: your next input redemption window is open. Visit your agrodealer this week.,2026-10-06T06:45:11+00:00
F100825,low,0.0004,sms_nudge,sms,delivered,Reminder: your next input redemption window is open. Visit your agrodealer this week.,2026-10-06T06:45:11+00:00
F100826,high,0.9312,supervisor_escalation,escalation,sent,High default risk (score=0.93) - weak repayment among peer group; long gap since last farm visit,2026-10-06T06:45:11+00:00
F100827,high,0.9497,supervisor_escalation,escalation,sent,High default risk (score=0.95) - long gap since last farm visit; below-average prior yield,2026-10-06T06:45:11+00:00
F100828,low,0.0482,sms_nudge,sms,delivered,Reminder: your next input redemption window is open. Visit your agrodealer this week.,2026-10-06T06:45:11+00:00
F100829,high,0.9961,supervisor_escalation,escalation,sent,High default risk (score=1.00) - weak repayment among peer group; low training attendance,2026-10-06T06:45:11+00:00
F100830,low,0.0261,sms_nudge,sms,delivered,Reminder: your next input redemption window is open. Visit your agrodealer this week.,2026-10-06T06:45:11+00:00
F100831,low,0.248,sms_nudge,sms,delivered,Reminder: your next input redemption window is open. Visit your agrodealer this week.,2026-10-06T06:45:11+00:00
F100832,high,0.9422,supervisor_escalation,escalation,sent,High default risk (score=0.94) - long gap since last farm visit; no active mobile money usage,2026-10-06T06:45:11+00:00
F100833,low,0.0001,sms_nudge,sms,delivered,Reminder: your next input redemption window is open. Visit your agrodealer this week.,2026-10-06T06:45:11+00:00
F100834,low,0.0001,sms_nudge,sms,delivered,Reminder: your next input redemption window is open. Visit your agrodealer this week.,2026-10-06T06:45:11+00:00
F100835,high,0.9068,supervisor_escalation,escalation,sent,High default risk (score=0.91) - weak repayment among peer group; below-average prior yield,2026-10-06T06:45:11+00:00
F100836,high,0.9691,supervisor_escalation,escalation,sent,High default risk (score=0.97) - long gap since last farm visit; weak repayment among peer group,2026-10-06T06:45:11+00:00
F100837,high,0.9972,supervisor_escalation,escalation,sent,High default risk (score=1.00) - long gap since last farm visit; weak repayment among peer group,2026-10-06T06:45:11+00:00
F100838,high,0.9996,supervisor_escalation,escalation,sent,High default risk (score=1.00) - long gap since last farm visit; weak repayment among peer group,2026-10-06T06:45:11+00:00
F100839,low,0.0009,sms_nudge,sms,delivered,Reminder: your next input redemption window is open. Visit your agrodealer this week.,2026-10-06T06:45:11+00:00
F100840,low,0.0005,sms_nudge,sms,delivered,Reminder: your next input redemption window is open. Visit your agrodealer this week.,2026-10-06T06:45:11+00:00
F100841,low,0.0507,sms_nudge,sms,delivered,Reminder: your next input redemption window is open. Visit your agrodealer this week.,2026-10-06T06:45:11+00:00
F100842,medium,0.3742,field_agent_task,crm_task,created,Field visit follow-up (medium),2026-10-06T06:45:11+00:00
F100843,low,0.0003,sms_nudge,sms,delivered,Reminder: your next input redemption window is open. Visit your agrodealer this week.,2026-10-06T06:45:11+00:00
F100844,high,0.9513,supervisor_escalation,escalation,sent,High default risk (score=0.95) - low input redemption rate; weak repayment among peer group,2026-10-06T06:45:11+00:00
F100845,high,0.9985,supervisor_escalation,escalation,sent,High default risk (score=1.00) - weak repayment among peer group; long gap since last farm visit,2026-10-06T06:45:11+00:00
F100846,low,0.1231,sms_nudge,sms,delivered,Reminder: your next input redemption window is open. Visit your agrodealer this week.,2026-10-06T06:45:11+00:00
F100847,low,0.0425,sms_nudge,sms,delivered,Reminder: your next input redemption window is open. Visit your agrodealer this week.,2026-10-06T06:45:11+00:00
F100848,low,0.0287,sms_nudge,sms,delivered,Reminder: your next input redemption window is open. Visit your agrodealer this week.,2026-10-06T06:45:11+00:00
F100849,low,0.0131,sms_nudge,sms,delivered,Reminder: your next input redemption window is open. Visit your agrodealer this week.,2026-10-06T06:45:11+00:00
F100850,low,0.1383,sms_nudge,sms,delivered,Reminder: your next input redemption window is open. Visit your agrodealer this week.,2026-10-06T06:45:11+00:00
F100851,low,0.0017,sms_nudge,sms,delivered,Reminder: your next input redemption window is open. Visit your agrodealer this week.,2026-10-06T06:45:11+00:00
F100852,low,0.0026,sms_nudge,sms,delivered,Reminder: your next input redemption window is open. Visit your agrodealer this week.,2026-10-06T06:45:11+00:00
F100853,low,0.0171,sms_nudge,sms,delivered,Reminder: your next input redemption window is open. Visit your agrodealer this week.,2026-10-06T06:45:11+00:00
F100854,high,0.7819,supervisor_escalation,escalation,sent,High default risk (score=0.78) - long gap since last farm visit; no active mobile money usage,2026-10-06T06:45:11+00:00
F100855,low,0.0519,sms_nudge,sms,delivered,Reminder: your next input redemption window is open. Visit your agrodealer this week.,2026-10-06T06:45:11+00:00
F100856,low,0.0054,sms_nudge,sms,delivered,Reminder: your next input redemption window is open. Visit your agrodealer this week.,2026-10-06T06:45:11+00:00
F100857,low,0.0555,sms_nudge,sms,delivered,Reminder: your next input redemption window is open. Visit your agrodealer this week.,2026-10-06T06:45:11+00:00
F100858,low,0.0013,sms_nudge,sms,delivered,Reminder: your next input redemption window is open. Visit your agrodealer this week.,2026-10-06T06:45:11+00:00
F100859,low,0.0006,sms_nudge,sms,delivered,Reminder: your next input redemption window is open. Visit your agrodealer this week.,2026-10-06T06:45:11+00:00
F100860,low,0.0008,sms_nudge,sms,delivered,Reminder: your next input redemption window is open. Visit your agrodealer this week.,2026-10-06T06:45:11+00:00
F100861,medium,0.4391,field_agent_task,crm_task,created,Field visit follow-up (medium),2026-10-06T06:45:11+00:00
F100862,low,0.0008,sms_nudge,sms,delivered,Reminder: your next input redemption window is open. Visit your agrodealer this week.,2026-10-06T06:45:11+00:00
F100863,low,0.0153,sms_nudge,sms,delivered,Reminder: your next input redemption window is open. Visit your agrodealer this week.,2026-10-06T06:45:11+00:00
F100864,low,0.0046,sms_nudge,sms,delivered,Reminder: your next input redemption window is open. Visit your agrodealer this week.,2026-10-06T06:45:11+00:00
F100865,low,0.045,sms_nudge,sms,delivered,Reminder: your next input redemption window is open. Visit your agrodealer this week.,2026-10-06T06:45:11+00:00
F100866,low,0.0008,sms_nudge,sms,delivered,Reminder: your next input redemption window is open. Visit your agrodealer this week.,2026-10-06T06:45:11+00:00
F100867,low,0.0079,sms_nudge,sms,delivered,Reminder: your next input redemption window is open. Visit your agrodealer this week.,2026-10-06T06:45:11+00:00
F100868,low,0.0003,sms_nudge,sms,delivered,Reminder: your next input redemption window is open. Visit your agrodealer this week.,2026-10-06T06:45:11+00:00
F100869,low,0.0135,sms_nudge,sms,delivered,Reminder: your next input redemption window is open. Visit your agrodealer this week.,2026-10-06T06:45:11+00:00
F100870,low,0.0003,sms_nudge,sms,delivered,Reminder: your next input redemption window is open. Visit your agrodealer this week.,2026-10-06T06:45:11+00:00
F100871,low,0.0018,sms_nudge,sms,delivered,Reminder: your next input redemption window is open. Visit your agrodealer this week.,2026-10-06T06:45:11+00:00
F100872,low,0.0197,sms_nudge,sms,delivered,Reminder: your next input redemption window is open. Visit your agrodealer this week.,2026-10-06T06:45:11+00:00
F100873,low,0.0,sms_nudge,sms,failed,Reminder: your next input redemption window is open. Visit your agrodealer this week.,2026-10-06T06:45:11+00:00
F100874,low,0.011,sms_nudge,sms,failed,Reminder: your next input redemption window is open. Visit your agrodealer this week.,2026-10-06T06:45:11+00:00
F100875,low,0.0212,sms_nudge,sms,delivered,Reminder: your next input redemption window is open. Visit your agrodealer this week.,2026-10-06T06:45:11+00:00
F100876,high,0.963,supervisor_escalation,escalation,sent,High default risk (score=0.96) - long gap since last farm visit; no active mobile money usage,2026-10-06T06:45:11+00:00
F100877,low,0.0012,sms_nudge,sms,delivered,Reminder: your next input redemption window is open. Visit your agrodealer this week.,2026-10-06T06:45:11+00:00
F100878,high,0.9958,supervisor_escalation,escalation,sent,High default risk (score=1.00) - low training attendance; below-average prior yield,2026-10-06T06:45:11+00:00
F100879,low,0.002,sms_nudge,sms,delivered,Reminder: your next input redemption window is open. Visit your agrodealer this week.,2026-10-06T06:45:11+00:00
F100880,high,0.9881,supervisor_escalation,escalation,sent,High default risk (score=0.99) - long gap since last farm visit; low training attendance,2026-10-06T06:45:11+00:00
F100881,low,0.0002,sms_nudge,sms,delivered,Reminder: your next input redemption window is open. Visit your agrodealer this week.,2026-10-06T06:45:11+00:00
F100882,low,0.0004,sms_nudge,sms,failed,Reminder: your next input redemption window is open. Visit your agrodealer this week.,2026-10-06T06:45:11+00:00
F100883,low,0.0028,sms_nudge,sms,delivered,Reminder: your next input redemption window is open. Visit your agrodealer this week.,2026-10-06T06:45:11+00:00
F100884,low,0.03,sms_nudge,sms,delivered,Reminder: your next input redemption window is open. Visit your agrodealer this week.,2026-10-06T06:45:11+00:00
F100885,low,0.0016,sms_nudge,sms,delivered,Reminder: your next input redemption window is open. Visit your agrodealer this week.,2026-10-06T06:45:11+00:00
F100886,low,0.0036,sms_nudge,sms,delivered,Reminder: your next input redemption window is open. Visit your agrodealer this week.,2026-10-06T06:45:11+00:00
F100887,low,0.0022,sms_nudge,sms,delivered,Reminder: your next input redemption window is open. Visit your agrodealer this week.,2026-10-06T06:45:11+00:00
F100888,low,0.002,sms_nudge,sms,delivered,Reminder: your next input redemption window is open. Visit your agrodealer this week.,2026-10-06T06:45:11+00:00
F100889,low,0.0028,sms_nudge,sms,delivered,Reminder: your next input redemption window is open. Visit your agrodealer this week.,2026-10-06T06:45:11+00:00
F100890,low,0.0005,sms_nudge,sms,delivered,Reminder: your next input redemption window is open. Visit your agrodealer this week.,2026-10-06T06:45:11+00:00
F100891,high,0.6977,supervisor_escalation,escalation,sent,High default risk (score=0.70) - low input redemption rate; long gap since last farm visit,2026-10-06T06:45:11+00:00
F100892,low,0.0651,sms_nudge,sms,delivered,Reminder: your next input redemption window is open. Visit your agrodealer this week.,2026-10-06T06:45:11+00:00
F100893,low,0.0225,sms_nudge,sms,delivered,Reminder: your next input redemption window is open. Visit your agrodealer this week.,2026-10-06T06:45:11+00:00
F100894,low,0.01,sms_nudge,sms,delivered,Reminder: your next input redemption window is open. Visit your agrodealer this week.,2026-10-06T06:45:11+00:00
F100895,low,0.012,sms_nudge,sms,delivered,Reminder: your next input redemption window is open. Visit your agrodealer this week.,2026-10-06T06:45:11+00:00
F100896,low,0.0004,sms_nudge,sms,delivered,Reminder: your next input redemption window is open. Visit your agrodealer this week.,2026-10-06T06:45:11+00:00
F100897,high,0.986,supervisor_escalation,escalation,sent,High default risk (score=0.99) - low input redemption rate; no active mobile money usage,2026-10-06T06:45:11+00:00
F100898,high,0.9986,supervisor_escalation,escalation,sent,High default risk (score=1.00) - low input redemption rate; long gap since last farm visit,2026-10-06T06:45:11+00:00
F100899,low,0.0092,sms_nudge,sms,delivered,Reminder: your next input redemption window is open. Visit your agrodealer this week.,2026-10-06T06:45:11+00:00
F100900,low,0.0016,sms_nudge,sms,delivered,Reminder: your next input redemption window is open. Visit your agrodealer this week.,2026-10-06T06:45:11+00:00
F100901,low,0.0044,sms_nudge,sms,delivered,Reminder: your next input redemption window is open. Visit your agrodealer this week.,2026-10-06T06:45:11+00:00
F100902,high,0.9647,supervisor_escalation,escalation,sent,High default risk (score=0.96) - low training attendance; weak repayment among peer group,2026-10-06T06:45:11+00:00
F100903,low,0.0009,sms_nudge,sms,failed,Reminder: your next input redemption window is open. Visit your agrodealer this week.,2026-10-06T06:45:11+00:00
F100904,low,0.083,sms_nudge,sms,delivered,Reminder: your next input redemption window is open. Visit your agrodealer this week.,2026-10-06T06:45:11+00:00
F100905,low,0.0044,sms_nudge,sms,delivered,Reminder: your next input redemption window is open. Visit your agrodealer this week.,2026-10-06T06:45:11+00:00
F100906,low,0.0123,sms_nudge,sms,delivered,Reminder: your next input redemption window is open. Visit your agrodealer this week.,2026-10-06T06:45:11+00:00
F100907,low,0.0001,sms_nudge,sms,delivered,Reminder: your next input redemption window is open. Visit your agrodealer this week.,2026-10-06T06:45:11+00:00
F100908,low,0.0004,sms_nudge,sms,delivered,Reminder: your next input redemption window is open. Visit your agrodealer this week.,2026-10-06T06:45:11+00:00
F100909,low,0.0491,sms_nudge,sms,delivered,Reminder: your next input redemption window is open. Visit your agrodealer this week.,2026-10-06T06:45:11+00:00
F100910,low,0.0284,sms_nudge,sms,delivered,Reminder: your next input redemption window is open. Visit your agrodealer this week.,2026-10-06T06:45:11+00:00
F100911,low,0.0005,sms_nudge,sms,delivered,Reminder: your next input redemption window is open. Visit your agrodealer this week.,2026-10-06T06:45:11+00:00
F100912,low,0.0459,sms_nudge,sms,delivered,Reminder: your next input redemption window is open. Visit your agrodealer this week.,2026-10-06T06:45:11+00:00
F100913,high,0.9235,supervisor_escalation,escalation,sent,High default risk (score=0.92) - long gap since last farm visit; no active mobile money usage,2026-10-06T06:45:11+00:00
F100914,low,0.0326,sms_nudge,sms,delivered,Reminder: your next input redemption window is open. Visit your agrodealer this week.,2026-10-06T06:45:11+00:00
F100915,low,0.0008,sms_nudge,sms,delivered,Reminder: your next input redemption window is open. Visit your agrodealer this week.,2026-10-06T06:45:11+00:00
F100916,high,0.6512,supervisor_escalation,escalation,sent,High default risk (score=0.65) - low input redemption rate; below-average prior yield,2026-10-06T06:45:11+00:00
F100917,low,0.0525,sms_nudge,sms,delivered,Reminder: your next input redemption window is open. Visit your agrodealer this week.,2026-10-06T06:45:11+00:00
F100918,low,0.0011,sms_nudge,sms,delivered,Reminder: your next input redemption window is open. Visit your agrodealer this week.,2026-10-06T06:45:11+00:00
F100919,low,0.0002,sms_nudge,sms,delivered,Reminder: your next input redemption window is open. Visit your agrodealer this week.,2026-10-06T06:45:11+00:00
F100920,high,0.9955,supervisor_escalation,escalation,sent,High default risk (score=1.00) - long gap since last farm visit; below-average prior yield,2026-10-06T06:45:11+00:00
F100921,low,0.0,sms_nudge,sms,delivered,Reminder: your next input redemption window is open. Visit your agrodealer this week.,2026-10-06T06:45:11+00:00
F100922,high,0.9357,supervisor_escalation,escalation,sent,High default risk (score=0.94) - low input redemption rate; low training attendance,2026-10-06T06:45:11+00:00
F100923,low,0.0006,sms_nudge,sms,delivered,Reminder: your next input redemption window is open. Visit your agrodealer this week.,2026-10-06T06:45:11+00:00
F100924,low,0.0001,sms_nudge,sms,failed,Reminder: your next input redemption window is open. Visit your agrodealer this week.,2026-10-06T06:45:11+00:00
F100925,high,1.0,supervisor_escalation,escalation,sent,High default risk (score=1.00) - long gap since last farm visit; weak repayment among peer group,2026-10-06T06:45:11+00:00
F100926,low,0.0275,sms_nudge,sms,delivered,Reminder: your next input redemption window is open. Visit your agrodealer this week.,2026-10-06T06:45:11+00:00
F100927,high,0.9822,supervisor_escalation,escalation,sent,High default risk (score=0.98) - long gap since last farm visit; low input redemption rate,2026-10-06T06:45:11+00:00
F100928,low,0.0004,sms_nudge,sms,delivered,Reminder: your next input redemption window is open. Visit your agrodealer this week.,2026-10-06T06:45:11+00:00
F100929,high,0.9823,supervisor_escalation,escalation,sent,High default risk (score=0.98) - low input redemption rate; weak repayment among peer group,2026-10-06T06:45:11+00:00
F100930,low,0.0002,sms_nudge,sms,delivered,Reminder: your next input redemption window is open. Visit your agrodealer this week.,2026-10-06T06:45:11+00:00
F100931,low,0.0002,sms_nudge,sms,delivered,Reminder: your next input redemption window is open. Visit your agrodealer this week.,2026-10-06T06:45:11+00:00
F100932,low,0.0324,sms_nudge,sms,delivered,Reminder: your next input redemption window is open. Visit your agrodealer this week.,2026-10-06T06:45:11+00:00
F100933,low,0.0017,sms_nudge,sms,delivered,Reminder: your next input redemption window is open. Visit your agrodealer this week.,2026-10-06T06:45:11+00:00
F100934,high,0.9589,supervisor_escalation,escalation,sent,High default risk (score=0.96) - low training attendance; long gap since last farm visit,2026-10-06T06:45:11+00:00
F100935,low,0.0016,sms_nudge,sms,delivered,Reminder: your next input redemption window is open. Visit your agrodealer this week.,2026-10-06T06:45:11+00:00
F100936,low,0.0009,sms_nudge,sms,delivered,Reminder: your next input redemption window is open. Visit your agrodealer this week.,2026-10-06T06:45:11+00:00
F100937,low,0.0255,sms_nudge,sms,delivered,Reminder: your next input redemption window is open. Visit your agrodealer this week.,2026-10-06T06:45:11+00:00
F100938,low,0.0046,sms_nudge,sms,delivered,Reminder: your next input redemption window is open. Visit your agrodealer this week.,2026-10-06T06:45:11+00:00
F100939,low,0.0134,sms_nudge,sms,delivered,Reminder: your next input redemption window is open. Visit your agrodealer this week.,2026-10-06T06:45:11+00:00
F100940,low,0.0011,sms_nudge,sms,failed,Reminder: your next input redemption window is open. Visit your agrodealer this week.,2026-10-06T06:45:11+00:00
F100941,high,0.8743,supervisor_escalation,escalation,sent,High default risk (score=0.87) - long gap since last farm visit; no active mobile money usage,2026-10-06T06:45:11+00:00
F100942,high,0.9168,supervisor_escalation,escalation,sent,High default risk (score=0.92) - no active mobile money usage; weak repayment among peer group,2026-10-06T06:45:11+00:00
F100943,low,0.0006,sms_nudge,sms,delivered,Reminder: your next input redemption window is open. Visit your agrodealer this week.,2026-10-06T06:45:11+00:00
F100944,low,0.0041,sms_nudge,sms,delivered,Reminder: your next input redemption window is open. Visit your agrodealer this week.,2026-10-06T06:45:11+00:00
F100945,low,0.0038,sms_nudge,sms,delivered,Reminder: your next input redemption window is open. Visit your agrodealer this week.,2026-10-06T06:45:11+00:00
F100946,low,0.0185,sms_nudge,sms,delivered,Reminder: your next input redemption window is open. Visit your agrodealer this week.,2026-10-06T06:45:11+00:00
F100947,low,0.0763,sms_nudge,sms,delivered,Reminder: your next input redemption window is open. Visit your agrodealer this week.,2026-10-06T06:45:11+00:00
F100948,high,0.9911,supervisor_escalation,escalation,sent,High default risk (score=0.99) - long distance to nearest agrodealer; long gap since last farm visit,2026-10-06T06:45:11+00:00
F100949,low,0.001,sms_nudge,sms,delivered,Reminder: your next input redemption window is open. Visit your agrodealer this week.,2026-10-06T06:45:11+00:00
F100950,low,0.0113,sms_nudge,sms,delivered,Reminder: your next input redemption window is open. Visit your agrodealer this week.,2026-10-06T06:45:11+00:00
F100951,low,0.0051,sms_nudge,sms,failed,Reminder: your next input redemption window is open. Visit your agrodealer this week.,2026-10-06T06:45:11+00:00
F100952,medium,0.3457,field_agent_task,crm_task,created,Field visit follow-up (medium),2026-10-06T06:45:11+00:00
F100953,low,0.0008,sms_nudge,sms,delivered,Reminder: your next input redemption window is open. Visit your agrodealer this week.,2026-10-06T06:45:11+00:00
F100954,low,0.0173,sms_nudge,sms,delivered,Reminder: your next input redemption window is open. Visit your agrodealer this week.,2026-10-06T06:45:11+00:00
F100955,low,0.0,sms_nudge,sms,delivered,Reminder: your next input redemption window is open. Visit your agrodealer this week.,2026-10-06T06:45:11+00:00
F100956,low,0.0101,sms_nudge,sms,delivered,Reminder: your next input redemption window is open. Visit your agrodealer this week.,2026-10-06T06:45:11+00:00
F100957,low,0.0004,sms_nudge,sms,delivered,Reminder: your next input redemption window is open. Visit your agrodealer this week.,2026-10-06T06:45:11+00:00
F100958,low,0.0006,sms_nudge,sms,delivered,Reminder: your next input redemption window is open. Visit your agrodealer this week.,2026-10-06T06:45:11+00:00
F100959,low,0.0004,sms_nudge,sms,delivered,Reminder: your next input redemption window is open. Visit your agrodealer this week.,2026-10-06T06:45:11+00:00
F100960,high,0.9995,supervisor_escalation,escalation,sent,High default risk (score=1.00) - low training attendance; long gap since last farm visit,2026-10-06T06:45:11+00:00
F100961,low,0.0128,sms_nudge,sms,delivered,Reminder: your next input redemption window is open. Visit your agrodealer this week.,2026-10-06T06:45:11+00:00
F100962,low,0.0006,sms_nudge,sms,delivered,Reminder: your next input redemption window is open. Visit your agrodealer this week.,2026-10-06T06:45:11+00:00
F100963,low,0.0202,sms_nudge,sms,delivered,Reminder: your next input redemption window is open. Visit your agrodealer this week.,2026-10-06T06:45:11+00:00
F100964,low,0.0009,sms_nudge,sms,delivered,Reminder: your next input redemption window is open. Visit your agrodealer this week.,2026-10-06T06:45:11+00:00
F100965,low,0.0094,sms_nudge,sms,delivered,Reminder: your next input redemption window is open. Visit your agrodealer this week.,2026-10-06T06:45:11+00:00
F100966,low,0.0079,sms_nudge,sms,delivered,Reminder: your next input redemption window is open. Visit your agrodealer this week.,2026-10-06T06:45:11+00:00
F100967,high,0.9729,supervisor_escalation,escalation,sent,High default risk (score=0.97) - long distance to nearest agrodealer; long gap since last farm visit,2026-10-06T06:45:11+00:00
F100968,low,0.0984,sms_nudge,sms,delivered,Reminder: your next input redemption window is open. Visit your agrodealer this week.,2026-10-06T06:45:11+00:00
F100969,low,0.0003,sms_nudge,sms,delivered,Reminder: your next input redemption window is open. Visit your agrodealer this week.,2026-10-06T06:45:11+00:00
F100970,low,0.0123,sms_nudge,sms,delivered,Reminder: your next input redemption window is open. Visit your agrodealer this week.,2026-10-06T06:45:11+00:00
F100971,high,0.7898,supervisor_escalation,escalation,sent,High default risk (score=0.79) - weak repayment among peer group; age,2026-10-06T06:45:11+00:00
F100972,low,0.0024,sms_nudge,sms,delivered,Reminder: your next input redemption window is open. Visit your agrodealer this week.,2026-10-06T06:45:11+00:00
F100973,low,0.0257,sms_nudge,sms,delivered,Reminder: your next input redemption window is open. Visit your agrodealer this week.,2026-10-06T06:45:11+00:00
F100974,high,0.9073,supervisor_escalation,escalation,sent,High default risk (score=0.91) - weak repayment among peer group; no active mobile money usage,2026-10-06T06:45:11+00:00
F100975,low,0.0012,sms_nudge,sms,delivered,Reminder: your next input redemption window is open. Visit your agrodealer this week.,2026-10-06T06:45:11+00:00
F100976,low,0.0015,sms_nudge,sms,delivered,Reminder: your next input redemption window is open. Visit your agrodealer this week.,2026-10-06T06:45:11+00:00
F100977,low,0.0001,sms_nudge,sms,delivered,Reminder: your next input redemption window is open. Visit your agrodealer this week.,2026-10-06T06:45:11+00:00
F100978,low,0.0252,sms_nudge,sms,delivered,Reminder: your next input redemption window is open. Visit your agrodealer this week.,2026-10-06T06:45:11+00:00
F100979,high,0.9986,supervisor_escalation,escalation,sent,High default risk (score=1.00) - long gap since last farm visit; low input redemption rate,2026-10-06T06:45:11+00:00
F100980,high,0.9948,supervisor_escalation,escalation,sent,High default risk (score=0.99) - long gap since last farm visit; no active mobile money usage,2026-10-06T06:45:11+00:00
F100981,low,0.0033,sms_nudge,sms,delivered,Reminder: your next input redemption window is open. Visit your agrodealer this week.,2026-10-06T06:45:11+00:00
F100982,low,0.001,sms_nudge,sms,delivered,Reminder: your next input redemption window is open. Visit your agrodealer this week.,2026-10-06T06:45:11+00:00
F100983,low,0.0437,sms_nudge,sms,delivered,Reminder: your next input redemption window is open. Visit your agrodealer this week.,2026-10-06T06:45:11+00:00
F100984,low,0.0008,sms_nudge,sms,delivered,Reminder: your next input redemption window is open. Visit your agrodealer this week.,2026-10-06T06:45:11+00:00
F100985,high,0.9664,supervisor_escalation,escalation,sent,High default risk (score=0.97) - long gap since last farm visit; low training attendance,2026-10-06T06:45:11+00:00
F100986,low,0.0052,sms_nudge,sms,delivered,Reminder: your next input redemption window is open. Visit your agrodealer this week.,2026-10-06T06:45:11+00:00
F100987,low,0.0007,sms_nudge,sms,delivered,Reminder: your next input redemption window is open. Visit your agrodealer this week.,2026-10-06T06:45:11+00:00
F100988,low,0.0002,sms_nudge,sms,delivered,Reminder: your next input redemption window is open. Visit your agrodealer this week.,2026-10-06T06:45:11+00:00
F100989,low,0.003,sms_nudge,sms,delivered,Reminder: your next input redemption window is open. Visit your agrodealer this week.,2026-10-06T06:45:11+00:00
F100990,low,0.0001,sms_nudge,sms,delivered,Reminder: your next input redemption window is open. Visit your agrodealer this week.,2026-10-06T06:45:11+00:00
F100991,low,0.0083,sms_nudge,sms,delivered,Reminder: your next input redemption window is open. Visit your agrodealer this week.,2026-10-06T06:45:11+00:00
F100992,high,0.9995,supervisor_escalation,escalation,sent,High default risk (score=1.00) - low input redemption rate; weak repayment among peer group,2026-10-06T06:45:11+00:00
F100993,low,0.0018,sms_nudge,sms,delivered,Reminder: your next input redemption window is open. Visit your agrodealer this week.,2026-10-06T06:45:11+00:00
F100994,high,0.9965,supervisor_escalation,escalation,sent,High default risk (score=1.00) - below-average prior yield; long gap since last farm visit,2026-10-06T06:45:11+00:00
F100995,low,0.0032,sms_nudge,sms,delivered,Reminder: your next input redemption window is open. Visit your agrodealer this week.,2026-10-06T06:45:11+00:00
F100996,low,0.0024,sms_nudge,sms,delivered,Reminder: your next input redemption window is open. Visit your agrodealer this week.,2026-10-06T06:45:11+00:00
F100997,high,0.9051,supervisor_escalation,escalation,sent,High default risk (score=0.91) - low training attendance; below-average prior yield,2026-10-06T06:45:11+00:00
F100998,low,0.0002,sms_nudge,sms,delivered,Reminder: your next input redemption window is open. Visit your agrodealer this week.,2026-10-06T06:45:11+00:00
F100999,high,0.9098,supervisor_escalation,escalation,sent,High default risk (score=0.91) - low input redemption rate; long gap since last farm visit,2026-10-06T06:45:11+00:00
F101000,low,0.0001,sms_nudge,sms,delivered,Reminder: your next input redemption window is open. Visit your agrodealer this week.,2026-10-06T06:45:11+00:00
F101001,low,0.0159,sms_nudge,sms,delivered,Reminder: your next input redemption window is open. Visit your agrodealer this week.,2026-10-06T06:45:11+00:00
F101002,low,0.0156,sms_nudge,sms,delivered,Reminder: your next input redemption window is open. Visit your agrodealer this week.,2026-10-06T06:45:11+00:00
F101003,low,0.057,sms_nudge,sms,failed,Reminder: your next input redemption window is open. Visit your agrodealer this week.,2026-10-06T06:45:11+00:00
F101004,low,0.0469,sms_nudge,sms,delivered,Reminder: your next input redemption window is open. Visit your agrodealer this week.,2026-10-06T06:45:11+00:00
F101005,low,0.0938,sms_nudge,sms,delivered,Reminder: your next input redemption window is open. Visit your agrodealer this week.,2026-10-06T06:45:11+00:00
F101006,low,0.011,sms_nudge,sms,delivered,Reminder: your next input redemption window is open. Visit your agrodealer this week.,2026-10-06T06:45:11+00:00
F101007,high,0.9382,supervisor_escalation,escalation,sent,High default risk (score=0.94) - low training attendance; below-average prior yield,2026-10-06T06:45:11+00:00
F101008,low,0.0049,sms_nudge,sms,delivered,Reminder: your next input redemption window is open. Visit your agrodealer this week.,2026-10-06T06:45:11+00:00
F101009,low,0.0129,sms_nudge,sms,delivered,Reminder: your next input redemption window is open. Visit your agrodealer this week.,2026-10-06T06:45:11+00:00
F101010,high,0.997,supervisor_escalation,escalation,sent,High default risk (score=1.00) - long gap since last farm visit; low training attendance,2026-10-06T06:45:11+00:00
F101011,high,0.9778,supervisor_escalation,escalation,sent,High default risk (score=0.98) - long gap since last farm visit; low training attendance,2026-10-06T06:45:11+00:00
F101012,low,0.0162,sms_nudge,sms,failed,Reminder: your next input redemption window is open. Visit your agrodealer this week.,2026-10-06T06:45:11+00:00
F101013,low,0.0387,sms_nudge,sms,delivered,Reminder: your next input redemption window is open. Visit your agrodealer this week.,2026-10-06T06:45:11+00:00
F101014,low,0.0061,sms_nudge,sms,delivered,Reminder: your next input redemption window is open. Visit your agrodealer this week.,2026-10-06T06:45:11+00:00
F101015,high,0.976,supervisor_escalation,escalation,sent,High default risk (score=0.98) - long gap since last farm visit; low training attendance,2026-10-06T06:45:11+00:00
F101016,high,0.967,supervisor_escalation,escalation,sent,High default risk (score=0.97) - low input redemption rate; no active mobile money usage,2026-10-06T06:45:11+00:00
F101017,low,0.0009,sms_nudge,sms,delivered,Reminder: your next input redemption window is open. Visit your agrodealer this week.,2026-10-06T06:45:11+00:00
F101018,low,0.0101,sms_nudge,sms,delivered,Reminder: your next input redemption window is open. Visit your agrodealer this week.,2026-10-06T06:45:11+00:00
F101019,low,0.0004,sms_nudge,sms,delivered,Reminder: your next input redemption window is open. Visit your agrodealer this week.,2026-10-06T06:45:11+00:00
F101020,low,0.0709,sms_nudge,sms,delivered,Reminder: your next input redemption window is open. Visit your agrodealer this week.,2026-10-06T06:45:11+00:00
F101021,low,0.0016,sms_nudge,sms,delivered,Reminder: your next input redemption window is open. Visit your agrodealer this week.,2026-10-06T06:45:11+00:00
F101022,low,0.0016,sms_nudge,sms,delivered,Reminder: your next input redemption window is open. Visit your agrodealer this week.,2026-10-06T06:45:11+00:00
F101023,low,0.0894,sms_nudge,sms,delivered,Reminder: your next input redemption window is open. Visit your agrodealer this week.,2026-10-06T06:45:11+00:00
F101024,low,0.0012,sms_nudge,sms,delivered,Reminder: your next input redemption window is open. Visit your agrodealer this week.,2026-10-06T06:45:11+00:00
F101025,low,0.001,sms_nudge,sms,failed,Reminder: your next input redemption window is open. Visit your agrodealer this week.,2026-10-06T06:45:11+00:00
F101026,high,0.9531,supervisor_escalation,escalation,sent,High default risk (score=0.95) - low input redemption rate; long gap since last farm visit,2026-10-06T06:45:11+00:00
F101027,low,0.0033,sms_nudge,sms,delivered,Reminder: your next input redemption window is open. Visit your agrodealer this week.,2026-10-06T06:45:11+00:00
F101028,low,0.0006,sms_nudge,sms,delivered,Reminder: your next input redemption window is open. Visit your agrodealer this week.,2026-10-06T06:45:11+00:00
F101029,low,0.1633,sms_nudge,sms,delivered,Reminder: your next input redemption window is open. Visit your agrodealer this week.,2026-10-06T06:45:11+00:00
F101030,low,0.0132,sms_nudge,sms,delivered,Reminder: your next input redemption window is open. Visit your agrodealer this week.,2026-10-06T06:45:11+00:00
F101031,low,0.0241,sms_nudge,sms,delivered,Reminder: your next input redemption window is open. Visit your agrodealer this week.,2026-10-06T06:45:11+00:00
F101032,high,0.9382,supervisor_escalation,escalation,sent,High default risk (score=0.94) - low input redemption rate; no active mobile money usage,2026-10-06T06:45:11+00:00
F101033,low,0.0011,sms_nudge,sms,delivered,Reminder: your next input redemption window is open. Visit your agrodealer this week.,2026-10-06T06:45:11+00:00
F101034,low,0.0245,sms_nudge,sms,failed,Reminder: your next input redemption window is open. Visit your agrodealer this week.,2026-10-06T06:45:11+00:00
F101035,low,0.0003,sms_nudge,sms,delivered,Reminder: your next input redemption window is open. Visit your agrodealer this week.,2026-10-06T06:45:11+00:00
F101036,high,0.9946,supervisor_escalation,escalation,sent,High default risk (score=0.99) - weak repayment among peer group; long gap since last farm visit,2026-10-06T06:45:11+00:00
F101037,low,0.0017,sms_nudge,sms,delivered,Reminder: your next input redemption window is open. Visit your agrodealer this week.,2026-10-06T06:45:11+00:00
F101038,low,0.0075,sms_nudge,sms,delivered,Reminder: your next input redemption window is open. Visit your agrodealer this week.,2026-10-06T06:45:11+00:00
F101039,low,0.003,sms_nudge,sms,failed,Reminder: your next input redemption window is open. Visit your agrodealer this week.,2026-10-06T06:45:11+00:00
F101040,low,0.0004,sms_nudge,sms,failed,Reminder: your next input redemption window is open. Visit your agrodealer this week.,2026-10-06T06:45:11+00:00
F101041,high,0.9012,supervisor_escalation,escalation,sent,High default risk (score=0.90) - low input redemption rate; long distance to nearest agrodealer,2026-10-06T06:45:11+00:00
F101042,low,0.0,sms_nudge,sms,delivered,Reminder: your next input redemption window is open. Visit your agrodealer this week.,2026-10-06T06:45:11+00:00
F101043,low,0.0109,sms_nudge,sms,delivered,Reminder: your next input redemption window is open. Visit your agrodealer this week.,2026-10-06T06:45:11+00:00
F101044,low,0.0162,sms_nudge,sms,delivered,Reminder: your next input redemption window is open. Visit your agrodealer this week.,2026-10-06T06:45:11+00:00
F101045,low,0.0035,sms_nudge,sms,delivered,Reminder: your next input redemption window is open. Visit your agrodealer this week.,2026-10-06T06:45:11+00:00
F101046,low,0.0868,sms_nudge,sms,delivered,Reminder: your next input redemption window is open. Visit your agrodealer this week.,2026-10-06T06:45:11+00:00
F101047,low,0.0099,sms_nudge,sms,delivered,Reminder: your next input redemption window is open. Visit your agrodealer this week.,2026-10-06T06:45:11+00:00
F101048,high,0.9363,supervisor_escalation,escalation,sent,High default risk (score=0.94) - long gap since last farm visit; long distance to nearest agrodealer,2026-10-06T06:45:11+00:00
F101049,high,0.9857,supervisor_escalation,escalation,sent,High default risk (score=0.99) - low input redemption rate; no active mobile money usage,2026-10-06T06:45:11+00:00
F101050,low,0.0082,sms_nudge,sms,delivered,Reminder: your next input redemption window is open. Visit your agrodealer this week.,2026-10-06T06:45:11+00:00
F101051,low,0.0022,sms_nudge,sms,delivered,Reminder: your next input redemption window is open. Visit your agrodealer this week.,2026-10-06T06:45:11+00:00
F101052,low,0.1775,sms_nudge,sms,delivered,Reminder: your next input redemption window is open. Visit your agrodealer this week.,2026-10-06T06:45:11+00:00
F101053,low,0.0002,sms_nudge,sms,delivered,Reminder: your next input redemption window is open. Visit your agrodealer this week.,2026-10-06T06:45:11+00:00
F101054,low,0.0016,sms_nudge,sms,delivered,Reminder: your next input redemption window is open. Visit your agrodealer this week.,2026-10-06T06:45:11+00:00
F101055,low,0.0004,sms_nudge,sms,delivered,Reminder: your next input redemption window is open. Visit your agrodealer this week.,2026-10-06T06:45:11+00:00
F101056,low,0.0053,sms_nudge,sms,delivered,Reminder: your next input redemption window is open. Visit your agrodealer this week.,2026-10-06T06:45:11+00:00
F101057,low,0.1346,sms_nudge,sms,failed,Reminder: your next input redemption window is open. Visit your agrodealer this week.,2026-10-06T06:45:11+00:00
F101058,low,0.0006,sms_nudge,sms,delivered,Reminder: your next input redemption window is open. Visit your agrodealer this week.,2026-10-06T06:45:11+00:00
F101059,low,0.0011,sms_nudge,sms,delivered,Reminder: your next input redemption window is open. Visit your agrodealer this week.,2026-10-06T06:45:11+00:00
F101060,low,0.0022,sms_nudge,sms,delivered,Reminder: your next input redemption window is open. Visit your agrodealer this week.,2026-10-06T06:45:11+00:00
F101061,low,0.0007,sms_nudge,sms,delivered,Reminder: your next input redemption window is open. Visit your agrodealer this week.,2026-10-06T06:45:11+00:00
F101062,low,0.0014,sms_nudge,sms,failed,Reminder: your next input redemption window is open. Visit your agrodealer this week.,2026-10-06T06:45:11+00:00
F101063,low,0.0003,sms_nudge,sms,delivered,Reminder: your next input redemption window is open. Visit your agrodealer this week.,2026-10-06T06:45:11+00:00
F101064,low,0.0001,sms_nudge,sms,delivered,Reminder: your next input redemption window is open. Visit your agrodealer this week.,2026-10-06T06:45:11+00:00
F101065,low,0.0317,sms_nudge,sms,delivered,Reminder: your next input redemption window is open. Visit your agrodealer this week.,2026-10-06T06:45:11+00:00
F101066,low,0.001,sms_nudge,sms,delivered,Reminder: your next input redemption window is open. Visit your agrodealer this week.,2026-10-06T06:45:11+00:00
F101067,high,0.9775,supervisor_escalation,escalation,sent,High default risk (score=0.98) - low input redemption rate; long gap since last farm visit,2026-10-06T06:45:11+00:00
F101068,low,0.004,sms_nudge,sms,delivered,Reminder: your next input redemption window is open. Visit your agrodealer this week.,2026-10-06T06:45:11+00:00
F101069,low,0.0005,sms_nudge,sms,delivered,Reminder: your next input redemption window is open. Visit your agrodealer this week.,2026-10-06T06:45:11+00:00
F101070,low,0.0243,sms_nudge,sms,delivered,Reminder: your next input redemption window is open. Visit your agrodealer this week.,2026-10-06T06:45:11+00:00
F101071,low,0.0008,sms_nudge,sms,delivered,Reminder: your next input redemption window is open. Visit your agrodealer this week.,2026-10-06T06:45:11+00:00
F101072,low,0.0387,sms_nudge,sms,delivered,Reminder: your next input redemption window is open. Visit your agrodealer this week.,2026-10-06T06:45:11+00:00
F101073,low,0.009,sms_nudge,sms,delivered,Reminder: your next input redemption window is open. Visit your agrodealer this week.,2026-10-06T06:45:11+00:00
F101074,low,0.0041,sms_nudge,sms,delivered,Reminder: your next input redemption window is open. Visit your agrodealer this week.,2026-10-06T06:45:11+00:00
F101075,low,0.0034,sms_nudge,sms,delivered,Reminder: your next input redemption window is open. Visit your agrodealer this week.,2026-10-06T06:45:11+00:00
F101076,low,0.0228,sms_nudge,sms,delivered,Reminder: your next input redemption window is open. Visit your agrodealer this week.,2026-10-06T06:45:11+00:00
F101077,high,0.9937,supervisor_escalation,escalation,sent,High default risk (score=0.99) - long gap since last farm visit; low training attendance,2026-10-06T06:45:11+00:00
F101078,low,0.0017,sms_nudge,sms,delivered,Reminder: your next input redemption window is open. Visit your agrodealer this week.,2026-10-06T06:45:11+00:00
F101079,high,0.9248,supervisor_escalation,escalation,sent,High default risk (score=0.92) - low input redemption rate; weak repayment among peer group,2026-10-06T06:45:11+00:00
F101080,low,0.0017,sms_nudge,sms,delivered,Reminder: your next input redemption window is open. Visit your agrodealer this week.,2026-10-06T06:45:11+00:00
F101081,low,0.0048,sms_nudge,sms,delivered,Reminder: your next input redemption window is open. Visit your agrodealer this week.,2026-10-06T06:45:11+00:00
F101082,high,0.9913,supervisor_escalation,escalation,sent,High default risk (score=0.99) - weak repayment among peer group; low input redemption rate,2026-10-06T06:45:11+00:00
F101083,high,0.9276,supervisor_escalation,escalation,sent,High default risk (score=0.93) - long gap since last farm visit; no active mobile money usage,2026-10-06T06:45:11+00:00
F101084,low,0.0001,sms_nudge,sms,delivered,Reminder: your next input redemption window is open. Visit your agrodealer this week.,2026-10-06T06:45:11+00:00
F101085,high,0.9971,supervisor_escalation,escalation,sent,High default risk (score=1.00) - long gap since last farm visit; low training attendance,2026-10-06T06:45:11+00:00
F101086,medium,0.519,field_agent_task,crm_task,created,Field visit follow-up (medium),2026-10-06T06:45:11+00:00
F101087,high,0.9505,supervisor_escalation,escalation,sent,High default risk (score=0.95) - no active mobile money usage; weak repayment among peer group,2026-10-06T06:45:11+00:00
F101088,low,0.0009,sms_nudge,sms,delivered,Reminder: your next input redemption window is open. Visit your agrodealer this week.,2026-10-06T06:45:11+00:00
F101089,high,0.9932,supervisor_escalation,escalation,sent,High default risk (score=0.99) - low training attendance; no active mobile money usage,2026-10-06T06:45:11+00:00
F101090,low,0.0012,sms_nudge,sms,delivered,Reminder: your next input redemption window is open. Visit your agrodealer this week.,2026-10-06T06:45:11+00:00
F101091,low,0.0048,sms_nudge,sms,delivered,Reminder: your next input redemption window is open. Visit your agrodealer this week.,2026-10-06T06:45:11+00:00
F101092,low,0.0017,sms_nudge,sms,delivered,Reminder: your next input redemption window is open. Visit your agrodealer this week.,2026-10-06T06:45:11+00:00
F101093,high,0.9449,supervisor_escalation,escalation,sent,High default risk (score=0.94) - low input redemption rate; long gap since last farm visit,2026-10-06T06:45:11+00:00
F101094,high,0.9754,supervisor_escalation,escalation,sent,High default risk (score=0.98) - low input redemption rate; weak repayment among peer group,2026-10-06T06:45:11+00:00
F101095,low,0.0001,sms_nudge,sms,delivered,Reminder: your next input redemption window is open. Visit your agrodealer this week.,2026-10-06T06:45:11+00:00
F101096,low,0.0073,sms_nudge,sms,delivered,Reminder: your next input redemption window is open. Visit your agrodealer this week.,2026-10-06T06:45:11+00:00
F101097,high,0.9996,supervisor_escalation,escalation,sent,High default risk (score=1.00) - long gap since last farm visit; weak repayment among peer group,2026-10-06T06:45:11+00:00
F101098,low,0.0002,sms_nudge,sms,delivered,Reminder: your next input redemption window is open. Visit your agrodealer this week.,2026-10-06T06:45:11+00:00
F101099,high,0.9353,supervisor_escalation,escalation,sent,High default risk (score=0.94) - weak repayment among peer group; no active mobile money usage,2026-10-06T06:45:11+00:00
F101100,low,0.2851,sms_nudge,sms,failed,Reminder: your next input redemption window is open. Visit your agrodealer this week.,2026-10-06T06:45:11+00:00
F101101,low,0.0052,sms_nudge,sms,delivered,Reminder: your next input redemption window is open. Visit your agrodealer this week.,2026-10-06T06:45:11+00:00
F101102,low,0.0021,sms_nudge,sms,delivered,Reminder: your next input redemption window is open. Visit your agrodealer this week.,2026-10-06T06:45:11+00:00
F101103,low,0.0023,sms_nudge,sms,delivered,Reminder: your next input redemption window is open. Visit your agrodealer this week.,2026-10-06T06:45:11+00:00
F101104,medium,0.3608,field_agent_task,crm_task,created,Field visit follow-up (medium),2026-10-06T06:45:11+00:00
F101105,low,0.0253,sms_nudge,sms,delivered,Reminder: your next input redemption window is open. Visit your agrodealer this week.,2026-10-06T06:45:11+00:00
F101106,low,0.0071,sms_nudge,sms,delivered,Reminder: your next input redemption window is open. Visit your agrodealer this week.,2026-10-06T06:45:11+00:00
F101107,low,0.0005,sms_nudge,sms,delivered,Reminder: your next input redemption window is open. Visit your agrodealer this week.,2026-10-06T06:45:11+00:00
F101108,low,0.0166,sms_nudge,sms,delivered,Reminder: your next input redemption window is open. Visit your agrodealer this week.,2026-10-06T06:45:11+00:00
F101109,low,0.0004,sms_nudge,sms,delivered,Reminder: your next input redemption window is open. Visit your agrodealer this week.,2026-10-06T06:45:11+00:00
F101110,high,0.9999,supervisor_escalation,escalation,sent,High default risk (score=1.00) - weak repayment among peer group; long gap since last farm visit,2026-10-06T06:45:11+00:00
F101111,low,0.0003,sms_nudge,sms,delivered,Reminder: your next input redemption window is open. Visit your agrodealer this week.,2026-10-06T06:45:11+00:00
F101112,low,0.0056,sms_nudge,sms,delivered,Reminder: your next input redemption window is open. Visit your agrodealer this week.,2026-10-06T06:45:11+00:00
F101113,high,0.9988,supervisor_escalation,escalation,sent,High default risk (score=1.00) - long gap since last farm visit; low input redemption rate,2026-10-06T06:45:11+00:00
F101114,low,0.0231,sms_nudge,sms,delivered,Reminder: your next input redemption window is open. Visit your agrodealer this week.,2026-10-06T06:45:11+00:00
F101115,low,0.0006,sms_nudge,sms,delivered,Reminder: your next input redemption window is open. Visit your agrodealer this week.,2026-10-06T06:45:11+00:00
F101116,low,0.0742,sms_nudge,sms,delivered,Reminder: your next input redemption window is open. Visit your agrodealer this week.,2026-10-06T06:45:11+00:00
F101117,low,0.001,sms_nudge,sms,delivered,Reminder: your next input redemption window is open. Visit your agrodealer this week.,2026-10-06T06:45:11+00:00
F101118,low,0.0169,sms_nudge,sms,delivered,Reminder: your next input redemption window is open. Visit your agrodealer this week.,2026-10-06T06:45:11+00:00
F101119,low,0.0017,sms_nudge,sms,delivered,Reminder: your next input redemption window is open. Visit your agrodealer this week.,2026-10-06T06:45:11+00:00
F101120,low,0.005,sms_nudge,sms,delivered,Reminder: your next input redemption window is open. Visit your agrodealer this week.,2026-10-06T06:45:11+00:00
F101121,high,0.9708,supervisor_escalation,escalation,sent,High default risk (score=0.97) - no active mobile money usage; low training attendance,2026-10-06T06:45:11+00:00
F101122,low,0.0694,sms_nudge,sms,delivered,Reminder: your next input redemption window is open. Visit your agrodealer this week.,2026-10-06T06:45:11+00:00
F101123,low,0.0024,sms_nudge,sms,delivered,Reminder: your next input redemption window is open. Visit your agrodealer this week.,2026-10-06T06:45:11+00:00
F101124,low,0.0001,sms_nudge,sms,delivered,Reminder: your next input redemption window is open. Visit your agrodealer this week.,2026-10-06T06:45:11+00:00
F101125,low,0.0006,sms_nudge,sms,delivered,Reminder: your next input redemption window is open. Visit your agrodealer this week.,2026-10-06T06:45:11+00:00
F101126,low,0.0011,sms_nudge,sms,delivered,Reminder: your next input redemption window is open. Visit your agrodealer this week.,2026-10-06T06:45:11+00:00
F101127,high,0.991,supervisor_escalation,escalation,sent,High default risk (score=0.99) - low input redemption rate; below-average prior yield,2026-10-06T06:45:11+00:00
F101128,low,0.0004,sms_nudge,sms,delivered,Reminder: your next input redemption window is open. Visit your agrodealer this week.,2026-10-06T06:45:11+00:00
F101129,low,0.0003,sms_nudge,sms,delivered,Reminder: your next input redemption window is open. Visit your agrodealer this week.,2026-10-06T06:45:11+00:00
F101130,low,0.0007,sms_nudge,sms,delivered,Reminder: your next input redemption window is open. Visit your agrodealer this week.,2026-10-06T06:45:11+00:00
F101131,low,0.0017,sms_nudge,sms,delivered,Reminder: your next input redemption window is open. Visit your agrodealer this week.,2026-10-06T06:45:11+00:00
F101132,medium,0.3958,field_agent_task,crm_task,created,Field visit follow-up (medium),2026-10-06T06:45:11+00:00
F101133,low,0.0678,sms_nudge,sms,delivered,Reminder: your next input redemption window is open. Visit your agrodealer this week.,2026-10-06T06:45:11+00:00
F101134,low,0.0045,sms_nudge,sms,delivered,Reminder: your next input redemption window is open. Visit your agrodealer this week.,2026-10-06T06:45:11+00:00
F101135,medium,0.3549,field_agent_task,crm_task,created,Field visit follow-up (medium),2026-10-06T06:45:11+00:00
F101136,low,0.002,sms_nudge,sms,delivered,Reminder: your next input redemption window is open. Visit your agrodealer this week.,2026-10-06T06:45:11+00:00
F101137,low,0.0001,sms_nudge,sms,delivered,Reminder: your next input redemption window is open. Visit your agrodealer this week.,2026-10-06T06:45:11+00:00
F101138,low,0.0012,sms_nudge,sms,delivered,Reminder: your next input redemption window is open. Visit your agrodealer this week.,2026-10-06T06:45:11+00:00
F101139,low,0.0098,sms_nudge,sms,delivered,Reminder: your next input redemption window is open. Visit your agrodealer this week.,2026-10-06T06:45:11+00:00
F101140,high,0.9663,supervisor_escalation,escalation,sent,High default risk (score=0.97) - low input redemption rate; long gap since last farm visit,2026-10-06T06:45:11+00:00
F101141,low,0.1022,sms_nudge,sms,delivered,Reminder: your next input redemption window is open. Visit your agrodealer this week.,2026-10-06T06:45:11+00:00
F101142,low,0.0019,sms_nudge,sms,delivered,Reminder: your next input redemption window is open. Visit your agrodealer this week.,2026-10-06T06:45:11+00:00
F101143,low,0.0002,sms_nudge,sms,delivered,Reminder: your next input redemption window is open. Visit your agrodealer this week.,2026-10-06T06:45:11+00:00
F101144,high,0.9466,supervisor_escalation,escalation,sent,High default risk (score=0.95) - below-average prior yield; no active mobile money usage,2026-10-06T06:45:11+00:00
F101145,high,0.9517,supervisor_escalation,escalation,sent,High default risk (score=0.95) - low input redemption rate; long gap since last farm visit,2026-10-06T06:45:11+00:00
F101146,low,0.0007,sms_nudge,sms,delivered,Reminder: your next input redemption window is open. Visit your agrodealer this week.,2026-10-06T06:45:11+00:00
F101147,low,0.0487,sms_nudge,sms,delivered,Reminder: your next input redemption window is open. Visit your agrodealer this week.,2026-10-06T06:45:11+00:00
F101148,low,0.0064,sms_nudge,sms,delivered,Reminder: your next input redemption window is open. Visit your agrodealer this week.,2026-10-06T06:45:11+00:00
F101149,low,0.0001,sms_nudge,sms,delivered,Reminder: your next input redemption window is open. Visit your agrodealer this week.,2026-10-06T06:45:11+00:00
F101150,low,0.0055,sms_nudge,sms,delivered,Reminder: your next input redemption window is open. Visit your agrodealer this week.,2026-10-06T06:45:11+00:00
F101151,low,0.007,sms_nudge,sms,delivered,Reminder: your next input redemption window is open. Visit your agrodealer this week.,2026-10-06T06:45:11+00:00
F101152,low,0.0016,sms_nudge,sms,delivered,Reminder: your next input redemption window is open. Visit your agrodealer this week.,2026-10-06T06:45:11+00:00
F101153,high,0.7099,supervisor_escalation,escalation,sent,High default risk (score=0.71) - long gap since last farm visit; long distance to nearest agrodealer,2026-10-06T06:45:11+00:00
F101154,high,0.9467,supervisor_escalation,escalation,sent,High default risk (score=0.95) - low input redemption rate; no active mobile money usage,2026-10-06T06:45:11+00:00
F101155,low,0.0012,sms_nudge,sms,delivered,Reminder: your next input redemption window is open. Visit your agrodealer this week.,2026-10-06T06:45:11+00:00
F101156,low,0.058,sms_nudge,sms,failed,Reminder: your next input redemption window is open. Visit your agrodealer this week.,2026-10-06T06:45:11+00:00
F101157,low,0.0032,sms_nudge,sms,delivered,Reminder: your next input redemption window is open. Visit your agrodealer this week.,2026-10-06T06:45:11+00:00
F101158,low,0.002,sms_nudge,sms,delivered,Reminder: your next input redemption window is open. Visit your agrodealer this week.,2026-10-06T06:45:11+00:00
F101159,low,0.0008,sms_nudge,sms,delivered,Reminder: your next input redemption window is open. Visit your agrodealer this week.,2026-10-06T06:45:11+00:00
F101160,low,0.0474,sms_nudge,sms,delivered,Reminder: your next input redemption window is open. Visit your agrodealer this week.,2026-10-06T06:45:11+00:00
F101161,low,0.0385,sms_nudge,sms,delivered,Reminder: your next input redemption window is open. Visit your agrodealer this week.,2026-10-06T06:45:11+00:00
F101162,high,0.9934,supervisor_escalation,escalation,sent,High default risk (score=0.99) - low training attendance; long gap since last farm visit,2026-10-06T06:45:11+00:00
F101163,low,0.0036,sms_nudge,sms,delivered,Reminder: your next input redemption window is open. Visit your agrodealer this week.,2026-10-06T06:45:11+00:00
F101164,high,0.9603,supervisor_escalation,escalation,sent,High default risk (score=0.96) - low input redemption rate; long gap since last farm visit,2026-10-06T06:45:11+00:00
F101165,low,0.0023,sms_nudge,sms,delivered,Reminder: your next input redemption window is open. Visit your agrodealer this week.,2026-10-06T06:45:11+00:00
F101166,high,0.7099,supervisor_escalation,escalation,sent,High default risk (score=0.71) - low training attendance; long gap since last farm visit,2026-10-06T06:45:11+00:00
F101167,high,0.9976,supervisor_escalation,escalation,sent,High default risk (score=1.00) - long gap since last farm visit; long distance to nearest agrodealer,2026-10-06T06:45:11+00:00
F101168,low,0.0001,sms_nudge,sms,delivered,Reminder: your next input redemption window is open. Visit your agrodealer this week.,2026-10-06T06:45:11+00:00
F101169,low,0.0017,sms_nudge,sms,delivered,Reminder: your next input redemption window is open. Visit your agrodealer this week.,2026-10-06T06:45:11+00:00
F101170,low,0.0496,sms_nudge,sms,delivered,Reminder: your next input redemption window is open. Visit your agrodealer this week.,2026-10-06T06:45:11+00:00
F101171,low,0.0095,sms_nudge,sms,delivered,Reminder: your next input redemption window is open. Visit your agrodealer this week.,2026-10-06T06:45:11+00:00
F101172,low,0.0018,sms_nudge,sms,delivered,Reminder: your next input redemption window is open. Visit your agrodealer this week.,2026-10-06T06:45:11+00:00
F101173,high,0.9752,supervisor_escalation,escalation,sent,High default risk (score=0.98) - low training attendance; weak repayment among peer group,2026-10-06T06:45:11+00:00
F101174,low,0.0095,sms_nudge,sms,delivered,Reminder: your next input redemption window is open. Visit your agrodealer this week.,2026-10-06T06:45:11+00:00
F101175,low,0.0481,sms_nudge,sms,delivered,Reminder: your next input redemption window is open. Visit your agrodealer this week.,2026-10-06T06:45:11+00:00
F101176,low,0.0283,sms_nudge,sms,delivered,Reminder: your next input redemption window is open. Visit your agrodealer this week.,2026-10-06T06:45:11+00:00
F101177,low,0.0009,sms_nudge,sms,delivered,Reminder: your next input redemption window is open. Visit your agrodealer this week.,2026-10-06T06:45:11+00:00
F101178,high,0.996,supervisor_escalation,escalation,sent,High default risk (score=1.00) - low input redemption rate; weak repayment among peer group,2026-10-06T06:45:11+00:00
F101179,high,0.9995,supervisor_escalation,escalation,sent,High default risk (score=1.00) - low training attendance; below-average prior yield,2026-10-06T06:45:11+00:00
F101180,low,0.0012,sms_nudge,sms,delivered,Reminder: your next input redemption window is open. Visit your agrodealer this week.,2026-10-06T06:45:11+00:00
F101181,high,0.9649,supervisor_escalation,escalation,sent,High default risk (score=0.96) - low training attendance; weak repayment among peer group,2026-10-06T06:45:11+00:00
F101182,low,0.0693,sms_nudge,sms,delivered,Reminder: your next input redemption window is open. Visit your agrodealer this week.,2026-10-06T06:45:11+00:00
F101183,low,0.0052,sms_nudge,sms,delivered,Reminder: your next input redemption window is open. Visit your agrodealer this week.,2026-10-06T06:45:11+00:00
F101184,high,0.962,supervisor_escalation,escalation,sent,High default risk (score=0.96) - long gap since last farm visit; weak repayment among peer group,2026-10-06T06:45:11+00:00
F101185,high,0.9779,supervisor_escalation,escalation,sent,High default risk (score=0.98) - weak repayment among peer group; long gap since last farm visit,2026-10-06T06:45:11+00:00
F101186,low,0.0565,sms_nudge,sms,delivered,Reminder: your next input redemption window is open. Visit your agrodealer this week.,2026-10-06T06:45:11+00:00
F101187,high,0.9595,supervisor_escalation,escalation,sent,High default risk (score=0.96) - long distance to nearest agrodealer; low input redemption rate,2026-10-06T06:45:11+00:00
F101188,low,0.002,sms_nudge,sms,delivered,Reminder: your next input redemption window is open. Visit your agrodealer this week.,2026-10-06T06:45:11+00:00
F101189,low,0.0522,sms_nudge,sms,delivered,Reminder: your next input redemption window is open. Visit your agrodealer this week.,2026-10-06T06:45:11+00:00
F101190,low,0.0049,sms_nudge,sms,delivered,Reminder: your next input redemption window is open. Visit your agrodealer this week.,2026-10-06T06:45:11+00:00
F101191,high,0.978,supervisor_escalation,escalation,sent,High default risk (score=0.98) - no active mobile money usage; long gap since last farm visit,2026-10-06T06:45:11+00:00
F101192,low,0.0009,sms_nudge,sms,failed,Reminder: your next input redemption window is open. Visit your agrodealer this week.,2026-10-06T06:45:11+00:00
F101193,low,0.0001,sms_nudge,sms,delivered,Reminder: your next input redemption window is open. Visit your agrodealer this week.,2026-10-06T06:45:11+00:00
F101194,low,0.0008,sms_nudge,sms,delivered,Reminder: your next input redemption window is open. Visit your agrodealer this week.,2026-10-06T06:45:11+00:00
F101195,low,0.0005,sms_nudge,sms,delivered,Reminder: your next input redemption window is open. Visit your agrodealer this week.,2026-10-06T06:45:11+00:00
F101196,high,0.9915,supervisor_escalation,escalation,sent,High default risk (score=0.99) - no active mobile money usage; weak repayment among peer group,2026-10-06T06:45:11+00:00
F101197,high,1.0,supervisor_escalation,escalation,sent,High default risk (score=1.00) - low input redemption rate; long gap since last farm visit,2026-10-06T06:45:11+00:00
F101198,medium,0.3449,field_agent_task,crm_task,created,Field visit follow-up (medium),2026-10-06T06:45:11+00:00
F101199,low,0.0669,sms_nudge,sms,delivered,Reminder: your next input redemption window is open. Visit your agrodealer this week.,2026-10-06T06:45:11+00:00
F101200,high,0.9514,supervisor_escalation,escalation,sent,High default risk (score=0.95) - long gap since last farm visit; long distance to nearest agrodealer,2026-10-06T06:45:11+00:00
F101201,low,0.0001,sms_nudge,sms,delivered,Reminder: your next input redemption window is open. Visit your agrodealer this week.,2026-10-06T06:45:11+00:00
F101202,high,0.9115,supervisor_escalation,escalation,sent,High default risk (score=0.91) - long gap since last farm visit; below-average prior yield,2026-10-06T06:45:11+00:00
F101203,low,0.0029,sms_nudge,sms,delivered,Reminder: your next input redemption window is open. Visit your agrodealer this week.,2026-10-06T06:45:11+00:00
F101204,high,0.9303,supervisor_escalation,escalation,sent,High default risk (score=0.93) - low training attendance; weak repayment among peer group,2026-10-06T06:45:11+00:00
F101205,low,0.0003,sms_nudge,sms,delivered,Reminder: your next input redemption window is open. Visit your agrodealer this week.,2026-10-06T06:45:11+00:00
F101206,low,0.0078,sms_nudge,sms,delivered,Reminder: your next input redemption window is open. Visit your agrodealer this week.,2026-10-06T06:45:11+00:00
F101207,low,0.002,sms_nudge,sms,delivered,Reminder: your next input redemption window is open. Visit your agrodealer this week.,2026-10-06T06:45:11+00:00
F101208,high,0.9907,supervisor_escalation,escalation,sent,High default risk (score=0.99) - long gap since last farm visit; long distance to nearest agrodealer,2026-10-06T06:45:11+00:00
F101209,high,0.9245,supervisor_escalation,escalation,sent,High default risk (score=0.92) - low training attendance; below-average prior yield,2026-10-06T06:45:11+00:00
F101210,low,0.0061,sms_nudge,sms,delivered,Reminder: your next input redemption window is open. Visit your agrodealer this week.,2026-10-06T06:45:11+00:00
F101211,low,0.0004,sms_nudge,sms,delivered,Reminder: your next input redemption window is open. Visit your agrodealer this week.,2026-10-06T06:45:11+00:00
F101212,low,0.0784,sms_nudge,sms,delivered,Reminder: your next input redemption window is open. Visit your agrodealer this week.,2026-10-06T06:45:11+00:00
F101213,low,0.0009,sms_nudge,sms,delivered,Reminder: your next input redemption window is open. Visit your agrodealer this week.,2026-10-06T06:45:11+00:00
F101214,low,0.0008,sms_nudge,sms,delivered,Reminder: your next input redemption window is open. Visit your agrodealer this week.,2026-10-06T06:45:11+00:00
F101215,low,0.0106,sms_nudge,sms,delivered,Reminder: your next input redemption window is open. Visit your agrodealer this week.,2026-10-06T06:45:11+00:00
F101216,low,0.0,sms_nudge,sms,delivered,Reminder: your next input redemption window is open. Visit your agrodealer this week.,2026-10-06T06:45:11+00:00
F101217,high,0.9977,supervisor_escalation,escalation,sent,High default risk (score=1.00) - long gap since last farm visit; weak repayment among peer group,2026-10-06T06:45:11+00:00
F101218,low,0.0001,sms_nudge,sms,delivered,Reminder: your next input redemption window is open. Visit your agrodealer this week.,2026-10-06T06:45:11+00:00
F101219,high,0.9971,supervisor_escalation,escalation,sent,High default risk (score=1.00) - long gap since last farm visit; low training attendance,2026-10-06T06:45:11+00:00
F101220,low,0.0036,sms_nudge,sms,delivered,Reminder: your next input redemption window is open. Visit your agrodealer this week.,2026-10-06T06:45:11+00:00
F101221,low,0.0626,sms_nudge,sms,delivered,Reminder: your next input redemption window is open. Visit your agrodealer this week.,2026-10-06T06:45:11+00:00
F101222,high,0.9998,supervisor_escalation,escalation,sent,High default risk (score=1.00) - low input redemption rate; weak repayment among peer group,2026-10-06T06:45:11+00:00
F101223,low,0.0017,sms_nudge,sms,delivered,Reminder: your next input redemption window is open. Visit your agrodealer this week.,2026-10-06T06:45:11+00:00
F101224,low,0.0003,sms_nudge,sms,delivered,Reminder: your next input redemption window is open. Visit your agrodealer this week.,2026-10-06T06:45:11+00:00
F101225,low,0.0011,sms_nudge,sms,delivered,Reminder: your next input redemption window is open. Visit your agrodealer this week.,2026-10-06T06:45:11+00:00
F101226,low,0.0045,sms_nudge,sms,delivered,Reminder: your next input redemption window is open. Visit your agrodealer this week.,2026-10-06T06:45:11+00:00
F101227,low,0.0015,sms_nudge,sms,delivered,Reminder: your next input redemption window is open. Visit your agrodealer this week.,2026-10-06T06:45:11+00:00
F101228,high,0.944,supervisor_escalation,escalation,sent,High default risk (score=0.94) - long gap since last farm visit; long distance to nearest agrodealer,2026-10-06T06:45:11+00:00
F101229,low,0.0021,sms_nudge,sms,delivered,Reminder: your next input redemption window is open. Visit your agrodealer this week.,2026-10-06T06:45:11+00:00
F101230,high,0.9652,supervisor_escalation,escalation,sent,High default risk (score=0.97) - weak repayment among peer group; no active mobile money usage,2026-10-06T06:45:11+00:00
F101231,high,0.9586,supervisor_escalation,escalation,sent,High default risk (score=0.96) - long gap since last farm visit; long distance to nearest agrodealer,2026-10-06T06:45:11+00:00
F101232,low,0.0001,sms_nudge,sms,delivered,Reminder: your next input redemption window is open. Visit your agrodealer this week.,2026-10-06T06:45:11+00:00
F101233,low,0.0028,sms_nudge,sms,delivered,Reminder: your next input redemption window is open. Visit your agrodealer this week.,2026-10-06T06:45:11+00:00
F101234,high,0.9995,supervisor_escalation,escalation,sent,High default risk (score=1.00) - low input redemption rate; low training attendance,2026-10-06T06:45:11+00:00
F101235,low,0.0139,sms_nudge,sms,delivered,Reminder: your next input redemption window is open. Visit your agrodealer this week.,2026-10-06T06:45:11+00:00
F101236,low,0.0064,sms_nudge,sms,delivered,Reminder: your next input redemption window is open. Visit your agrodealer this week.,2026-10-06T06:45:11+00:00
F101237,high,0.8235,supervisor_escalation,escalation,sent,High default risk (score=0.82) - long distance to nearest agrodealer; no active mobile money usage,2026-10-06T06:45:11+00:00
F101238,low,0.0003,sms_nudge,sms,failed,Reminder: your next input redemption window is open. Visit your agrodealer this week.,2026-10-06T06:45:11+00:00
F101239,low,0.0005,sms_nudge,sms,delivered,Reminder: your next input redemption window is open. Visit your agrodealer this week.,2026-10-06T06:45:11+00:00
F101240,low,0.001,sms_nudge,sms,delivered,Reminder: your next input redemption window is open. Visit your agrodealer this week.,2026-10-06T06:45:11+00:00
F101241,low,0.002,sms_nudge,sms,delivered,Reminder: your next input redemption window is open. Visit your agrodealer this week.,2026-10-06T06:45:11+00:00
F101242,low,0.0888,sms_nudge,sms,delivered,Reminder: your next input redemption window is open. Visit your agrodealer this week.,2026-10-06T06:45:11+00:00
F101243,low,0.0002,sms_nudge,sms,delivered,Reminder: your next input redemption window is open. Visit your agrodealer this week.,2026-10-06T06:45:11+00:00
F101244,low,0.0025,sms_nudge,sms,delivered,Reminder: your next input redemption window is open. Visit your agrodealer this week.,2026-10-06T06:45:11+00:00
F101245,low,0.0049,sms_nudge,sms,delivered,Reminder: your next input redemption window is open. Visit your agrodealer this week.,2026-10-06T06:45:11+00:00
F101246,low,0.0003,sms_nudge,sms,failed,Reminder: your next input redemption window is open. Visit your agrodealer this week.,2026-10-06T06:45:11+00:00
F101247,low,0.0005,sms_nudge,sms,delivered,Reminder: your next input redemption window is open. Visit your agrodealer this week.,2026-10-06T06:45:11+00:00
F101248,low,0.0005,sms_nudge,sms,delivered,Reminder: your next input redemption window is open. Visit your agrodealer this week.,2026-10-06T06:45:11+00:00
F101249,high,0.9997,supervisor_escalation,escalation,sent,High default risk (score=1.00) - low input redemption rate; below-average prior yield,2026-10-06T06:45:11+00:00
F101250,low,0.0006,sms_nudge,sms,delivered,Reminder: your next input redemption window is open. Visit your agrodealer this week.,2026-10-06T06:45:11+00:00
F101251,low,0.0001,sms_nudge,sms,delivered,Reminder: your next input redemption window is open. Visit your agrodealer this week.,2026-10-06T06:45:11+00:00
F101252,low,0.0427,sms_nudge,sms,delivered,Reminder: your next input redemption window is open. Visit your agrodealer this week.,2026-10-06T06:45:11+00:00
F101253,low,0.0122,sms_nudge,sms,delivered,Reminder: your next input redemption window is open. Visit your agrodealer this week.,2026-10-06T06:45:11+00:00
F101254,low,0.0012,sms_nudge,sms,delivered,Reminder: your next input redemption window is open. Visit your agrodealer this week.,2026-10-06T06:45:11+00:00
F101255,low,0.0369,sms_nudge,sms,delivered,Reminder: your next input redemption window is open. Visit your agrodealer this week.,2026-10-06T06:45:11+00:00
F101256,high,0.985,supervisor_escalation,escalation,sent,High default risk (score=0.98) - low training attendance; long gap since last farm visit,2026-10-06T06:45:11+00:00
F101257,low,0.029,sms_nudge,sms,delivered,Reminder: your next input redemption window is open. Visit your agrodealer this week.,2026-10-06T06:45:11+00:00
F101258,high,0.9496,supervisor_escalation,escalation,sent,High default risk (score=0.95) - low input redemption rate; below-average prior yield,2026-10-06T06:45:11+00:00
F101259,low,0.0003,sms_nudge,sms,delivered,Reminder: your next input redemption window is open. Visit your agrodealer this week.,2026-10-06T06:45:11+00:00
F101260,low,0.0522,sms_nudge,sms,delivered,Reminder: your next input redemption window is open. Visit your agrodealer this week.,2026-10-06T06:45:11+00:00
F101261,high,0.9531,supervisor_escalation,escalation,sent,High default risk (score=0.95) - low training attendance; long gap since last farm visit,2026-10-06T06:45:11+00:00
F101262,low,0.0077,sms_nudge,sms,delivered,Reminder: your next input redemption window is open. Visit your agrodealer this week.,2026-10-06T06:45:11+00:00
F101263,low,0.0003,sms_nudge,sms,delivered,Reminder: your next input redemption window is open. Visit your agrodealer this week.,2026-10-06T06:45:11+00:00
F101264,high,0.985,supervisor_escalation,escalation,sent,High default risk (score=0.98) - long gap since last farm visit; low input redemption rate,2026-10-06T06:45:11+00:00
F101265,high,0.9984,supervisor_escalation,escalation,sent,High default risk (score=1.00) - low input redemption rate; below-average prior yield,2026-10-06T06:45:11+00:00
F101266,high,0.9979,supervisor_escalation,escalation,sent,High default risk (score=1.00) - weak repayment among peer group; long gap since last farm visit,2026-10-06T06:45:11+00:00
F101267,low,0.0002,sms_nudge,sms,delivered,Reminder: your next input redemption window is open. Visit your agrodealer this week.,2026-10-06T06:45:11+00:00
F101268,low,0.0392,sms_nudge,sms,delivered,Reminder: your next input redemption window is open. Visit your agrodealer this week.,2026-10-06T06:45:11+00:00
F101269,low,0.0033,sms_nudge,sms,delivered,Reminder: your next input redemption window is open. Visit your agrodealer this week.,2026-10-06T06:45:11+00:00
F101270,high,0.9427,supervisor_escalation,escalation,sent,High default risk (score=0.94) - weak repayment among peer group; still early in program tenure,2026-10-06T06:45:11+00:00
F101271,low,0.072,sms_nudge,sms,delivered,Reminder: your next input redemption window is open. Visit your agrodealer this week.,2026-10-06T06:45:11+00:00
F101272,low,0.0015,sms_nudge,sms,delivered,Reminder: your next input redemption window is open. Visit your agrodealer this week.,2026-10-06T06:45:11+00:00
F101273,low,0.0001,sms_nudge,sms,delivered,Reminder: your next input redemption window is open. Visit your agrodealer this week.,2026-10-06T06:45:11+00:00
F101274,low,0.0001,sms_nudge,sms,delivered,Reminder: your next input redemption window is open. Visit your agrodealer this week.,2026-10-06T06:45:11+00:00
F101275,low,0.0008,sms_nudge,sms,delivered,Reminder: your next input redemption window is open. Visit your agrodealer this week.,2026-10-06T06:45:11+00:00
F101276,low,0.0002,sms_nudge,sms,delivered,Reminder: your next input redemption window is open. Visit your agrodealer this week.,2026-10-06T06:45:11+00:00
F101277,high,0.7908,supervisor_escalation,escalation,sent,High default risk (score=0.79) - below-average prior yield; long gap since last farm visit,2026-10-06T06:45:11+00:00
F101278,high,0.9983,supervisor_escalation,escalation,sent,High default risk (score=1.00) - long gap since last farm visit; low input redemption rate,2026-10-06T06:45:11+00:00
F101279,medium,0.4129,field_agent_task,crm_task,created,Field visit follow-up (medium),2026-10-06T06:45:11+00:00
F101280,low,0.0028,sms_nudge,sms,delivered,Reminder: your next input redemption window is open. Visit your agrodealer this week.,2026-10-06T06:45:11+00:00
F101281,high,0.9707,supervisor_escalation,escalation,sent,High default risk (score=0.97) - low training attendance; weak repayment among peer group,2026-10-06T06:45:11+00:00
F101282,low,0.0781,sms_nudge,sms,delivered,Reminder: your next input redemption window is open. Visit your agrodealer this week.,2026-10-06T06:45:11+00:00
F101283,low,0.0014,sms_nudge,sms,delivered,Reminder: your next input redemption window is open. Visit your agrodealer this week.,2026-10-06T06:45:11+00:00
F101284,medium,0.5532,field_agent_task,crm_task,created,Field visit follow-up (medium),2026-10-06T06:45:11+00:00
F101285,low,0.0011,sms_nudge,sms,delivered,Reminder: your next input redemption window is open. Visit your agrodealer this week.,2026-10-06T06:45:11+00:00
F101286,high,0.8987,supervisor_escalation,escalation,sent,High default risk (score=0.90) - no active mobile money usage; low training attendance,2026-10-06T06:45:11+00:00
F101287,low,0.1569,sms_nudge,sms,delivered,Reminder: your next input redemption window is open. Visit your agrodealer this week.,2026-10-06T06:45:11+00:00
F101288,high,0.9929,supervisor_escalation,escalation,sent,High default risk (score=0.99) - long gap since last farm visit; low training attendance,2026-10-06T06:45:11+00:00
F101289,low,0.0035,sms_nudge,sms,delivered,Reminder: your next input redemption window is open. Visit your agrodealer this week.,2026-10-06T06:45:11+00:00
F101290,high,0.9884,supervisor_escalation,escalation,sent,High default risk (score=0.99) - low input redemption rate; low training attendance,2026-10-06T06:45:11+00:00
F101291,high,0.9983,supervisor_escalation,escalation,sent,High default risk (score=1.00) - low input redemption rate; long gap since last farm visit,2026-10-06T06:45:11+00:00
F101292,low,0.0413,sms_nudge,sms,delivered,Reminder: your next input redemption window is open. Visit your agrodealer this week.,2026-10-06T06:45:11+00:00
F101293,low,0.0001,sms_nudge,sms,delivered,Reminder: your next input redemption window is open. Visit your agrodealer this week.,2026-10-06T06:45:11+00:00
F101294,low,0.0001,sms_nudge,sms,delivered,Reminder: your next input redemption window is open. Visit your agrodealer this week.,2026-10-06T06:45:11+00:00
F101295,low,0.003,sms_nudge,sms,delivered,Reminder: your next input redemption window is open. Visit your agrodealer this week.,2026-10-06T06:45:11+00:00
F101296,low,0.0022,sms_nudge,sms,delivered,Reminder: your next input redemption window is open. Visit your agrodealer this week.,2026-10-06T06:45:11+00:00
F101297,low,0.0016,sms_nudge,sms,delivered,Reminder: your next input redemption window is open. Visit your agrodealer this week.,2026-10-06T06:45:11+00:00
F101298,high,0.993,supervisor_escalation,escalation,sent,High default risk (score=0.99) - no active mobile money usage; low input redemption rate,2026-10-06T06:45:11+00:00
F101299,low,0.0116,sms_nudge,sms,delivered,Reminder: your next input redemption window is open. Visit your agrodealer this week.,2026-10-06T06:45:11+00:00
F101300,low,0.0004,sms_nudge,sms,delivered,Reminder: your next input redemption window is open. Visit your agrodealer this week.,2026-10-06T06:45:11+00:00
F101301,low,0.0004,sms_nudge,sms,delivered,Reminder: your next input redemption window is open. Visit your agrodealer this week.,2026-10-06T06:45:11+00:00
F101302,low,0.0031,sms_nudge,sms,delivered,Reminder: your next input redemption window is open. Visit your agrodealer this week.,2026-10-06T06:45:11+00:00
F101303,low,0.0007,sms_nudge,sms,delivered,Reminder: your next input redemption window is open. Visit your agrodealer this week.,2026-10-06T06:45:11+00:00
F101304,medium,0.3703,field_agent_task,crm_task,created,Field visit follow-up (medium),2026-10-06T06:45:11+00:00
F101305,low,0.0085,sms_nudge,sms,delivered,Reminder: your next input redemption window is open. Visit your agrodealer this week.,2026-10-06T06:45:11+00:00
F101306,medium,0.4535,field_agent_task,crm_task,created,Field visit follow-up (medium),2026-10-06T06:45:11+00:00
F101307,high,0.7969,supervisor_escalation,escalation,sent,High default risk (score=0.80) - long gap since last farm visit; no active mobile money usage,2026-10-06T06:45:11+00:00
F101308,high,0.952,supervisor_escalation,escalation,sent,High default risk (score=0.95) - low training attendance; long gap since last farm visit,2026-10-06T06:45:11+00:00
F101309,low,0.0005,sms_nudge,sms,delivered,Reminder: your next input redemption window is open. Visit your agrodealer this week.,2026-10-06T06:45:11+00:00
F101310,low,0.0093,sms_nudge,sms,failed,Reminder: your next input redemption window is open. Visit your agrodealer this week.,2026-10-06T06:45:11+00:00
F101311,low,0.0012,sms_nudge,sms,delivered,Reminder: your next input redemption window is open. Visit your agrodealer this week.,2026-10-06T06:45:11+00:00
F101312,low,0.0,sms_nudge,sms,delivered,Reminder: your next input redemption window is open. Visit your agrodealer this week.,2026-10-06T06:45:11+00:00
F101313,low,0.0117,sms_nudge,sms,failed,Reminder: your next input redemption window is open. Visit your agrodealer this week.,2026-10-06T06:45:11+00:00
F101314,high,0.9691,supervisor_escalation,escalation,sent,High default risk (score=0.97) - no active mobile money usage; below-average prior yield,2026-10-06T06:45:11+00:00
F101315,high,0.8487,supervisor_escalation,escalation,sent,High default risk (score=0.85) - low training attendance; below-average prior yield,2026-10-06T06:45:11+00:00
F101316,high,1.0,supervisor_escalation,escalation,sent,High default risk (score=1.00) - low input redemption rate; low training attendance,2026-10-06T06:45:11+00:00
F101317,low,0.0014,sms_nudge,sms,delivered,Reminder: your next input redemption window is open. Visit your agrodealer this week.,2026-10-06T06:45:11+00:00
F101318,low,0.003,sms_nudge,sms,delivered,Reminder: your next input redemption window is open. Visit your agrodealer this week.,2026-10-06T06:45:11+00:00
F101319,high,0.9998,supervisor_escalation,escalation,sent,High default risk (score=1.00) - long gap since last farm visit; long distance to nearest agrodealer,2026-10-06T06:45:11+00:00
F101320,high,0.9595,supervisor_escalation,escalation,sent,High default risk (score=0.96) - no active mobile money usage; long gap since last farm visit,2026-10-06T06:45:11+00:00
F101321,low,0.0002,sms_nudge,sms,delivered,Reminder: your next input redemption window is open. Visit your agrodealer this week.,2026-10-06T06:45:11+00:00
F101322,low,0.0614,sms_nudge,sms,delivered,Reminder: your next input redemption window is open. Visit your agrodealer this week.,2026-10-06T06:45:11+00:00
F101323,low,0.0085,sms_nudge,sms,delivered,Reminder: your next input redemption window is open. Visit your agrodealer this week.,2026-10-06T06:45:11+00:00
F101324,low,0.015,sms_nudge,sms,delivered,Reminder: your next input redemption window is open. Visit your agrodealer this week.,2026-10-06T06:45:11+00:00
F101325,low,0.0008,sms_nudge,sms,delivered,Reminder: your next input redemption window is open. Visit your agrodealer this week.,2026-10-06T06:45:11+00:00
F101326,low,0.0033,sms_nudge,sms,delivered,Reminder: your next input redemption window is open. Visit your agrodealer this week.,2026-10-06T06:45:11+00:00
F101327,medium,0.427,field_agent_task,crm_task,created,Field visit follow-up (medium),2026-10-06T06:45:11+00:00
F101328,low,0.001,sms_nudge,sms,delivered,Reminder: your next input redemption window is open. Visit your agrodealer this week.,2026-10-06T06:45:11+00:00
F101329,high,0.9977,supervisor_escalation,escalation,sent,High default risk (score=1.00) - low input redemption rate; below-average prior yield,2026-10-06T06:45:11+00:00
F101330,low,0.0005,sms_nudge,sms,delivered,Reminder: your next input redemption window is open. Visit your agrodealer this week.,2026-10-06T06:45:11+00:00
F101331,low,0.0343,sms_nudge,sms,delivered,Reminder: your next input redemption window is open. Visit your agrodealer this week.,2026-10-06T06:45:11+00:00
F101332,low,0.0053,sms_nudge,sms,delivered,Reminder: your next input redemption window is open. Visit your agrodealer this week.,2026-10-06T06:45:11+00:00
F101333,low,0.0015,sms_nudge,sms,failed,Reminder: your next input redemption window is open. Visit your agrodealer this week.,2026-10-06T06:45:11+00:00
F101334,high,0.9647,supervisor_escalation,escalation,sent,High default risk (score=0.96) - weak repayment among peer group; long distance to nearest agrodealer,2026-10-06T06:45:11+00:00
F101335,low,0.0003,sms_nudge,sms,delivered,Reminder: your next input redemption window is open. Visit your agrodealer this week.,2026-10-06T06:45:11+00:00
F101336,low,0.0108,sms_nudge,sms,delivered,Reminder: your next input redemption window is open. Visit your agrodealer this week.,2026-10-06T06:45:11+00:00
F101337,high,0.9803,supervisor_escalation,escalation,sent,High default risk (score=0.98) - long gap since last farm visit; low training attendance,2026-10-06T06:45:11+00:00
F101338,low,0.0043,sms_nudge,sms,delivered,Reminder: your next input redemption window is open. Visit your agrodealer this week.,2026-10-06T06:45:11+00:00
F101339,high,0.9919,supervisor_escalation,escalation,sent,High default risk (score=0.99) - long gap since last farm visit; weak repayment among peer group,2026-10-06T06:45:11+00:00
F101340,high,0.9866,supervisor_escalation,escalation,sent,High default risk (score=0.99) - low input redemption rate; low training attendance,2026-10-06T06:45:11+00:00
F101341,low,0.0085,sms_nudge,sms,delivered,Reminder: your next input redemption window is open. Visit your agrodealer this week.,2026-10-06T06:45:11+00:00
F101342,low,0.0076,sms_nudge,sms,delivered,Reminder: your next input redemption window is open. Visit your agrodealer this week.,2026-10-06T06:45:11+00:00
F101343,low,0.0101,sms_nudge,sms,delivered,Reminder: your next input redemption window is open. Visit your agrodealer this week.,2026-10-06T06:45:11+00:00
F101344,low,0.0329,sms_nudge,sms,delivered,Reminder: your next input redemption window is open. Visit your agrodealer this week.,2026-10-06T06:45:11+00:00
F101345,low,0.0594,sms_nudge,sms,delivered,Reminder: your next input redemption window is open. Visit your agrodealer this week.,2026-10-06T06:45:11+00:00
F101346,low,0.014,sms_nudge,sms,delivered,Reminder: your next input redemption window is open. Visit your agrodealer this week.,2026-10-06T06:45:11+00:00
F101347,low,0.0014,sms_nudge,sms,delivered,Reminder: your next input redemption window is open. Visit your agrodealer this week.,2026-10-06T06:45:11+00:00
F101348,low,0.0525,sms_nudge,sms,delivered,Reminder: your next input redemption window is open. Visit your agrodealer this week.,2026-10-06T06:45:11+00:00
F101349,low,0.0008,sms_nudge,sms,delivered,Reminder: your next input redemption window is open. Visit your agrodealer this week.,2026-10-06T06:45:11+00:00
F101350,low,0.002,sms_nudge,sms,delivered,Reminder: your next input redemption window is open. Visit your agrodealer this week.,2026-10-06T06:45:11+00:00
F101351,low,0.0011,sms_nudge,sms,delivered,Reminder: your next input redemption window is open. Visit your agrodealer this week.,2026-10-06T06:45:11+00:00
F101352,low,0.0012,sms_nudge,sms,failed,Reminder: your next input redemption window is open. Visit your agrodealer this week.,2026-10-06T06:45:11+00:00
F101353,high,0.994,supervisor_escalation,escalation,sent,High default risk (score=0.99) - long gap since last farm visit; low training attendance,2026-10-06T06:45:11+00:00
F101354,high,0.6565,supervisor_escalation,escalation,sent,High default risk (score=0.66) - long gap since last farm visit; low training attendance,2026-10-06T06:45:11+00:00
F101355,low,0.002,sms_nudge,sms,delivered,Reminder: your next input redemption window is open. Visit your agrodealer this week.,2026-10-06T06:45:11+00:00
F101356,low,0.0004,sms_nudge,sms,delivered,Reminder: your next input redemption window is open. Visit your agrodealer this week.,2026-10-06T06:45:11+00:00
F101357,low,0.001,sms_nudge,sms,delivered,Reminder: your next input redemption window is open. Visit your agrodealer this week.,2026-10-06T06:45:11+00:00
F101358,low,0.0063,sms_nudge,sms,delivered,Reminder: your next input redemption window is open. Visit your agrodealer this week.,2026-10-06T06:45:11+00:00
F101359,low,0.0017,sms_nudge,sms,delivered,Reminder: your next input redemption window is open. Visit your agrodealer this week.,2026-10-06T06:45:11+00:00
F101360,low,0.0233,sms_nudge,sms,delivered,Reminder: your next input redemption window is open. Visit your agrodealer this week.,2026-10-06T06:45:11+00:00
F101361,low,0.0001,sms_nudge,sms,delivered,Reminder: your next input redemption window is open. Visit your agrodealer this week.,2026-10-06T06:45:11+00:00
F101362,low,0.0007,sms_nudge,sms,delivered,Reminder: your next input redemption window is open. Visit your agrodealer this week.,2026-10-06T06:45:11+00:00
F101363,low,0.0006,sms_nudge,sms,delivered,Reminder: your next input redemption window is open. Visit your agrodealer this week.,2026-10-06T06:45:11+00:00
F101364,high,0.9377,supervisor_escalation,escalation,sent,High default risk (score=0.94) - low input redemption rate; below-average prior yield,2026-10-06T06:45:11+00:00
F101365,low,0.0005,sms_nudge,sms,delivered,Reminder: your next input redemption window is open. Visit your agrodealer this week.,2026-10-06T06:45:11+00:00
F101366,high,0.9969,supervisor_escalation,escalation,sent,High default risk (score=1.00) - weak repayment among peer group; long gap since last farm visit,2026-10-06T06:45:11+00:00
F101367,low,0.0056,sms_nudge,sms,delivered,Reminder: your next input redemption window is open. Visit your agrodealer this week.,2026-10-06T06:45:11+00:00
F101368,low,0.0053,sms_nudge,sms,delivered,Reminder: your next input redemption window is open. Visit your agrodealer this week.,2026-10-06T06:45:11+00:00
F101369,low,0.2591,sms_nudge,sms,delivered,Reminder: your next input redemption window is open. Visit your agrodealer this week.,2026-10-06T06:45:11+00:00
F101370,low,0.1735,sms_nudge,sms,delivered,Reminder: your next input redemption window is open. Visit your agrodealer this week.,2026-10-06T06:45:11+00:00
F101371,low,0.0034,sms_nudge,sms,delivered,Reminder: your next input redemption window is open. Visit your agrodealer this week.,2026-10-06T06:45:11+00:00
F101372,low,0.0074,sms_nudge,sms,delivered,Reminder: your next input redemption window is open. Visit your agrodealer this week.,2026-10-06T06:45:11+00:00
F101373,high,0.9919,supervisor_escalation,escalation,sent,High default risk (score=0.99) - long gap since last farm visit; long distance to nearest agrodealer,2026-10-06T06:45:11+00:00
F101374,low,0.0047,sms_nudge,sms,delivered,Reminder: your next input redemption window is open. Visit your agrodealer this week.,2026-10-06T06:45:11+00:00
F101375,low,0.0008,sms_nudge,sms,delivered,Reminder: your next input redemption window is open. Visit your agrodealer this week.,2026-10-06T06:45:11+00:00
F101376,low,0.0115,sms_nudge,sms,delivered,Reminder: your next input redemption window is open. Visit your agrodealer this week.,2026-10-06T06:45:11+00:00
F101377,high,0.9309,supervisor_escalation,escalation,sent,High default risk (score=0.93) - low training attendance; low input redemption rate,2026-10-06T06:45:11+00:00
F101378,high,0.9816,supervisor_escalation,escalation,sent,High default risk (score=0.98) - long gap since last farm visit; below-average prior yield,2026-10-06T06:45:11+00:00
F101379,low,0.0006,sms_nudge,sms,delivered,Reminder: your next input redemption window is open. Visit your agrodealer this week.,2026-10-06T06:45:11+00:00
F101380,high,0.9717,supervisor_escalation,escalation,sent,High default risk (score=0.97) - weak repayment among peer group; low input redemption rate,2026-10-06T06:45:11+00:00
F101381,low,0.0263,sms_nudge,sms,delivered,Reminder: your next input redemption window is open. Visit your agrodealer this week.,2026-10-06T06:45:11+00:00
F101382,low,0.0012,sms_nudge,sms,delivered,Reminder: your next input redemption window is open. Visit your agrodealer this week.,2026-10-06T06:45:11+00:00
F101383,low,0.0446,sms_nudge,sms,delivered,Reminder: your next input redemption window is open. Visit your agrodealer this week.,2026-10-06T06:45:11+00:00
F101384,low,0.0162,sms_nudge,sms,delivered,Reminder: your next input redemption window is open. Visit your agrodealer this week.,2026-10-06T06:45:11+00:00
F101385,low,0.0142,sms_nudge,sms,delivered,Reminder: your next input redemption window is open. Visit your agrodealer this week.,2026-10-06T06:45:11+00:00
F101386,high,0.9993,supervisor_escalation,escalation,sent,High default risk (score=1.00) - low training attendance; below-average prior yield,2026-10-06T06:45:11+00:00
F101387,high,0.9858,supervisor_escalation,escalation,sent,High default risk (score=0.99) - weak repayment among peer group; long gap since last farm visit,2026-10-06T06:45:11+00:00
F101388,low,0.0439,sms_nudge,sms,delivered,Reminder: your next input redemption window is open. Visit your agrodealer this week.,2026-10-06T06:45:11+00:00
F101389,low,0.0027,sms_nudge,sms,delivered,Reminder: your next input redemption window is open. Visit your agrodealer this week.,2026-10-06T06:45:11+00:00
F101390,low,0.0143,sms_nudge,sms,delivered,Reminder: your next input redemption window is open. Visit your agrodealer this week.,2026-10-06T06:45:11+00:00
F101391,high,0.9741,supervisor_escalation,escalation,sent,High default risk (score=0.97) - long gap since last farm visit; below-average prior yield,2026-10-06T06:45:11+00:00
F101392,high,0.9845,supervisor_escalation,escalation,sent,High default risk (score=0.98) - long gap since last farm visit; below-average prior yield,2026-10-06T06:45:11+00:00
F101393,low,0.1495,sms_nudge,sms,delivered,Reminder: your next input redemption window is open. Visit your agrodealer this week.,2026-10-06T06:45:11+00:00
F101394,low,0.0011,sms_nudge,sms,delivered,Reminder: your next input redemption window is open. Visit your agrodealer this week.,2026-10-06T06:45:11+00:00
F101395,low,0.0018,sms_nudge,sms,delivered,Reminder: your next input redemption window is open. Visit your agrodealer this week.,2026-10-06T06:45:11+00:00
F101396,high,0.9926,supervisor_escalation,escalation,sent,High default risk (score=0.99) - low training attendance; weak repayment among peer group,2026-10-06T06:45:11+00:00
F101397,low,0.0002,sms_nudge,sms,delivered,Reminder: your next input redemption window is open. Visit your agrodealer this week.,2026-10-06T06:45:11+00:00
F101398,low,0.0018,sms_nudge,sms,delivered,Reminder: your next input redemption window is open. Visit your agrodealer this week.,2026-10-06T06:45:11+00:00
F101399,low,0.0114,sms_nudge,sms,delivered,Reminder: your next input redemption window is open. Visit your agrodealer this week.,2026-10-06T06:45:11+00:00
F101400,low,0.0228,sms_nudge,sms,delivered,Reminder: your next input redemption window is open. Visit your agrodealer this week.,2026-10-06T06:45:11+00:00
F101401,high,0.9136,supervisor_escalation,escalation,sent,High default risk (score=0.91) - no active mobile money usage; low input redemption rate,2026-10-06T06:45:11+00:00
F101402,low,0.0002,sms_nudge,sms,delivered,Reminder: your next input redemption window is open. Visit your agrodealer this week.,2026-10-06T06:45:11+00:00
F101403,low,0.0048,sms_nudge,sms,failed,Reminder: your next input redemption window is open. Visit your agrodealer this week.,2026-10-06T06:45:11+00:00
F101404,low,0.0006,sms_nudge,sms,delivered,Reminder: your next input redemption window is open. Visit your agrodealer this week.,2026-10-06T06:45:11+00:00
F101405,low,0.0149,sms_nudge,sms,delivered,Reminder: your next input redemption window is open. Visit your agrodealer this week.,2026-10-06T06:45:11+00:00
F101406,low,0.0008,sms_nudge,sms,delivered,Reminder: your next input redemption window is open. Visit your agrodealer this week.,2026-10-06T06:45:11+00:00
F101407,high,0.9899,supervisor_escalation,escalation,sent,High default risk (score=0.99) - long gap since last farm visit; weak repayment among peer group,2026-10-06T06:45:11+00:00
F101408,low,0.0003,sms_nudge,sms,delivered,Reminder: your next input redemption window is open. Visit your agrodealer this week.,2026-10-06T06:45:11+00:00
F101409,low,0.0002,sms_nudge,sms,delivered,Reminder: your next input redemption window is open. Visit your agrodealer this week.,2026-10-06T06:45:11+00:00
F101410,low,0.0535,sms_nudge,sms,delivered,Reminder: your next input redemption window is open. Visit your agrodealer this week.,2026-10-06T06:45:11+00:00
F101411,low,0.0032,sms_nudge,sms,delivered,Reminder: your next input redemption window is open. Visit your agrodealer this week.,2026-10-06T06:45:11+00:00
F101412,high,0.9997,supervisor_escalation,escalation,sent,High default risk (score=1.00) - low input redemption rate; long gap since last farm visit,2026-10-06T06:45:11+00:00
F101413,low,0.0411,sms_nudge,sms,delivered,Reminder: your next input redemption window is open. Visit your agrodealer this week.,2026-10-06T06:45:11+00:00
F101414,medium,0.5958,field_agent_task,crm_task,created,Field visit follow-up (medium),2026-10-06T06:45:11+00:00
F101415,low,0.0145,sms_nudge,sms,delivered,Reminder: your next input redemption window is open. Visit your agrodealer this week.,2026-10-06T06:45:11+00:00
F101416,low,0.0005,sms_nudge,sms,delivered,Reminder: your next input redemption window is open. Visit your agrodealer this week.,2026-10-06T06:45:11+00:00
F101417,low,0.0011,sms_nudge,sms,delivered,Reminder: your next input redemption window is open. Visit your agrodealer this week.,2026-10-06T06:45:11+00:00
F101418,low,0.0418,sms_nudge,sms,delivered,Reminder: your next input redemption window is open. Visit your agrodealer this week.,2026-10-06T06:45:11+00:00
F101419,high,0.9904,supervisor_escalation,escalation,sent,High default risk (score=0.99) - low input redemption rate; weak repayment among peer group,2026-10-06T06:45:11+00:00
F101420,low,0.0009,sms_nudge,sms,delivered,Reminder: your next input redemption window is open. Visit your agrodealer this week.,2026-10-06T06:45:11+00:00
F101421,low,0.0009,sms_nudge,sms,delivered,Reminder: your next input redemption window is open. Visit your agrodealer this week.,2026-10-06T06:45:11+00:00
F101422,low,0.0008,sms_nudge,sms,delivered,Reminder: your next input redemption window is open. Visit your agrodealer this week.,2026-10-06T06:45:11+00:00
F101423,low,0.0034,sms_nudge,sms,delivered,Reminder: your next input redemption window is open. Visit your agrodealer this week.,2026-10-06T06:45:11+00:00
F101424,low,0.0009,sms_nudge,sms,delivered,Reminder: your next input redemption window is open. Visit your agrodealer this week.,2026-10-06T06:45:11+00:00
F101425,low,0.0434,sms_nudge,sms,delivered,Reminder: your next input redemption window is open. Visit your agrodealer this week.,2026-10-06T06:45:11+00:00
F101426,low,0.0123,sms_nudge,sms,delivered,Reminder: your next input redemption window is open. Visit your agrodealer this week.,2026-10-06T06:45:11+00:00
F101427,high,0.9072,supervisor_escalation,escalation,sent,High default risk (score=0.91) - no active mobile money usage; below-average prior yield,2026-10-06T06:45:11+00:00
F101428,low,0.0305,sms_nudge,sms,delivered,Reminder: your next input redemption window is open. Visit your agrodealer this week.,2026-10-06T06:45:11+00:00
F101429,low,0.0687,sms_nudge,sms,delivered,Reminder: your next input redemption window is open. Visit your agrodealer this week.,2026-10-06T06:45:11+00:00
F101430,low,0.0079,sms_nudge,sms,delivered,Reminder: your next input redemption window is open. Visit your agrodealer this week.,2026-10-06T06:45:11+00:00
F101431,high,1.0,supervisor_escalation,escalation,sent,High default risk (score=1.00) - long gap since last farm visit; weak repayment among peer group,2026-10-06T06:45:11+00:00
F101432,high,0.9998,supervisor_escalation,escalation,sent,High default risk (score=1.00) - long gap since last farm visit; low training attendance,2026-10-06T06:45:11+00:00
F101433,low,0.0001,sms_nudge,sms,delivered,Reminder: your next input redemption window is open. Visit your agrodealer this week.,2026-10-06T06:45:11+00:00
F101434,high,0.9733,supervisor_escalation,escalation,sent,High default risk (score=0.97) - no active mobile money usage; weak repayment among peer group,2026-10-06T06:45:11+00:00
F101435,high,0.9643,supervisor_escalation,escalation,sent,High default risk (score=0.96) - below-average prior yield; low input redemption rate,2026-10-06T06:45:11+00:00
F101436,high,0.943,supervisor_escalation,escalation,sent,High default risk (score=0.94) - long gap since last farm visit; low training attendance,2026-10-06T06:45:11+00:00
F101437,low,0.0206,sms_nudge,sms,delivered,Reminder: your next input redemption window is open. Visit your agrodealer this week.,2026-10-06T06:45:11+00:00
F101438,high,0.9343,supervisor_escalation,escalation,sent,High default risk (score=0.93) - no active mobile money usage; low input redemption rate,2026-10-06T06:45:11+00:00
F101439,low,0.0011,sms_nudge,sms,delivered,Reminder: your next input redemption window is open. Visit your agrodealer this week.,2026-10-06T06:45:11+00:00
F101440,low,0.0073,sms_nudge,sms,delivered,Reminder: your next input redemption window is open. Visit your agrodealer this week.,2026-10-06T06:45:11+00:00
F101441,low,0.0424,sms_nudge,sms,delivered,Reminder: your next input redemption window is open. Visit your agrodealer this week.,2026-10-06T06:45:11+00:00
F101442,low,0.0403,sms_nudge,sms,delivered,Reminder: your next input redemption window is open. Visit your agrodealer this week.,2026-10-06T06:45:11+00:00
F101443,high,0.9771,supervisor_escalation,escalation,sent,High default risk (score=0.98) - low training attendance; no active mobile money usage,2026-10-06T06:45:11+00:00
F101444,low,0.0003,sms_nudge,sms,failed,Reminder: your next input redemption window is open. Visit your agrodealer this week.,2026-10-06T06:45:11+00:00
F101445,high,0.9293,supervisor_escalation,escalation,sent,High default risk (score=0.93) - weak repayment among peer group; below-average prior yield,2026-10-06T06:45:11+00:00
F101446,high,0.9349,supervisor_escalation,escalation,sent,High default risk (score=0.93) - long gap since last farm visit; low input redemption rate,2026-10-06T06:45:11+00:00
F101447,low,0.0006,sms_nudge,sms,delivered,Reminder: your next input redemption window is open. Visit your agrodealer this week.,2026-10-06T06:45:11+00:00
F101448,high,0.796,supervisor_escalation,escalation,sent,High default risk (score=0.80) - long gap since last farm visit; no active mobile money usage,2026-10-06T06:45:11+00:00
F101449,low,0.0002,sms_nudge,sms,delivered,Reminder: your next input redemption window is open. Visit your agrodealer this week.,2026-10-06T06:45:11+00:00
F101450,high,0.9998,supervisor_escalation,escalation,sent,High default risk (score=1.00) - long gap since last farm visit; weak repayment among peer group,2026-10-06T06:45:11+00:00
F101451,low,0.0004,sms_nudge,sms,delivered,Reminder: your next input redemption window is open. Visit your agrodealer this week.,2026-10-06T06:45:11+00:00
F101452,low,0.0221,sms_nudge,sms,delivered,Reminder: your next input redemption window is open. Visit your agrodealer this week.,2026-10-06T06:45:11+00:00
F101453,low,0.0001,sms_nudge,sms,delivered,Reminder: your next input redemption window is open. Visit your agrodealer this week.,2026-10-06T06:45:11+00:00
F101454,low,0.0475,sms_nudge,sms,delivered,Reminder: your next input redemption window is open. Visit your agrodealer this week.,2026-10-06T06:45:11+00:00
F101455,low,0.0002,sms_nudge,sms,delivered,Reminder: your next input redemption window is open. Visit your agrodealer this week.,2026-10-06T06:45:11+00:00
F101456,low,0.0009,sms_nudge,sms,failed,Reminder: your next input redemption window is open. Visit your agrodealer this week.,2026-10-06T06:45:11+00:00
F101457,low,0.0097,sms_nudge,sms,failed,Reminder: your next input redemption window is open. Visit your agrodealer this week.,2026-10-06T06:45:11+00:00
F101458,low,0.0262,sms_nudge,sms,delivered,Reminder: your next input redemption window is open. Visit your agrodealer this week.,2026-10-06T06:45:11+00:00
F101459,high,0.9926,supervisor_escalation,escalation,sent,High default risk (score=0.99) - low input redemption rate; long gap since last farm visit,2026-10-06T06:45:11+00:00
F101460,high,0.9722,supervisor_escalation,escalation,sent,High default risk (score=0.97) - long gap since last farm visit; low training attendance,2026-10-06T06:45:11+00:00
F101461,high,0.981,supervisor_escalation,escalation,sent,High default risk (score=0.98) - long gap since last farm visit; no active mobile money usage,2026-10-06T06:45:11+00:00
F101462,high,0.9594,supervisor_escalation,escalation,sent,High default risk (score=0.96) - long gap since last farm visit; no active mobile money usage,2026-10-06T06:45:11+00:00
F101463,low,0.0006,sms_nudge,sms,delivered,Reminder: your next input redemption window is open. Visit your agrodealer this week.,2026-10-06T06:45:11+00:00
F101464,low,0.0007,sms_nudge,sms,delivered,Reminder: your next input redemption window is open. Visit your agrodealer this week.,2026-10-06T06:45:11+00:00
F101465,low,0.0071,sms_nudge,sms,delivered,Reminder: your next input redemption window is open. Visit your agrodealer this week.,2026-10-06T06:45:11+00:00
F101466,low,0.0015,sms_nudge,sms,delivered,Reminder: your next input redemption window is open. Visit your agrodealer this week.,2026-10-06T06:45:11+00:00
F101467,low,0.0003,sms_nudge,sms,delivered,Reminder: your next input redemption window is open. Visit your agrodealer this week.,2026-10-06T06:45:11+00:00
F101468,low,0.0051,sms_nudge,sms,delivered,Reminder: your next input redemption window is open. Visit your agrodealer this week.,2026-10-06T06:45:11+00:00
F101469,low,0.0001,sms_nudge,sms,delivered,Reminder: your next input redemption window is open. Visit your agrodealer this week.,2026-10-06T06:45:11+00:00
F101470,low,0.0043,sms_nudge,sms,failed,Reminder: your next input redemption window is open. Visit your agrodealer this week.,2026-10-06T06:45:11+00:00
F101471,low,0.0385,sms_nudge,sms,failed,Reminder: your next input redemption window is open. Visit your agrodealer this week.,2026-10-06T06:45:11+00:00
F101472,low,0.0903,sms_nudge,sms,delivered,Reminder: your next input redemption window is open. Visit your agrodealer this week.,2026-10-06T06:45:11+00:00
F101473,low,0.0233,sms_nudge,sms,delivered,Reminder: your next input redemption window is open. Visit your agrodealer this week.,2026-10-06T06:45:11+00:00
F101474,low,0.0086,sms_nudge,sms,delivered,Reminder: your next input redemption window is open. Visit your agrodealer this week.,2026-10-06T06:45:11+00:00
F101475,high,0.7438,supervisor_escalation,escalation,sent,High default risk (score=0.74) - low input redemption rate; long gap since last farm visit,2026-10-06T06:45:11+00:00
F101476,high,0.8805,supervisor_escalation,escalation,sent,High default risk (score=0.88) - long gap since last farm visit; weak repayment among peer group,2026-10-06T06:45:11+00:00
F101477,low,0.0081,sms_nudge,sms,delivered,Reminder: your next input redemption window is open. Visit your agrodealer this week.,2026-10-06T06:45:11+00:00
F101478,low,0.0003,sms_nudge,sms,delivered,Reminder: your next input redemption window is open. Visit your agrodealer this week.,2026-10-06T06:45:11+00:00
F101479,high,0.8645,supervisor_escalation,escalation,sent,High default risk (score=0.86) - long gap since last farm visit; weak repayment among peer group,2026-10-06T06:45:11+00:00
F101480,high,0.9991,supervisor_escalation,escalation,sent,High default risk (score=1.00) - long gap since last farm visit; low training attendance,2026-10-06T06:45:11+00:00
F101481,low,0.0001,sms_nudge,sms,delivered,Reminder: your next input redemption window is open. Visit your agrodealer this week.,2026-10-06T06:45:11+00:00
F101482,low,0.0004,sms_nudge,sms,delivered,Reminder: your next input redemption window is open. Visit your agrodealer this week.,2026-10-06T06:45:11+00:00
F101483,low,0.001,sms_nudge,sms,delivered,Reminder: your next input redemption window is open. Visit your agrodealer this week.,2026-10-06T06:45:11+00:00
F101484,low,0.0015,sms_nudge,sms,delivered,Reminder: your next input redemption window is open. Visit your agrodealer this week.,2026-10-06T06:45:11+00:00
F101485,high,0.9589,supervisor_escalation,escalation,sent,High default risk (score=0.96) - long gap since last farm visit; low input redemption rate,2026-10-06T06:45:11+00:00
F101486,low,0.0,sms_nudge,sms,delivered,Reminder: your next input redemption window is open. Visit your agrodealer this week.,2026-10-06T06:45:11+00:00
F101487,low,0.0005,sms_nudge,sms,delivered,Reminder: your next input redemption window is open. Visit your agrodealer this week.,2026-10-06T06:45:11+00:00
F101488,low,0.0004,sms_nudge,sms,delivered,Reminder: your next input redemption window is open. Visit your agrodealer this week.,2026-10-06T06:45:11+00:00
F101489,low,0.0194,sms_nudge,sms,delivered,Reminder: your next input redemption window is open. Visit your agrodealer this week.,2026-10-06T06:45:11+00:00
F101490,low,0.0103,sms_nudge,sms,delivered,Reminder: your next input redemption window is open. Visit your agrodealer this week.,2026-10-06T06:45:11+00:00
F101491,high,0.9999,supervisor_escalation,escalation,sent,High default risk (score=1.00) - low input redemption rate; long gap since last farm visit,2026-10-06T06:45:11+00:00
F101492,low,0.0047,sms_nudge,sms,delivered,Reminder: your next input redemption window is open. Visit your agrodealer this week.,2026-10-06T06:45:11+00:00
F101493,high,0.9794,supervisor_escalation,escalation,sent,High default risk (score=0.98) - low input redemption rate; long gap since last farm visit,2026-10-06T06:45:11+00:00
F101494,low,0.0028,sms_nudge,sms,delivered,Reminder: your next input redemption window is open. Visit your agrodealer this week.,2026-10-06T06:45:11+00:00
F101495,low,0.0025,sms_nudge,sms,delivered,Reminder: your next input redemption window is open. Visit your agrodealer this week.,2026-10-06T06:45:11+00:00
F101496,high,1.0,supervisor_escalation,escalation,sent,High default risk (score=1.00) - low input redemption rate; weak repayment among peer group,2026-10-06T06:45:11+00:00
F101497,low,0.0232,sms_nudge,sms,delivered,Reminder: your next input redemption window is open. Visit your agrodealer this week.,2026-10-06T06:45:11+00:00
F101498,low,0.0269,sms_nudge,sms,delivered,Reminder: your next input redemption window is open. Visit your agrodealer this week.,2026-10-06T06:45:11+00:00
F101499,low,0.0054,sms_nudge,sms,failed,Reminder: your next input redemption window is open. Visit your agrodealer this week.,2026-10-06T06:45:11+00:00
F101500,high,0.9272,supervisor_escalation,escalation,sent,High default risk (score=0.93) - below-average prior yield; long distance to nearest agrodealer,2026-10-06T06:45:11+00:00
F101501,low,0.0531,sms_nudge,sms,delivered,Reminder: your next input redemption window is open. Visit your agrodealer this week.,2026-10-06T06:45:11+00:00
F101502,low,0.0019,sms_nudge,sms,delivered,Reminder: your next input redemption window is open. Visit your agrodealer this week.,2026-10-06T06:45:11+00:00
F101503,high,0.9584,supervisor_escalation,escalation,sent,High default risk (score=0.96) - weak repayment among peer group; below-average prior yield,2026-10-06T06:45:11+00:00
F101504,high,0.8932,supervisor_escalation,escalation,sent,High default risk (score=0.89) - no active mobile money usage; weak repayment among peer group,2026-10-06T06:45:11+00:00
F101505,low,0.0067,sms_nudge,sms,delivered,Reminder: your next input redemption window is open. Visit your agrodealer this week.,2026-10-06T06:45:11+00:00
F101506,high,0.9805,supervisor_escalation,escalation,sent,High default risk (score=0.98) - long distance to nearest agrodealer; long gap since last farm visit,2026-10-06T06:45:11+00:00
F101507,high,0.9235,supervisor_escalation,escalation,sent,High default risk (score=0.92) - low input redemption rate; low training attendance,2026-10-06T06:45:11+00:00
F101508,low,0.0001,sms_nudge,sms,delivered,Reminder: your next input redemption window is open. Visit your agrodealer this week.,2026-10-06T06:45:11+00:00
F101509,low,0.0007,sms_nudge,sms,delivered,Reminder: your next input redemption window is open. Visit your agrodealer this week.,2026-10-06T06:45:11+00:00
F101510,low,0.0051,sms_nudge,sms,delivered,Reminder: your next input redemption window is open. Visit your agrodealer this week.,2026-10-06T06:45:11+00:00
F101511,low,0.0009,sms_nudge,sms,delivered,Reminder: your next input redemption window is open. Visit your agrodealer this week.,2026-10-06T06:45:11+00:00
F101512,low,0.0004,sms_nudge,sms,delivered,Reminder: your next input redemption window is open. Visit your agrodealer this week.,2026-10-06T06:45:11+00:00
F101513,high,0.6981,supervisor_escalation,escalation,sent,High default risk (score=0.70) - weak repayment among peer group; long gap since last farm visit,2026-10-06T06:45:11+00:00
F101514,low,0.0344,sms_nudge,sms,delivered,Reminder: your next input redemption window is open. Visit your agrodealer this week.,2026-10-06T06:45:11+00:00
F101515,low,0.0127,sms_nudge,sms,failed,Reminder: your next input redemption window is open. Visit your agrodealer this week.,2026-10-06T06:45:11+00:00
F101516,low,0.008,sms_nudge,sms,delivered,Reminder: your next input redemption window is open. Visit your agrodealer this week.,2026-10-06T06:45:11+00:00
F101517,low,0.0008,sms_nudge,sms,delivered,Reminder: your next input redemption window is open. Visit your agrodealer this week.,2026-10-06T06:45:11+00:00
F101518,low,0.0077,sms_nudge,sms,delivered,Reminder: your next input redemption window is open. Visit your agrodealer this week.,2026-10-06T06:45:11+00:00
F101519,low,0.0104,sms_nudge,sms,delivered,Reminder: your next input redemption window is open. Visit your agrodealer this week.,2026-10-06T06:45:11+00:00
F101520,high,0.9357,supervisor_escalation,escalation,sent,High default risk (score=0.94) - low training attendance; long distance to nearest agrodealer,2026-10-06T06:45:11+00:00
F101521,low,0.0003,sms_nudge,sms,delivered,Reminder: your next input redemption window is open. Visit your agrodealer this week.,2026-10-06T06:45:11+00:00
F101522,low,0.002,sms_nudge,sms,failed,Reminder: your next input redemption window is open. Visit your agrodealer this week.,2026-10-06T06:45:11+00:00
F101523,low,0.0062,sms_nudge,sms,delivered,Reminder: your next input redemption window is open. Visit your agrodealer this week.,2026-10-06T06:45:11+00:00
F101524,high,0.9654,supervisor_escalation,escalation,sent,High default risk (score=0.97) - long gap since last farm visit; weak repayment among peer group,2026-10-06T06:45:11+00:00
F101525,high,0.9879,supervisor_escalation,escalation,sent,High default risk (score=0.99) - weak repayment among peer group; below-average prior yield,2026-10-06T06:45:11+00:00
F101526,low,0.0036,sms_nudge,sms,delivered,Reminder: your next input redemption window is open. Visit your agrodealer this week.,2026-10-06T06:45:11+00:00
F101527,low,0.0029,sms_nudge,sms,delivered,Reminder: your next input redemption window is open. Visit your agrodealer this week.,2026-10-06T06:45:11+00:00
F101528,low,0.0009,sms_nudge,sms,delivered,Reminder: your next input redemption window is open. Visit your agrodealer this week.,2026-10-06T06:45:11+00:00
F101529,high,0.6551,supervisor_escalation,escalation,sent,High default risk (score=0.66) - weak repayment among peer group; no active mobile money usage,2026-10-06T06:45:11+00:00
F101530,high,0.9997,supervisor_escalation,escalation,sent,High default risk (score=1.00) - low input redemption rate; long gap since last farm visit,2026-10-06T06:45:11+00:00
F101531,low,0.0002,sms_nudge,sms,delivered,Reminder: your next input redemption window is open. Visit your agrodealer this week.,2026-10-06T06:45:11+00:00
F101532,low,0.001,sms_nudge,sms,delivered,Reminder: your next input redemption window is open. Visit your agrodealer this week.,2026-10-06T06:45:11+00:00
F101533,low,0.0023,sms_nudge,sms,delivered,Reminder: your next input redemption window is open. Visit your agrodealer this week.,2026-10-06T06:45:11+00:00
F101534,low,0.0015,sms_nudge,sms,delivered,Reminder: your next input redemption window is open. Visit your agrodealer this week.,2026-10-06T06:45:11+00:00
F101535,high,0.9283,supervisor_escalation,escalation,sent,High default risk (score=0.93) - long distance to nearest agrodealer; long gap since last farm visit,2026-10-06T06:45:11+00:00
F101536,low,0.0028,sms_nudge,sms,delivered,Reminder: your next input redemption window is open. Visit your agrodealer this week.,2026-10-06T06:45:11+00:00
F101537,low,0.0242,sms_nudge,sms,delivered,Reminder: your next input redemption window is open. Visit your agrodealer this week.,2026-10-06T06:45:11+00:00
F101538,low,0.0537,sms_nudge,sms,delivered,Reminder: your next input redemption window is open. Visit your agrodealer this week.,2026-10-06T06:45:11+00:00
F101539,high,0.9722,supervisor_escalation,escalation,sent,High default risk (score=0.97) - long gap since last farm visit; low input redemption rate,2026-10-06T06:45:11+00:00
F101540,low,0.092,sms_nudge,sms,failed,Reminder: your next input redemption window is open. Visit your agrodealer this week.,2026-10-06T06:45:11+00:00
F101541,high,0.9933,supervisor_escalation,escalation,sent,High default risk (score=0.99) - long gap since last farm visit; long distance to nearest agrodealer,2026-10-06T06:45:11+00:00
F101542,low,0.0829,sms_nudge,sms,delivered,Reminder: your next input redemption window is open. Visit your agrodealer this week.,2026-10-06T06:45:11+00:00
F101543,low,0.0022,sms_nudge,sms,delivered,Reminder: your next input redemption window is open. Visit your agrodealer this week.,2026-10-06T06:45:11+00:00
F101544,low,0.001,sms_nudge,sms,delivered,Reminder: your next input redemption window is open. Visit your agrodealer this week.,2026-10-06T06:45:11+00:00
F101545,low,0.073,sms_nudge,sms,failed,Reminder: your next input redemption window is open. Visit your agrodealer this week.,2026-10-06T06:45:11+00:00
F101546,low,0.0166,sms_nudge,sms,delivered,Reminder: your next input redemption window is open. Visit your agrodealer this week.,2026-10-06T06:45:11+00:00
F101547,low,0.0024,sms_nudge,sms,delivered,Reminder: your next input redemption window is open. Visit your agrodealer this week.,2026-10-06T06:45:11+00:00
F101548,low,0.0022,sms_nudge,sms,delivered,Reminder: your next input redemption window is open. Visit your agrodealer this week.,2026-10-06T06:45:11+00:00
F101549,low,0.0083,sms_nudge,sms,delivered,Reminder: your next input redemption window is open. Visit your agrodealer this week.,2026-10-06T06:45:11+00:00
F101550,low,0.0009,sms_nudge,sms,delivered,Reminder: your next input redemption window is open. Visit your agrodealer this week.,2026-10-06T06:45:11+00:00
F101551,low,0.0002,sms_nudge,sms,delivered,Reminder: your next input redemption window is open. Visit your agrodealer this week.,2026-10-06T06:45:11+00:00
F101552,low,0.0027,sms_nudge,sms,delivered,Reminder: your next input redemption window is open. Visit your agrodealer this week.,2026-10-06T06:45:11+00:00
F101553,low,0.0004,sms_nudge,sms,delivered,Reminder: your next input redemption window is open. Visit your agrodealer this week.,2026-10-06T06:45:11+00:00
F101554,high,0.8297,supervisor_escalation,escalation,sent,High default risk (score=0.83) - low input redemption rate; long distance to nearest agrodealer,2026-10-06T06:45:11+00:00
F101555,low,0.0081,sms_nudge,sms,failed,Reminder: your next input redemption window is open. Visit your agrodealer this week.,2026-10-06T06:45:11+00:00
F101556,high,0.9946,supervisor_escalation,escalation,sent,High default risk (score=0.99) - low training attendance; below-average prior yield,2026-10-06T06:45:11+00:00
F101557,low,0.0001,sms_nudge,sms,delivered,Reminder: your next input redemption window is open. Visit your agrodealer this week.,2026-10-06T06:45:11+00:00
F101558,low,0.0097,sms_nudge,sms,delivered,Reminder: your next input redemption window is open. Visit your agrodealer this week.,2026-10-06T06:45:11+00:00
F101559,low,0.0014,sms_nudge,sms,delivered,Reminder: your next input redemption window is open. Visit your agrodealer this week.,2026-10-06T06:45:11+00:00
F101560,high,0.9244,supervisor_escalation,escalation,sent,High default risk (score=0.92) - weak repayment among peer group; long gap since last farm visit,2026-10-06T06:45:11+00:00
F101561,low,0.0001,sms_nudge,sms,delivered,Reminder: your next input redemption window is open. Visit your agrodealer this week.,2026-10-06T06:45:11+00:00
F101562,low,0.0042,sms_nudge,sms,delivered,Reminder: your next input redemption window is open. Visit your agrodealer this week.,2026-10-06T06:45:11+00:00
F101563,high,0.9458,supervisor_escalation,escalation,sent,High default risk (score=0.95) - long gap since last farm visit; low input redemption rate,2026-10-06T06:45:11+00:00
F101564,low,0.0021,sms_nudge,sms,delivered,Reminder: your next input redemption window is open. Visit your agrodealer this week.,2026-10-06T06:45:11+00:00
F101565,low,0.001,sms_nudge,sms,delivered,Reminder: your next input redemption window is open. Visit your agrodealer this week.,2026-10-06T06:45:11+00:00
F101566,low,0.0008,sms_nudge,sms,delivered,Reminder: your next input redemption window is open. Visit your agrodealer this week.,2026-10-06T06:45:11+00:00
F101567,low,0.0052,sms_nudge,sms,delivered,Reminder: your next input redemption window is open. Visit your agrodealer this week.,2026-10-06T06:45:11+00:00
F101568,high,0.9507,supervisor_escalation,escalation,sent,High default risk (score=0.95) - low input redemption rate; long gap since last farm visit,2026-10-06T06:45:11+00:00
F101569,low,0.035,sms_nudge,sms,delivered,Reminder: your next input redemption window is open. Visit your agrodealer this week.,2026-10-06T06:45:11+00:00
F101570,low,0.0079,sms_nudge,sms,delivered,Reminder: your next input redemption window is open. Visit your agrodealer this week.,2026-10-06T06:45:11+00:00
F101571,low,0.0184,sms_nudge,sms,delivered,Reminder: your next input redemption window is open. Visit your agrodealer this week.,2026-10-06T06:45:11+00:00
F101572,high,0.9813,supervisor_escalation,escalation,sent,High default risk (score=0.98) - low training attendance; long gap since last farm visit,2026-10-06T06:45:11+00:00
F101573,low,0.0004,sms_nudge,sms,delivered,Reminder: your next input redemption window is open. Visit your agrodealer this week.,2026-10-06T06:45:11+00:00
F101574,low,0.0038,sms_nudge,sms,delivered,Reminder: your next input redemption window is open. Visit your agrodealer this week.,2026-10-06T06:45:11+00:00
F101575,low,0.0268,sms_nudge,sms,delivered,Reminder: your next input redemption window is open. Visit your agrodealer this week.,2026-10-06T06:45:11+00:00
F101576,low,0.0063,sms_nudge,sms,failed,Reminder: your next input redemption window is open. Visit your agrodealer this week.,2026-10-06T06:45:11+00:00
F101577,low,0.0163,sms_nudge,sms,delivered,Reminder: your next input redemption window is open. Visit your agrodealer this week.,2026-10-06T06:45:11+00:00
F101578,low,0.0043,sms_nudge,sms,delivered,Reminder: your next input redemption window is open. Visit your agrodealer this week.,2026-10-06T06:45:11+00:00
F101579,low,0.0022,sms_nudge,sms,delivered,Reminder: your next input redemption window is open. Visit your agrodealer this week.,2026-10-06T06:45:11+00:00
F101580,low,0.0009,sms_nudge,sms,delivered,Reminder: your next input redemption window is open. Visit your agrodealer this week.,2026-10-06T06:45:11+00:00
F101581,low,0.0006,sms_nudge,sms,delivered,Reminder: your next input redemption window is open. Visit your agrodealer this week.,2026-10-06T06:45:11+00:00
F101582,high,0.9186,supervisor_escalation,escalation,sent,High default risk (score=0.92) - long gap since last farm visit; long distance to nearest agrodealer,2026-10-06T06:45:11+00:00
F101583,low,0.0178,sms_nudge,sms,delivered,Reminder: your next input redemption window is open. Visit your agrodealer this week.,2026-10-06T06:45:11+00:00
F101584,high,0.9665,supervisor_escalation,escalation,sent,High default risk (score=0.97) - long gap since last farm visit; no active mobile money usage,2026-10-06T06:45:11+00:00
F101585,high,0.9775,supervisor_escalation,escalation,sent,High default risk (score=0.98) - long gap since last farm visit; below-average prior yield,2026-10-06T06:45:11+00:00
F101586,low,0.0077,sms_nudge,sms,delivered,Reminder: your next input redemption window is open. Visit your agrodealer this week.,2026-10-06T06:45:11+00:00
F101587,low,0.0132,sms_nudge,sms,delivered,Reminder: your next input redemption window is open. Visit your agrodealer this week.,2026-10-06T06:45:11+00:00
F101588,low,0.0001,sms_nudge,sms,delivered,Reminder: your next input redemption window is open. Visit your agrodealer this week.,2026-10-06T06:45:11+00:00
F101589,low,0.0059,sms_nudge,sms,delivered,Reminder: your next input redemption window is open. Visit your agrodealer this week.,2026-10-06T06:45:11+00:00
F101590,high,0.9761,supervisor_escalation,escalation,sent,High default risk (score=0.98) - weak repayment among peer group; long gap since last farm visit,2026-10-06T06:45:11+00:00
F101591,low,0.0012,sms_nudge,sms,delivered,Reminder: your next input redemption window is open. Visit your agrodealer this week.,2026-10-06T06:45:11+00:00
F101592,low,0.0046,sms_nudge,sms,delivered,Reminder: your next input redemption window is open. Visit your agrodealer this week.,2026-10-06T06:45:11+00:00
F101593,high,0.9881,supervisor_escalation,escalation,sent,High default risk (score=0.99) - low input redemption rate; long gap since last farm visit,2026-10-06T06:45:11+00:00
F101594,low,0.0238,sms_nudge,sms,delivered,Reminder: your next input redemption window is open. Visit your agrodealer this week.,2026-10-06T06:45:11+00:00
F101595,low,0.0001,sms_nudge,sms,delivered,Reminder: your next input redemption window is open. Visit your agrodealer this week.,2026-10-06T06:45:11+00:00
F101596,high,0.987,supervisor_escalation,escalation,sent,High default risk (score=0.99) - long gap since last farm visit; low training attendance,2026-10-06T06:45:11+00:00
F101597,low,0.0006,sms_nudge,sms,delivered,Reminder: your next input redemption window is open. Visit your agrodealer this week.,2026-10-06T06:45:11+00:00
F101598,low,0.0571,sms_nudge,sms,delivered,Reminder: your next input redemption window is open. Visit your agrodealer this week.,2026-10-06T06:45:11+00:00
F101599,low,0.0008,sms_nudge,sms,delivered,Reminder: your next input redemption window is open. Visit your agrodealer this week.,2026-10-06T06:45:11+00:00
F101600,low,0.0091,sms_nudge,sms,delivered,Reminder: your next input redemption window is open. Visit your agrodealer this week.,2026-10-06T06:45:11+00:00
F101601,low,0.0161,sms_nudge,sms,delivered,Reminder: your next input redemption window is open. Visit your agrodealer this week.,2026-10-06T06:45:11+00:00
F101602,low,0.0605,sms_nudge,sms,delivered,Reminder: your next input redemption window is open. Visit your agrodealer this week.,2026-10-06T06:45:11+00:00
F101603,low,0.0012,sms_nudge,sms,delivered,Reminder: your next input redemption window is open. Visit your agrodealer this week.,2026-10-06T06:45:11+00:00
F101604,low,0.0001,sms_nudge,sms,delivered,Reminder: your next input redemption window is open. Visit your agrodealer this week.,2026-10-06T06:45:11+00:00
F101605,high,0.9029,supervisor_escalation,escalation,sent,High default risk (score=0.90) - long distance to nearest agrodealer; long gap since last farm visit,2026-10-06T06:45:11+00:00
F101606,high,0.9998,supervisor_escalation,escalation,sent,High default risk (score=1.00) - long gap since last farm visit; low input redemption rate,2026-10-06T06:45:11+00:00
F101607,low,0.0113,sms_nudge,sms,delivered,Reminder: your next input redemption window is open. Visit your agrodealer this week.,2026-10-06T06:45:11+00:00
F101608,low,0.0,sms_nudge,sms,delivered,Reminder: your next input redemption window is open. Visit your agrodealer this week.,2026-10-06T06:45:11+00:00
F101609,low,0.0151,sms_nudge,sms,delivered,Reminder: your next input redemption window is open. Visit your agrodealer this week.,2026-10-06T06:45:11+00:00
F101610,high,0.9891,supervisor_escalation,escalation,sent,High default risk (score=0.99) - low training attendance; weak repayment among peer group,2026-10-06T06:45:11+00:00
F101611,low,0.0022,sms_nudge,sms,delivered,Reminder: your next input redemption window is open. Visit your agrodealer this week.,2026-10-06T06:45:11+00:00
F101612,high,0.9077,supervisor_escalation,escalation,sent,High default risk (score=0.91) - weak repayment among peer group; long gap since last farm visit,2026-10-06T06:45:11+00:00
F101613,low,0.0134,sms_nudge,sms,delivered,Reminder: your next input redemption window is open. Visit your agrodealer this week.,2026-10-06T06:45:11+00:00
F101614,high,0.9941,supervisor_escalation,escalation,sent,High default risk (score=0.99) - low input redemption rate; long gap since last farm visit,2026-10-06T06:45:11+00:00
F101615,low,0.0024,sms_nudge,sms,failed,Reminder: your next input redemption window is open. Visit your agrodealer this week.,2026-10-06T06:45:11+00:00
F101616,low,0.0006,sms_nudge,sms,delivered,Reminder: your next input redemption window is open. Visit your agrodealer this week.,2026-10-06T06:45:11+00:00
F101617,low,0.0002,sms_nudge,sms,delivered,Reminder: your next input redemption window is open. Visit your agrodealer this week.,2026-10-06T06:45:11+00:00
F101618,low,0.0062,sms_nudge,sms,delivered,Reminder: your next input redemption window is open. Visit your agrodealer this week.,2026-10-06T06:45:11+00:00
F101619,high,0.9904,supervisor_escalation,escalation,sent,High default risk (score=0.99) - low training attendance; long gap since last farm visit,2026-10-06T06:45:11+00:00
F101620,high,0.9998,supervisor_escalation,escalation,sent,High default risk (score=1.00) - low input redemption rate; long gap since last farm visit,2026-10-06T06:45:11+00:00
F101621,low,0.0954,sms_nudge,sms,delivered,Reminder: your next input redemption window is open. Visit your agrodealer this week.,2026-10-06T06:45:11+00:00
F101622,low,0.03,sms_nudge,sms,failed,Reminder: your next input redemption window is open. Visit your agrodealer this week.,2026-10-06T06:45:11+00:00
F101623,low,0.0134,sms_nudge,sms,failed,Reminder: your next input redemption window is open. Visit your agrodealer this week.,2026-10-06T06:45:11+00:00
F101624,low,0.0004,sms_nudge,sms,delivered,Reminder: your next input redemption window is open. Visit your agrodealer this week.,2026-10-06T06:45:11+00:00
F101625,low,0.0105,sms_nudge,sms,delivered,Reminder: your next input redemption window is open. Visit your agrodealer this week.,2026-10-06T06:45:11+00:00
F101626,low,0.0121,sms_nudge,sms,delivered,Reminder: your next input redemption window is open. Visit your agrodealer this week.,2026-10-06T06:45:11+00:00
F101627,low,0.0045,sms_nudge,sms,delivered,Reminder: your next input redemption window is open. Visit your agrodealer this week.,2026-10-06T06:45:11+00:00
F101628,low,0.0025,sms_nudge,sms,delivered,Reminder: your next input redemption window is open. Visit your agrodealer this week.,2026-10-06T06:45:11+00:00
F101629,low,0.0021,sms_nudge,sms,delivered,Reminder: your next input redemption window is open. Visit your agrodealer this week.,2026-10-06T06:45:11+00:00
F101630,high,0.968,supervisor_escalation,escalation,sent,High default risk (score=0.97) - no active mobile money usage; below-average prior yield,2026-10-06T06:45:11+00:00
F101631,low,0.0009,sms_nudge,sms,delivered,Reminder: your next input redemption window is open. Visit your agrodealer this week.,2026-10-06T06:45:11+00:00
F101632,low,0.0006,sms_nudge,sms,delivered,Reminder: your next input redemption window is open. Visit your agrodealer this week.,2026-10-06T06:45:11+00:00
F101633,low,0.0129,sms_nudge,sms,delivered,Reminder: your next input redemption window is open. Visit your agrodealer this week.,2026-10-06T06:45:11+00:00
F101634,low,0.0618,sms_nudge,sms,delivered,Reminder: your next input redemption window is open. Visit your agrodealer this week.,2026-10-06T06:45:11+00:00
F101635,low,0.0033,sms_nudge,sms,delivered,Reminder: your next input redemption window is open. Visit your agrodealer this week.,2026-10-06T06:45:11+00:00
F101636,low,0.0034,sms_nudge,sms,delivered,Reminder: your next input redemption window is open. Visit your agrodealer this week.,2026-10-06T06:45:11+00:00
F101637,low,0.0049,sms_nudge,sms,delivered,Reminder: your next input redemption window is open. Visit your agrodealer this week.,2026-10-06T06:45:11+00:00
F101638,low,0.0002,sms_nudge,sms,delivered,Reminder: your next input redemption window is open. Visit your agrodealer this week.,2026-10-06T06:45:11+00:00
F101639,high,0.9665,supervisor_escalation,escalation,sent,High default risk (score=0.97) - long gap since last farm visit; low input redemption rate,2026-10-06T06:45:11+00:00
F101640,high,0.931,supervisor_escalation,escalation,sent,High default risk (score=0.93) - low training attendance; no active mobile money usage,2026-10-06T06:45:11+00:00
F101641,low,0.0224,sms_nudge,sms,delivered,Reminder: your next input redemption window is open. Visit your agrodealer this week.,2026-10-06T06:45:11+00:00
F101642,high,0.9998,supervisor_escalation,escalation,sent,High default risk (score=1.00) - long gap since last farm visit; long distance to nearest agrodealer,2026-10-06T06:45:11+00:00
F101643,low,0.0051,sms_nudge,sms,delivered,Reminder: your next input redemption window is open. Visit your agrodealer this week.,2026-10-06T06:45:11+00:00
F101644,high,0.9408,supervisor_escalation,escalation,sent,High default risk (score=0.94) - low training attendance; long distance to nearest agrodealer,2026-10-06T06:45:11+00:00
F101645,low,0.0004,sms_nudge,sms,delivered,Reminder: your next input redemption window is open. Visit your agrodealer this week.,2026-10-06T06:45:11+00:00
F101646,low,0.0,sms_nudge,sms,failed,Reminder: your next input redemption window is open. Visit your agrodealer this week.,2026-10-06T06:45:11+00:00
F101647,low,0.0008,sms_nudge,sms,delivered,Reminder: your next input redemption window is open. Visit your agrodealer this week.,2026-10-06T06:45:11+00:00
F101648,low,0.0,sms_nudge,sms,delivered,Reminder: your next input redemption window is open. Visit your agrodealer this week.,2026-10-06T06:45:11+00:00
F101649,low,0.0201,sms_nudge,sms,delivered,Reminder: your next input redemption window is open. Visit your agrodealer this week.,2026-10-06T06:45:11+00:00
F101650,low,0.0019,sms_nudge,sms,delivered,Reminder: your next input redemption window is open. Visit your agrodealer this week.,2026-10-06T06:45:11+00:00
F101651,low,0.0196,sms_nudge,sms,delivered,Reminder: your next input redemption window is open. Visit your agrodealer this week.,2026-10-06T06:45:11+00:00
F101652,high,0.9805,supervisor_escalation,escalation,sent,High default risk (score=0.98) - low training attendance; below-average prior yield,2026-10-06T06:45:11+00:00
F101653,low,0.0015,sms_nudge,sms,delivered,Reminder: your next input redemption window is open. Visit your agrodealer this week.,2026-10-06T06:45:11+00:00
F101654,low,0.0031,sms_nudge,sms,delivered,Reminder: your next input redemption window is open. Visit your agrodealer this week.,2026-10-06T06:45:11+00:00
F101655,low,0.0015,sms_nudge,sms,delivered,Reminder: your next input redemption window is open. Visit your agrodealer this week.,2026-10-06T06:45:11+00:00
F101656,low,0.0008,sms_nudge,sms,delivered,Reminder: your next input redemption window is open. Visit your agrodealer this week.,2026-10-06T06:45:11+00:00
F101657,low,0.0012,sms_nudge,sms,delivered,Reminder: your next input redemption window is open. Visit your agrodealer this week.,2026-10-06T06:45:11+00:00
F101658,high,0.9981,supervisor_escalation,escalation,sent,High default risk (score=1.00) - long gap since last farm visit; low training attendance,2026-10-06T06:45:11+00:00
F101659,low,0.0011,sms_nudge,sms,delivered,Reminder: your next input redemption window is open. Visit your agrodealer this week.,2026-10-06T06:45:11+00:00
F101660,high,0.9887,supervisor_escalation,escalation,sent,High default risk (score=0.99) - low input redemption rate; below-average prior yield,2026-10-06T06:45:11+00:00
F101661,low,0.0003,sms_nudge,sms,delivered,Reminder: your next input redemption window is open. Visit your agrodealer this week.,2026-10-06T06:45:11+00:00
F101662,high,0.9093,supervisor_escalation,escalation,sent,High default risk (score=0.91) - no active mobile money usage; below-average prior yield,2026-10-06T06:45:11+00:00
F101663,low,0.0001,sms_nudge,sms,failed,Reminder: your next input redemption window is open. Visit your agrodealer this week.,2026-10-06T06:45:11+00:00
F101664,low,0.0291,sms_nudge,sms,delivered,Reminder: your next input redemption window is open. Visit your agrodealer this week.,2026-10-06T06:45:11+00:00
F101665,low,0.108,sms_nudge,sms,delivered,Reminder: your next input redemption window is open. Visit your agrodealer this week.,2026-10-06T06:45:11+00:00
F101666,high,0.9467,supervisor_escalation,escalation,sent,High default risk (score=0.95) - weak repayment among peer group; low input redemption rate,2026-10-06T06:45:11+00:00
F101667,high,0.9949,supervisor_escalation,escalation,sent,High default risk (score=0.99) - long gap since last farm visit; weak repayment among peer group,2026-10-06T06:45:11+00:00
F101668,high,0.7917,supervisor_escalation,escalation,sent,High default risk (score=0.79) - low training attendance; low input redemption rate,2026-10-06T06:45:11+00:00
F101669,low,0.0001,sms_nudge,sms,delivered,Reminder: your next input redemption window is open. Visit your agrodealer this week.,2026-10-06T06:45:11+00:00
F101670,low,0.0007,sms_nudge,sms,delivered,Reminder: your next input redemption window is open. Visit your agrodealer this week.,2026-10-06T06:45:11+00:00
F101671,low,0.0459,sms_nudge,sms,delivered,Reminder: your next input redemption window is open. Visit your agrodealer this week.,2026-10-06T06:45:11+00:00
F101672,low,0.0018,sms_nudge,sms,delivered,Reminder: your next input redemption window is open. Visit your agrodealer this week.,2026-10-06T06:45:11+00:00
F101673,low,0.2509,sms_nudge,sms,delivered,Reminder: your next input redemption window is open. Visit your agrodealer this week.,2026-10-06T06:45:11+00:00
F101674,low,0.0008,sms_nudge,sms,delivered,Reminder: your next input redemption window is open. Visit your agrodealer this week.,2026-10-06T06:45:11+00:00
F101675,low,0.0244,sms_nudge,sms,delivered,Reminder: your next input redemption window is open. Visit your agrodealer this week.,2026-10-06T06:45:11+00:00
F101676,low,0.0012,sms_nudge,sms,failed,Reminder: your next input redemption window is open. Visit your agrodealer this week.,2026-10-06T06:45:11+00:00
F101677,high,0.8012,supervisor_escalation,escalation,sent,High default risk (score=0.80) - long gap since last farm visit; weak repayment among peer group,2026-10-06T06:45:11+00:00
F101678,low,0.0189,sms_nudge,sms,delivered,Reminder: your next input redemption window is open. Visit your agrodealer this week.,2026-10-06T06:45:11+00:00
F101679,low,0.0002,sms_nudge,sms,delivered,Reminder: your next input redemption window is open. Visit your agrodealer this week.,2026-10-06T06:45:11+00:00
F101680,low,0.0203,sms_nudge,sms,delivered,Reminder: your next input redemption window is open. Visit your agrodealer this week.,2026-10-06T06:45:11+00:00
F101681,low,0.0056,sms_nudge,sms,delivered,Reminder: your next input redemption window is open. Visit your agrodealer this week.,2026-10-06T06:45:11+00:00
F101682,low,0.0006,sms_nudge,sms,delivered,Reminder: your next input redemption window is open. Visit your agrodealer this week.,2026-10-06T06:45:11+00:00
F101683,low,0.0069,sms_nudge,sms,delivered,Reminder: your next input redemption window is open. Visit your agrodealer this week.,2026-10-06T06:45:11+00:00
F101684,low,0.0488,sms_nudge,sms,delivered,Reminder: your next input redemption window is open. Visit your agrodealer this week.,2026-10-06T06:45:11+00:00
F101685,low,0.0002,sms_nudge,sms,delivered,Reminder: your next input redemption window is open. Visit your agrodealer this week.,2026-10-06T06:45:11+00:00
F101686,high,0.9082,supervisor_escalation,escalation,sent,High default risk (score=0.91) - no active mobile money usage; below-average prior yield,2026-10-06T06:45:11+00:00
F101687,low,0.0024,sms_nudge,sms,delivered,Reminder: your next input redemption window is open. Visit your agrodealer this week.,2026-10-06T06:45:11+00:00
F101688,high,0.9551,supervisor_escalation,escalation,sent,High default risk (score=0.96) - low input redemption rate; weak repayment among peer group,2026-10-06T06:45:11+00:00
F101689,low,0.1254,sms_nudge,sms,delivered,Reminder: your next input redemption window is open. Visit your agrodealer this week.,2026-10-06T06:45:11+00:00
F101690,low,0.0983,sms_nudge,sms,delivered,Reminder: your next input redemption window is open. Visit your agrodealer this week.,2026-10-06T06:45:11+00:00
F101691,low,0.0283,sms_nudge,sms,failed,Reminder: your next input redemption window is open. Visit your agrodealer this week.,2026-10-06T06:45:11+00:00
F101692,high,0.9997,supervisor_escalation,escalation,sent,High default risk (score=1.00) - low input redemption rate; long gap since last farm visit,2026-10-06T06:45:11+00:00
F101693,low,0.0198,sms_nudge,sms,delivered,Reminder: your next input redemption window is open. Visit your agrodealer this week.,2026-10-06T06:45:11+00:00
F101694,high,0.9918,supervisor_escalation,escalation,sent,High default risk (score=0.99) - low input redemption rate; long gap since last farm visit,2026-10-06T06:45:11+00:00
F101695,high,0.9016,supervisor_escalation,escalation,sent,High default risk (score=0.90) - long gap since last farm visit; low input redemption rate,2026-10-06T06:45:11+00:00
F101696,low,0.0445,sms_nudge,sms,delivered,Reminder: your next input redemption window is open. Visit your agrodealer this week.,2026-10-06T06:45:11+00:00
F101697,low,0.0681,sms_nudge,sms,delivered,Reminder: your next input redemption window is open. Visit your agrodealer this week.,2026-10-06T06:45:11+00:00
F101698,low,0.0074,sms_nudge,sms,failed,Reminder: your next input redemption window is open. Visit your agrodealer this week.,2026-10-06T06:45:11+00:00
F101699,low,0.0004,sms_nudge,sms,delivered,Reminder: your next input redemption window is open. Visit your agrodealer this week.,2026-10-06T06:45:11+00:00
F101700,low,0.0136,sms_nudge,sms,delivered,Reminder: your next input redemption window is open. Visit your agrodealer this week.,2026-10-06T06:45:11+00:00
F101701,low,0.001,sms_nudge,sms,delivered,Reminder: your next input redemption window is open. Visit your agrodealer this week.,2026-10-06T06:45:11+00:00
F101702,medium,0.3553,field_agent_task,crm_task,created,Field visit follow-up (medium),2026-10-06T06:45:11+00:00
F101703,low,0.0004,sms_nudge,sms,delivered,Reminder: your next input redemption window is open. Visit your agrodealer this week.,2026-10-06T06:45:11+00:00
F101704,low,0.0013,sms_nudge,sms,delivered,Reminder: your next input redemption window is open. Visit your agrodealer this week.,2026-10-06T06:45:11+00:00
F101705,low,0.0021,sms_nudge,sms,delivered,Reminder: your next input redemption window is open. Visit your agrodealer this week.,2026-10-06T06:45:11+00:00
F101706,high,0.9928,supervisor_escalation,escalation,sent,High default risk (score=0.99) - long gap since last farm visit; long distance to nearest agrodealer,2026-10-06T06:45:11+00:00
F101707,low,0.04,sms_nudge,sms,delivered,Reminder: your next input redemption window is open. Visit your agrodealer this week.,2026-10-06T06:45:11+00:00
F101708,low,0.0375,sms_nudge,sms,delivered,Reminder: your next input redemption window is open. Visit your agrodealer this week.,2026-10-06T06:45:11+00:00
F101709,low,0.0011,sms_nudge,sms,delivered,Reminder: your next input redemption window is open. Visit your agrodealer this week.,2026-10-06T06:45:11+00:00
F101710,low,0.0001,sms_nudge,sms,delivered,Reminder: your next input redemption window is open. Visit your agrodealer this week.,2026-10-06T06:45:11+00:00
F101711,high,0.9782,supervisor_escalation,escalation,sent,High default risk (score=0.98) - long gap since last farm visit; low training attendance,2026-10-06T06:45:11+00:00
F101712,low,0.0602,sms_nudge,sms,delivered,Reminder: your next input redemption window is open. Visit your agrodealer this week.,2026-10-06T06:45:11+00:00
F101713,low,0.0004,sms_nudge,sms,delivered,Reminder: your next input redemption window is open. Visit your agrodealer this week.,2026-10-06T06:45:11+00:00
F101714,low,0.0028,sms_nudge,sms,delivered,Reminder: your next input redemption window is open. Visit your agrodealer this week.,2026-10-06T06:45:11+00:00
F101715,high,0.8673,supervisor_escalation,escalation,sent,High default risk (score=0.87) - long gap since last farm visit; weak repayment among peer group,2026-10-06T06:45:11+00:00
F101716,low,0.0004,sms_nudge,sms,delivered,Reminder: your next input redemption window is open. Visit your agrodealer this week.,2026-10-06T06:45:11+00:00
F101717,high,0.9997,supervisor_escalation,escalation,sent,High default risk (score=1.00) - long gap since last farm visit; low input redemption rate,2026-10-06T06:45:11+00:00
F101718,low,0.009,sms_nudge,sms,delivered,Reminder: your next input redemption window is open. Visit your agrodealer this week.,2026-10-06T06:45:11+00:00
F101719,low,0.0073,sms_nudge,sms,delivered,Reminder: your next input redemption window is open. Visit your agrodealer this week.,2026-10-06T06:45:11+00:00
F101720,low,0.0331,sms_nudge,sms,delivered,Reminder: your next input redemption window is open. Visit your agrodealer this week.,2026-10-06T06:45:11+00:00
F101721,low,0.0053,sms_nudge,sms,delivered,Reminder: your next input redemption window is open. Visit your agrodealer this week.,2026-10-06T06:45:11+00:00
F101722,high,0.9771,supervisor_escalation,escalation,sent,High default risk (score=0.98) - low training attendance; long distance to nearest agrodealer,2026-10-06T06:45:11+00:00
F101723,low,0.0032,sms_nudge,sms,delivered,Reminder: your next input redemption window is open. Visit your agrodealer this week.,2026-10-06T06:45:11+00:00
F101724,low,0.0005,sms_nudge,sms,delivered,Reminder: your next input redemption window is open. Visit your agrodealer this week.,2026-10-06T06:45:11+00:00
F101725,low,0.0008,sms_nudge,sms,delivered,Reminder: your next input redemption window is open. Visit your agrodealer this week.,2026-10-06T06:45:11+00:00
F101726,low,0.0008,sms_nudge,sms,delivered,Reminder: your next input redemption window is open. Visit your agrodealer this week.,2026-10-06T06:45:11+00:00
F101727,low,0.0003,sms_nudge,sms,delivered,Reminder: your next input redemption window is open. Visit your agrodealer this week.,2026-10-06T06:45:11+00:00
F101728,low,0.0197,sms_nudge,sms,delivered,Reminder: your next input redemption window is open. Visit your agrodealer this week.,2026-10-06T06:45:11+00:00
F101729,low,0.0262,sms_nudge,sms,delivered,Reminder: your next input redemption window is open. Visit your agrodealer this week.,2026-10-06T06:45:11+00:00
F101730,low,0.0006,sms_nudge,sms,delivered,Reminder: your next input redemption window is open. Visit your agrodealer this week.,2026-10-06T06:45:11+00:00
F101731,low,0.0003,sms_nudge,sms,failed,Reminder: your next input redemption window is open. Visit your agrodealer this week.,2026-10-06T06:45:11+00:00
F101732,low,0.0258,sms_nudge,sms,delivered,Reminder: your next input redemption window is open. Visit your agrodealer this week.,2026-10-06T06:45:11+00:00
F101733,high,0.9911,supervisor_escalation,escalation,sent,High default risk (score=0.99) - low training attendance; long distance to nearest agrodealer,2026-10-06T06:45:11+00:00
F101734,high,0.9641,supervisor_escalation,escalation,sent,High default risk (score=0.96) - low input redemption rate; low training attendance,2026-10-06T06:45:11+00:00
F101735,low,0.0009,sms_nudge,sms,delivered,Reminder: your next input redemption window is open. Visit your agrodealer this week.,2026-10-06T06:45:11+00:00
F101736,low,0.0021,sms_nudge,sms,delivered,Reminder: your next input redemption window is open. Visit your agrodealer this week.,2026-10-06T06:45:11+00:00
F101737,low,0.0015,sms_nudge,sms,delivered,Reminder: your next input redemption window is open. Visit your agrodealer this week.,2026-10-06T06:45:11+00:00
F101738,low,0.0001,sms_nudge,sms,delivered,Reminder: your next input redemption window is open. Visit your agrodealer this week.,2026-10-06T06:45:11+00:00
F101739,low,0.0011,sms_nudge,sms,delivered,Reminder: your next input redemption window is open. Visit your agrodealer this week.,2026-10-06T06:45:11+00:00
F101740,low,0.0426,sms_nudge,sms,delivered,Reminder: your next input redemption window is open. Visit your agrodealer this week.,2026-10-06T06:45:11+00:00
F101741,low,0.0034,sms_nudge,sms,delivered,Reminder: your next input redemption window is open. Visit your agrodealer this week.,2026-10-06T06:45:11+00:00
F101742,low,0.1652,sms_nudge,sms,delivered,Reminder: your next input redemption window is open. Visit your agrodealer this week.,2026-10-06T06:45:11+00:00
F101743,high,0.9547,supervisor_escalation,escalation,sent,High default risk (score=0.95) - long gap since last farm visit; low input redemption rate,2026-10-06T06:45:11+00:00
F101744,low,0.0226,sms_nudge,sms,delivered,Reminder: your next input redemption window is open. Visit your agrodealer this week.,2026-10-06T06:45:11+00:00
F101745,low,0.0263,sms_nudge,sms,delivered,Reminder: your next input redemption window is open. Visit your agrodealer this week.,2026-10-06T06:45:11+00:00
F101746,high,0.9947,supervisor_escalation,escalation,sent,High default risk (score=0.99) - low input redemption rate; long gap since last farm visit,2026-10-06T06:45:11+00:00
F101747,low,0.0017,sms_nudge,sms,delivered,Reminder: your next input redemption window is open. Visit your agrodealer this week.,2026-10-06T06:45:11+00:00
F101748,low,0.0052,sms_nudge,sms,delivered,Reminder: your next input redemption window is open. Visit your agrodealer this week.,2026-10-06T06:45:11+00:00
F101749,low,0.0093,sms_nudge,sms,delivered,Reminder: your next input redemption window is open. Visit your agrodealer this week.,2026-10-06T06:45:11+00:00
F101750,low,0.0008,sms_nudge,sms,delivered,Reminder: your next input redemption window is open. Visit your agrodealer this week.,2026-10-06T06:45:11+00:00
F101751,high,0.8939,supervisor_escalation,escalation,sent,High default risk (score=0.89) - low input redemption rate; long gap since last farm visit,2026-10-06T06:45:11+00:00
F101752,high,0.9939,supervisor_escalation,escalation,sent,High default risk (score=0.99) - long gap since last farm visit; low training attendance,2026-10-06T06:45:11+00:00
F101753,low,0.057,sms_nudge,sms,delivered,Reminder: your next input redemption window is open. Visit your agrodealer this week.,2026-10-06T06:45:11+00:00
F101754,low,0.0182,sms_nudge,sms,delivered,Reminder: your next input redemption window is open. Visit your agrodealer this week.,2026-10-06T06:45:11+00:00
F101755,low,0.0042,sms_nudge,sms,delivered,Reminder: your next input redemption window is open. Visit your agrodealer this week.,2026-10-06T06:45:11+00:00
F101756,low,0.0086,sms_nudge,sms,delivered,Reminder: your next input redemption window is open. Visit your agrodealer this week.,2026-10-06T06:45:11+00:00
F101757,high,1.0,supervisor_escalation,escalation,sent,High default risk (score=1.00) - long gap since last farm visit; low input redemption rate,2026-10-06T06:45:11+00:00
F101758,low,0.0314,sms_nudge,sms,delivered,Reminder: your next input redemption window is open. Visit your agrodealer this week.,2026-10-06T06:45:11+00:00
F101759,low,0.0019,sms_nudge,sms,delivered,Reminder: your next input redemption window is open. Visit your agrodealer this week.,2026-10-06T06:45:11+00:00
F101760,low,0.0003,sms_nudge,sms,delivered,Reminder: your next input redemption window is open. Visit your agrodealer this week.,2026-10-06T06:45:11+00:00
F101761,low,0.0907,sms_nudge,sms,delivered,Reminder: your next input redemption window is open. Visit your agrodealer this week.,2026-10-06T06:45:11+00:00
F101762,high,0.8992,supervisor_escalation,escalation,sent,High default risk (score=0.90) - long distance to nearest agrodealer; below-average prior yield,2026-10-06T06:45:11+00:00
F101763,low,0.0108,sms_nudge,sms,delivered,Reminder: your next input redemption window is open. Visit your agrodealer this week.,2026-10-06T06:45:11+00:00
F101764,low,0.0019,sms_nudge,sms,delivered,Reminder: your next input redemption window is open. Visit your agrodealer this week.,2026-10-06T06:45:11+00:00
F101765,low,0.0002,sms_nudge,sms,delivered,Reminder: your next input redemption window is open. Visit your agrodealer this week.,2026-10-06T06:45:11+00:00
F101766,low,0.0282,sms_nudge,sms,delivered,Reminder: your next input redemption window is open. Visit your agrodealer this week.,2026-10-06T06:45:11+00:00
F101767,low,0.0602,sms_nudge,sms,delivered,Reminder: your next input redemption window is open. Visit your agrodealer this week.,2026-10-06T06:45:11+00:00
F101768,high,0.9408,supervisor_escalation,escalation,sent,High default risk (score=0.94) - long gap since last farm visit; low input redemption rate,2026-10-06T06:45:11+00:00
F101769,low,0.0164,sms_nudge,sms,delivered,Reminder: your next input redemption window is open. Visit your agrodealer this week.,2026-10-06T06:45:11+00:00
F101770,high,0.9772,supervisor_escalation,escalation,sent,High default risk (score=0.98) - low input redemption rate; long gap since last farm visit,2026-10-06T06:45:11+00:00
F101771,low,0.0051,sms_nudge,sms,delivered,Reminder: your next input redemption window is open. Visit your agrodealer this week.,2026-10-06T06:45:11+00:00
F101772,low,0.0009,sms_nudge,sms,delivered,Reminder: your next input redemption window is open. Visit your agrodealer this week.,2026-10-06T06:45:11+00:00
F101773,high,0.9999,supervisor_escalation,escalation,sent,High default risk (score=1.00) - long gap since last farm visit; long distance to nearest agrodealer,2026-10-06T06:45:11+00:00
F101774,low,0.2149,sms_nudge,sms,delivered,Reminder: your next input redemption window is open. Visit your agrodealer this week.,2026-10-06T06:45:11+00:00
F101775,low,0.0062,sms_nudge,sms,delivered,Reminder: your next input redemption window is open. Visit your agrodealer this week.,2026-10-06T06:45:11+00:00
F101776,low,0.0013,sms_nudge,sms,delivered,Reminder: your next input redemption window is open. Visit your agrodealer this week.,2026-10-06T06:45:11+00:00
F101777,low,0.0005,sms_nudge,sms,delivered,Reminder: your next input redemption window is open. Visit your agrodealer this week.,2026-10-06T06:45:11+00:00
F101778,low,0.0007,sms_nudge,sms,delivered,Reminder: your next input redemption window is open. Visit your agrodealer this week.,2026-10-06T06:45:11+00:00
F101779,high,1.0,supervisor_escalation,escalation,sent,High default risk (score=1.00) - long gap since last farm visit; low training attendance,2026-10-06T06:45:11+00:00
F101780,low,0.042,sms_nudge,sms,delivered,Reminder: your next input redemption window is open. Visit your agrodealer this week.,2026-10-06T06:45:11+00:00
F101781,low,0.0001,sms_nudge,sms,delivered,Reminder: your next input redemption window is open. Visit your agrodealer this week.,2026-10-06T06:45:11+00:00
F101782,high,0.9509,supervisor_escalation,escalation,sent,High default risk (score=0.95) - low input redemption rate; long distance to nearest agrodealer,2026-10-06T06:45:11+00:00
F101783,low,0.0002,sms_nudge,sms,delivered,Reminder: your next input redemption window is open. Visit your agrodealer this week.,2026-10-06T06:45:11+00:00
F101784,low,0.0031,sms_nudge,sms,delivered,Reminder: your next input redemption window is open. Visit your agrodealer this week.,2026-10-06T06:45:11+00:00
F101785,low,0.0446,sms_nudge,sms,delivered,Reminder: your next input redemption window is open. Visit your agrodealer this week.,2026-10-06T06:45:11+00:00
F101786,high,0.9857,supervisor_escalation,escalation,sent,High default risk (score=0.99) - low training attendance; weak repayment among peer group,2026-10-06T06:45:11+00:00
F101787,high,0.9965,supervisor_escalation,escalation,sent,High default risk (score=1.00) - low training attendance; no active mobile money usage,2026-10-06T06:45:11+00:00
F101788,low,0.0002,sms_nudge,sms,delivered,Reminder: your next input redemption window is open. Visit your agrodealer this week.,2026-10-06T06:45:11+00:00
F101789,low,0.0014,sms_nudge,sms,delivered,Reminder: your next input redemption window is open. Visit your agrodealer this week.,2026-10-06T06:45:11+00:00
F101790,low,0.0032,sms_nudge,sms,delivered,Reminder: your next input redemption window is open. Visit your agrodealer this week.,2026-10-06T06:45:11+00:00
F101791,high,0.9995,supervisor_escalation,escalation,sent,High default risk (score=1.00) - low input redemption rate; long gap since last farm visit,2026-10-06T06:45:11+00:00
F101792,low,0.0015,sms_nudge,sms,delivered,Reminder: your next input redemption window is open. Visit your agrodealer this week.,2026-10-06T06:45:11+00:00
F101793,low,0.0109,sms_nudge,sms,delivered,Reminder: your next input redemption window is open. Visit your agrodealer this week.,2026-10-06T06:45:11+00:00
F101794,low,0.0472,sms_nudge,sms,delivered,Reminder: your next input redemption window is open. Visit your agrodealer this week.,2026-10-06T06:45:11+00:00
F101795,low,0.018,sms_nudge,sms,delivered,Reminder: your next input redemption window is open. Visit your agrodealer this week.,2026-10-06T06:45:11+00:00
F101796,high,0.9957,supervisor_escalation,escalation,sent,High default risk (score=1.00) - low training attendance; long gap since last farm visit,2026-10-06T06:45:11+00:00
F101797,low,0.0494,sms_nudge,sms,delivered,Reminder: your next input redemption window is open. Visit your agrodealer this week.,2026-10-06T06:45:11+00:00
F101798,low,0.0029,sms_nudge,sms,delivered,Reminder: your next input redemption window is open. Visit your agrodealer this week.,2026-10-06T06:45:11+00:00
F101799,high,0.9728,supervisor_escalation,escalation,sent,High default risk (score=0.97) - long gap since last farm visit; long distance to nearest agrodealer,2026-10-06T06:45:11+00:00
F101800,low,0.0023,sms_nudge,sms,delivered,Reminder: your next input redemption window is open. Visit your agrodealer this week.,2026-10-06T06:45:11+00:00
F101801,low,0.0203,sms_nudge,sms,delivered,Reminder: your next input redemption window is open. Visit your agrodealer this week.,2026-10-06T06:45:11+00:00
F101802,high,0.995,supervisor_escalation,escalation,sent,High default risk (score=0.99) - weak repayment among peer group; no active mobile money usage,2026-10-06T06:45:11+00:00
F101803,high,0.9375,supervisor_escalation,escalation,sent,High default risk (score=0.94) - low input redemption rate; relatively large loan amount,2026-10-06T06:45:11+00:00
F101804,high,0.9035,supervisor_escalation,escalation,sent,High default risk (score=0.90) - weak repayment among peer group; long gap since last farm visit,2026-10-06T06:45:11+00:00
F101805,low,0.0041,sms_nudge,sms,delivered,Reminder: your next input redemption window is open. Visit your agrodealer this week.,2026-10-06T06:45:11+00:00
F101806,low,0.0676,sms_nudge,sms,failed,Reminder: your next input redemption window is open. Visit your agrodealer this week.,2026-10-06T06:45:11+00:00
F101807,high,0.8745,supervisor_escalation,escalation,sent,High default risk (score=0.87) - low input redemption rate; weak repayment among peer group,2026-10-06T06:45:11+00:00
F101808,low,0.0001,sms_nudge,sms,delivered,Reminder: your next input redemption window is open. Visit your agrodealer this week.,2026-10-06T06:45:11+00:00
F101809,low,0.0003,sms_nudge,sms,delivered,Reminder: your next input redemption window is open. Visit your agrodealer this week.,2026-10-06T06:45:11+00:00
F101810,low,0.0051,sms_nudge,sms,delivered,Reminder: your next input redemption window is open. Visit your agrodealer this week.,2026-10-06T06:45:11+00:00
F101811,low,0.0032,sms_nudge,sms,delivered,Reminder: your next input redemption window is open. Visit your agrodealer this week.,2026-10-06T06:45:11+00:00
F101812,low,0.0018,sms_nudge,sms,delivered,Reminder: your next input redemption window is open. Visit your agrodealer this week.,2026-10-06T06:45:11+00:00
F101813,low,0.0003,sms_nudge,sms,delivered,Reminder: your next input redemption window is open. Visit your agrodealer this week.,2026-10-06T06:45:11+00:00
F101814,medium,0.4146,field_agent_task,crm_task,created,Field visit follow-up (medium),2026-10-06T06:45:11+00:00
F101815,low,0.0108,sms_nudge,sms,delivered,Reminder: your next input redemption window is open. Visit your agrodealer this week.,2026-10-06T06:45:11+00:00
F101816,low,0.1005,sms_nudge,sms,delivered,Reminder: your next input redemption window is open. Visit your agrodealer this week.,2026-10-06T06:45:11+00:00
F101817,low,0.0427,sms_nudge,sms,delivered,Reminder: your next input redemption window is open. Visit your agrodealer this week.,2026-10-06T06:45:11+00:00
F101818,low,0.0214,sms_nudge,sms,delivered,Reminder: your next input redemption window is open. Visit your agrodealer this week.,2026-10-06T06:45:11+00:00
F101819,high,0.8539,supervisor_escalation,escalation,sent,High default risk (score=0.85) - no active mobile money usage; below-average prior yield,2026-10-06T06:45:11+00:00
F101820,low,0.0002,sms_nudge,sms,delivered,Reminder: your next input redemption window is open. Visit your agrodealer this week.,2026-10-06T06:45:11+00:00
F101821,high,0.88,supervisor_escalation,escalation,sent,High default risk (score=0.88) - no active mobile money usage; long gap since last farm visit,2026-10-06T06:45:11+00:00
F101822,high,0.9997,supervisor_escalation,escalation,sent,High default risk (score=1.00) - long gap since last farm visit; no active mobile money usage,2026-10-06T06:45:11+00:00
F101823,low,0.0027,sms_nudge,sms,delivered,Reminder: your next input redemption window is open. Visit your agrodealer this week.,2026-10-06T06:45:11+00:00
F101824,low,0.0054,sms_nudge,sms,delivered,Reminder: your next input redemption window is open. Visit your agrodealer this week.,2026-10-06T06:45:11+00:00
F101825,low,0.001,sms_nudge,sms,delivered,Reminder: your next input redemption window is open. Visit your agrodealer this week.,2026-10-06T06:45:11+00:00
F101826,low,0.0515,sms_nudge,sms,delivered,Reminder: your next input redemption window is open. Visit your agrodealer this week.,2026-10-06T06:45:11+00:00
F101827,high,0.9387,supervisor_escalation,escalation,sent,High default risk (score=0.94) - low input redemption rate; long gap since last farm visit,2026-10-06T06:45:11+00:00
F101828,low,0.2964,sms_nudge,sms,delivered,Reminder: your next input redemption window is open. Visit your agrodealer this week.,2026-10-06T06:45:11+00:00
F101829,low,0.0012,sms_nudge,sms,delivered,Reminder: your next input redemption window is open. Visit your agrodealer this week.,2026-10-06T06:45:11+00:00
F101830,low,0.0003,sms_nudge,sms,delivered,Reminder: your next input redemption window is open. Visit your agrodealer this week.,2026-10-06T06:45:11+00:00
F101831,low,0.0065,sms_nudge,sms,delivered,Reminder: your next input redemption window is open. Visit your agrodealer this week.,2026-10-06T06:45:11+00:00
F101832,low,0.0408,sms_nudge,sms,delivered,Reminder: your next input redemption window is open. Visit your agrodealer this week.,2026-10-06T06:45:11+00:00
F101833,medium,0.5695,field_agent_task,crm_task,created,Field visit follow-up (medium),2026-10-06T06:45:11+00:00
F101834,low,0.0024,sms_nudge,sms,delivered,Reminder: your next input redemption window is open. Visit your agrodealer this week.,2026-10-06T06:45:11+00:00
F101835,high,0.988,supervisor_escalation,escalation,sent,High default risk (score=0.99) - long gap since last farm visit; long distance to nearest agrodealer,2026-10-06T06:45:11+00:00
F101836,low,0.0196,sms_nudge,sms,delivered,Reminder: your next input redemption window is open. Visit your agrodealer this week.,2026-10-06T06:45:11+00:00
F101837,low,0.1278,sms_nudge,sms,delivered,Reminder: your next input redemption window is open. Visit your agrodealer this week.,2026-10-06T06:45:11+00:00
F101838,low,0.0003,sms_nudge,sms,delivered,Reminder: your next input redemption window is open. Visit your agrodealer this week.,2026-10-06T06:45:11+00:00
F101839,low,0.0001,sms_nudge,sms,delivered,Reminder: your next input redemption window is open. Visit your agrodealer this week.,2026-10-06T06:45:11+00:00
F101840,low,0.0056,sms_nudge,sms,delivered,Reminder: your next input redemption window is open. Visit your agrodealer this week.,2026-10-06T06:45:11+00:00
F101841,low,0.0023,sms_nudge,sms,delivered,Reminder: your next input redemption window is open. Visit your agrodealer this week.,2026-10-06T06:45:11+00:00
F101842,low,0.0555,sms_nudge,sms,delivered,Reminder: your next input redemption window is open. Visit your agrodealer this week.,2026-10-06T06:45:11+00:00
F101843,high,0.9495,supervisor_escalation,escalation,sent,High default risk (score=0.95) - low training attendance; below-average prior yield,2026-10-06T06:45:11+00:00
F101844,low,0.0003,sms_nudge,sms,delivered,Reminder: your next input redemption window is open. Visit your agrodealer this week.,2026-10-06T06:45:11+00:00
F101845,high,0.9999,supervisor_escalation,escalation,sent,High default risk (score=1.00) - weak repayment among peer group; no active mobile money usage,2026-10-06T06:45:11+00:00
F101846,low,0.0208,sms_nudge,sms,delivered,Reminder: your next input redemption window is open. Visit your agrodealer this week.,2026-10-06T06:45:11+00:00
F101847,high,0.8089,supervisor_escalation,escalation,sent,High default risk (score=0.81) - no active mobile money usage; below-average prior yield,2026-10-06T06:45:11+00:00
F101848,low,0.0007,sms_nudge,sms,delivered,Reminder: your next input redemption window is open. Visit your agrodealer this week.,2026-10-06T06:45:11+00:00
F101849,high,0.9802,supervisor_escalation,escalation,sent,High default risk (score=0.98) - low input redemption rate; no active mobile money usage,2026-10-06T06:45:11+00:00
F101850,high,0.9516,supervisor_escalation,escalation,sent,High default risk (score=0.95) - long gap since last farm visit; low training attendance,2026-10-06T06:45:11+00:00
F101851,low,0.1157,sms_nudge,sms,delivered,Reminder: your next input redemption window is open. Visit your agrodealer this week.,2026-10-06T06:45:11+00:00
F101852,low,0.0056,sms_nudge,sms,delivered,Reminder: your next input redemption window is open. Visit your agrodealer this week.,2026-10-06T06:45:11+00:00
F101853,high,0.8264,supervisor_escalation,escalation,sent,High default risk (score=0.83) - long gap since last farm visit; no active mobile money usage,2026-10-06T06:45:11+00:00
F101854,low,0.0111,sms_nudge,sms,delivered,Reminder: your next input redemption window is open. Visit your agrodealer this week.,2026-10-06T06:45:11+00:00
F101855,low,0.0016,sms_nudge,sms,delivered,Reminder: your next input redemption window is open. Visit your agrodealer this week.,2026-10-06T06:45:11+00:00
F101856,low,0.0438,sms_nudge,sms,delivered,Reminder: your next input redemption window is open. Visit your agrodealer this week.,2026-10-06T06:45:11+00:00
F101857,high,0.9693,supervisor_escalation,escalation,sent,High default risk (score=0.97) - long gap since last farm visit; long distance to nearest agrodealer,2026-10-06T06:45:11+00:00
F101858,low,0.0003,sms_nudge,sms,delivered,Reminder: your next input redemption window is open. Visit your agrodealer this week.,2026-10-06T06:45:11+00:00
F101859,low,0.0316,sms_nudge,sms,delivered,Reminder: your next input redemption window is open. Visit your agrodealer this week.,2026-10-06T06:45:11+00:00
F101860,low,0.0118,sms_nudge,sms,delivered,Reminder: your next input redemption window is open. Visit your agrodealer this week.,2026-10-06T06:45:11+00:00
F101861,high,0.9685,supervisor_escalation,escalation,sent,High default risk (score=0.97) - no active mobile money usage; low input redemption rate,2026-10-06T06:45:11+00:00
F101862,low,0.0002,sms_nudge,sms,delivered,Reminder: your next input redemption window is open. Visit your agrodealer this week.,2026-10-06T06:45:11+00:00
F101863,low,0.0016,sms_nudge,sms,delivered,Reminder: your next input redemption window is open. Visit your agrodealer this week.,2026-10-06T06:45:11+00:00
F101864,low,0.0553,sms_nudge,sms,delivered,Reminder: your next input redemption window is open. Visit your agrodealer this week.,2026-10-06T06:45:11+00:00
F101865,high,0.9765,supervisor_escalation,escalation,sent,High default risk (score=0.98) - long gap since last farm visit; no active mobile money usage,2026-10-06T06:45:11+00:00
F101866,low,0.0004,sms_nudge,sms,delivered,Reminder: your next input redemption window is open. Visit your agrodealer this week.,2026-10-06T06:45:11+00:00
F101867,low,0.0139,sms_nudge,sms,delivered,Reminder: your next input redemption window is open. Visit your agrodealer this week.,2026-10-06T06:45:11+00:00
F101868,high,0.9995,supervisor_escalation,escalation,sent,High default risk (score=1.00) - low input redemption rate; weak repayment among peer group,2026-10-06T06:45:11+00:00
F101869,low,0.0006,sms_nudge,sms,failed,Reminder: your next input redemption window is open. Visit your agrodealer this week.,2026-10-06T06:45:11+00:00
F101870,low,0.001,sms_nudge,sms,delivered,Reminder: your next input redemption window is open. Visit your agrodealer this week.,2026-10-06T06:45:11+00:00
F101871,low,0.0001,sms_nudge,sms,delivered,Reminder: your next input redemption window is open. Visit your agrodealer this week.,2026-10-06T06:45:11+00:00
F101872,low,0.2677,sms_nudge,sms,delivered,Reminder: your next input redemption window is open. Visit your agrodealer this week.,2026-10-06T06:45:11+00:00
F101873,low,0.0001,sms_nudge,sms,delivered,Reminder: your next input redemption window is open. Visit your agrodealer this week.,2026-10-06T06:45:11+00:00
F101874,low,0.0003,sms_nudge,sms,delivered,Reminder: your next input redemption window is open. Visit your agrodealer this week.,2026-10-06T06:45:11+00:00
F101875,medium,0.4893,field_agent_task,crm_task,created,Field visit follow-up (medium),2026-10-06T06:45:11+00:00
F101876,low,0.0336,sms_nudge,sms,delivered,Reminder: your next input redemption window is open. Visit your agrodealer this week.,2026-10-06T06:45:11+00:00
F101877,high,0.9997,supervisor_escalation,escalation,sent,High default risk (score=1.00) - long gap since last farm visit; low input redemption rate,2026-10-06T06:45:11+00:00
F101878,low,0.0304,sms_nudge,sms,delivered,Reminder: your next input redemption window is open. Visit your agrodealer this week.,2026-10-06T06:45:11+00:00
F101879,low,0.0021,sms_nudge,sms,delivered,Reminder: your next input redemption window is open. Visit your agrodealer this week.,2026-10-06T06:45:11+00:00
F101880,low,0.0005,sms_nudge,sms,delivered,Reminder: your next input redemption window is open. Visit your agrodealer this week.,2026-10-06T06:45:11+00:00
F101881,high,0.9192,supervisor_escalation,escalation,sent,High default risk (score=0.92) - long gap since last farm visit; relatively large loan amount,2026-10-06T06:45:11+00:00
F101882,low,0.0329,sms_nudge,sms,delivered,Reminder: your next input redemption window is open. Visit your agrodealer this week.,2026-10-06T06:45:11+00:00
F101883,low,0.0067,sms_nudge,sms,delivered,Reminder: your next input redemption window is open. Visit your agrodealer this week.,2026-10-06T06:45:11+00:00
F101884,low,0.0171,sms_nudge,sms,delivered,Reminder: your next input redemption window is open. Visit your agrodealer this week.,2026-10-06T06:45:11+00:00
F101885,high,0.9682,supervisor_escalation,escalation,sent,High default risk (score=0.97) - long gap since last farm visit; no active mobile money usage,2026-10-06T06:45:11+00:00
F101886,high,0.9193,supervisor_escalation,escalation,sent,High default risk (score=0.92) - long gap since last farm visit; long distance to nearest agrodealer,2026-10-06T06:45:11+00:00
F101887,high,0.9573,supervisor_escalation,escalation,sent,High default risk (score=0.96) - low training attendance; long gap since last farm visit,2026-10-06T06:45:11+00:00
F101888,low,0.0004,sms_nudge,sms,delivered,Reminder: your next input redemption window is open. Visit your agrodealer this week.,2026-10-06T06:45:11+00:00
F101889,low,0.0,sms_nudge,sms,delivered,Reminder: your next input redemption window is open. Visit your agrodealer this week.,2026-10-06T06:45:11+00:00
F101890,high,0.9772,supervisor_escalation,escalation,sent,High default risk (score=0.98) - long gap since last farm visit; long distance to nearest agrodealer,2026-10-06T06:45:11+00:00
F101891,low,0.055,sms_nudge,sms,delivered,Reminder: your next input redemption window is open. Visit your agrodealer this week.,2026-10-06T06:45:11+00:00
F101892,high,0.9645,supervisor_escalation,escalation,sent,High default risk (score=0.96) - no active mobile money usage; long distance to nearest agrodealer,2026-10-06T06:45:11+00:00
F101893,high,0.9487,supervisor_escalation,escalation,sent,High default risk (score=0.95) - long gap since last farm visit; no active mobile money usage,2026-10-06T06:45:11+00:00
F101894,low,0.0005,sms_nudge,sms,delivered,Reminder: your next input redemption window is open. Visit your agrodealer this week.,2026-10-06T06:45:11+00:00
F101895,low,0.0054,sms_nudge,sms,delivered,Reminder: your next input redemption window is open. Visit your agrodealer this week.,2026-10-06T06:45:11+00:00
F101896,low,0.0005,sms_nudge,sms,delivered,Reminder: your next input redemption window is open. Visit your agrodealer this week.,2026-10-06T06:45:11+00:00
F101897,low,0.0189,sms_nudge,sms,delivered,Reminder: your next input redemption window is open. Visit your agrodealer this week.,2026-10-06T06:45:11+00:00
F101898,high,0.993,supervisor_escalation,escalation,sent,High default risk (score=0.99) - low training attendance; no active mobile money usage,2026-10-06T06:45:11+00:00
F101899,low,0.0014,sms_nudge,sms,delivered,Reminder: your next input redemption window is open. Visit your agrodealer this week.,2026-10-06T06:45:11+00:00
F101900,high,0.6632,supervisor_escalation,escalation,sent,High default risk (score=0.66) - long gap since last farm visit; low training attendance,2026-10-06T06:45:11+00:00
F101901,low,0.0128,sms_nudge,sms,delivered,Reminder: your next input redemption window is open. Visit your agrodealer this week.,2026-10-06T06:45:11+00:00
F101902,low,0.0048,sms_nudge,sms,delivered,Reminder: your next input redemption window is open. Visit your agrodealer this week.,2026-10-06T06:45:11+00:00
F101903,low,0.0016,sms_nudge,sms,delivered,Reminder: your next input redemption window is open. Visit your agrodealer this week.,2026-10-06T06:45:11+00:00
F101904,low,0.0002,sms_nudge,sms,delivered,Reminder: your next input redemption window is open. Visit your agrodealer this week.,2026-10-06T06:45:11+00:00
F101905,high,0.9389,supervisor_escalation,escalation,sent,High default risk (score=0.94) - weak repayment among peer group; low training attendance,2026-10-06T06:45:11+00:00
F101906,low,0.0035,sms_nudge,sms,delivered,Reminder: your next input redemption window is open. Visit your agrodealer this week.,2026-10-06T06:45:11+00:00
F101907,low,0.0014,sms_nudge,sms,failed,Reminder: your next input redemption window is open. Visit your agrodealer this week.,2026-10-06T06:45:11+00:00
F101908,medium,0.3087,field_agent_task,crm_task,created,Field visit follow-up (medium),2026-10-06T06:45:11+00:00
F101909,low,0.0002,sms_nudge,sms,delivered,Reminder: your next input redemption window is open. Visit your agrodealer this week.,2026-10-06T06:45:11+00:00
F101910,low,0.0009,sms_nudge,sms,delivered,Reminder: your next input redemption window is open. Visit your agrodealer this week.,2026-10-06T06:45:11+00:00
F101911,low,0.0131,sms_nudge,sms,delivered,Reminder: your next input redemption window is open. Visit your agrodealer this week.,2026-10-06T06:45:11+00:00
F101912,low,0.0092,sms_nudge,sms,delivered,Reminder: your next input redemption window is open. Visit your agrodealer this week.,2026-10-06T06:45:11+00:00
F101913,low,0.0004,sms_nudge,sms,delivered,Reminder: your next input redemption window is open. Visit your agrodealer this week.,2026-10-06T06:45:11+00:00
F101914,low,0.0924,sms_nudge,sms,delivered,Reminder: your next input redemption window is open. Visit your agrodealer this week.,2026-10-06T06:45:11+00:00
F101915,low,0.0101,sms_nudge,sms,delivered,Reminder: your next input redemption window is open. Visit your agrodealer this week.,2026-10-06T06:45:11+00:00
F101916,high,0.9955,supervisor_escalation,escalation,sent,High default risk (score=1.00) - low input redemption rate; low training attendance,2026-10-06T06:45:11+00:00
F101917,high,0.9668,supervisor_escalation,escalation,sent,High default risk (score=0.97) - low input redemption rate; no active mobile money usage,2026-10-06T06:45:11+00:00
F101918,high,0.9498,supervisor_escalation,escalation,sent,High default risk (score=0.95) - low input redemption rate; long gap since last farm visit,2026-10-06T06:45:11+00:00
F101919,low,0.0128,sms_nudge,sms,delivered,Reminder: your next input redemption window is open. Visit your agrodealer this week.,2026-10-06T06:45:11+00:00
F101920,low,0.0225,sms_nudge,sms,delivered,Reminder: your next input redemption window is open. Visit your agrodealer this week.,2026-10-06T06:45:11+00:00
F101921,high,0.9095,supervisor_escalation,escalation,sent,High default risk (score=0.91) - long gap since last farm visit; low training attendance,2026-10-06T06:45:11+00:00
F101922,high,0.9804,supervisor_escalation,escalation,sent,High default risk (score=0.98) - weak repayment among peer group; low input redemption rate,2026-10-06T06:45:11+00:00
F101923,low,0.0241,sms_nudge,sms,delivered,Reminder: your next input redemption window is open. Visit your agrodealer this week.,2026-10-06T06:45:11+00:00
F101924,low,0.0837,sms_nudge,sms,delivered,Reminder: your next input redemption window is open. Visit your agrodealer this week.,2026-10-06T06:45:11+00:00
F101925,low,0.0073,sms_nudge,sms,delivered,Reminder: your next input redemption window is open. Visit your agrodealer this week.,2026-10-06T06:45:11+00:00
F101926,low,0.0731,sms_nudge,sms,delivered,Reminder: your next input redemption window is open. Visit your agrodealer this week.,2026-10-06T06:45:11+00:00
F101927,high,0.9207,supervisor_escalation,escalation,sent,High default risk (score=0.92) - long gap since last farm visit; low input redemption rate,2026-10-06T06:45:11+00:00
F101928,low,0.0348,sms_nudge,sms,delivered,Reminder: your next input redemption window is open. Visit your agrodealer this week.,2026-10-06T06:45:11+00:00
F101929,low,0.0005,sms_nudge,sms,delivered,Reminder: your next input redemption window is open. Visit your agrodealer this week.,2026-10-06T06:45:11+00:00
F101930,low,0.0026,sms_nudge,sms,delivered,Reminder: your next input redemption window is open. Visit your agrodealer this week.,2026-10-06T06:45:11+00:00
F101931,low,0.2648,sms_nudge,sms,delivered,Reminder: your next input redemption window is open. Visit your agrodealer this week.,2026-10-06T06:45:11+00:00
F101932,low,0.0368,sms_nudge,sms,delivered,Reminder: your next input redemption window is open. Visit your agrodealer this week.,2026-10-06T06:45:11+00:00
F101933,high,0.9824,supervisor_escalation,escalation,sent,High default risk (score=0.98) - below-average prior yield; low training attendance,2026-10-06T06:45:11+00:00
F101934,low,0.0196,sms_nudge,sms,delivered,Reminder: your next input redemption window is open. Visit your agrodealer this week.,2026-10-06T06:45:11+00:00
F101935,low,0.0012,sms_nudge,sms,delivered,Reminder: your next input redemption window is open. Visit your agrodealer this week.,2026-10-06T06:45:11+00:00
F101936,low,0.0015,sms_nudge,sms,delivered,Reminder: your next input redemption window is open. Visit your agrodealer this week.,2026-10-06T06:45:11+00:00
F101937,low,0.0007,sms_nudge,sms,delivered,Reminder: your next input redemption window is open. Visit your agrodealer this week.,2026-10-06T06:45:11+00:00
F101938,low,0.0048,sms_nudge,sms,delivered,Reminder: your next input redemption window is open. Visit your agrodealer this week.,2026-10-06T06:45:11+00:00
F101939,low,0.0162,sms_nudge,sms,delivered,Reminder: your next input redemption window is open. Visit your agrodealer this week.,2026-10-06T06:45:11+00:00
F101940,low,0.0014,sms_nudge,sms,delivered,Reminder: your next input redemption window is open. Visit your agrodealer this week.,2026-10-06T06:45:11+00:00
F101941,low,0.0022,sms_nudge,sms,delivered,Reminder: your next input redemption window is open. Visit your agrodealer this week.,2026-10-06T06:45:11+00:00
F101942,high,1.0,supervisor_escalation,escalation,sent,High default risk (score=1.00) - long gap since last farm visit; long distance to nearest agrodealer,2026-10-06T06:45:11+00:00
F101943,low,0.0053,sms_nudge,sms,delivered,Reminder: your next input redemption window is open. Visit your agrodealer this week.,2026-10-06T06:45:11+00:00
F101944,high,0.9372,supervisor_escalation,escalation,sent,High default risk (score=0.94) - low training attendance; long gap since last farm visit,2026-10-06T06:45:11+00:00
F101945,low,0.057,sms_nudge,sms,delivered,Reminder: your next input redemption window is open. Visit your agrodealer this week.,2026-10-06T06:45:11+00:00
F101946,low,0.034,sms_nudge,sms,delivered,Reminder: your next input redemption window is open. Visit your agrodealer this week.,2026-10-06T06:45:11+00:00
F101947,low,0.0922,sms_nudge,sms,delivered,Reminder: your next input redemption window is open. Visit your agrodealer this week.,2026-10-06T06:45:11+00:00
F101948,low,0.0012,sms_nudge,sms,delivered,Reminder: your next input redemption window is open. Visit your agrodealer this week.,2026-10-06T06:45:11+00:00
F101949,high,0.9934,supervisor_escalation,escalation,sent,High default risk (score=0.99) - long gap since last farm visit; low training attendance,2026-10-06T06:45:11+00:00
F101950,low,0.0133,sms_nudge,sms,delivered,Reminder: your next input redemption window is open. Visit your agrodealer this week.,2026-10-06T06:45:11+00:00
F101951,low,0.0692,sms_nudge,sms,delivered,Reminder: your next input redemption window is open. Visit your agrodealer this week.,2026-10-06T06:45:11+00:00
F101952,low,0.0506,sms_nudge,sms,delivered,Reminder: your next input redemption window is open. Visit your agrodealer this week.,2026-10-06T06:45:11+00:00
F101953,low,0.0024,sms_nudge,sms,delivered,Reminder: your next input redemption window is open. Visit your agrodealer this week.,2026-10-06T06:45:11+00:00
F101954,low,0.0018,sms_nudge,sms,delivered,Reminder: your next input redemption window is open. Visit your agrodealer this week.,2026-10-06T06:45:11+00:00
F101955,low,0.0062,sms_nudge,sms,delivered,Reminder: your next input redemption window is open. Visit your agrodealer this week.,2026-10-06T06:45:11+00:00
F101956,low,0.0034,sms_nudge,sms,failed,Reminder: your next input redemption window is open. Visit your agrodealer this week.,2026-10-06T06:45:11+00:00
F101957,low,0.0591,sms_nudge,sms,delivered,Reminder: your next input redemption window is open. Visit your agrodealer this week.,2026-10-06T06:45:11+00:00
F101958,high,0.9741,supervisor_escalation,escalation,sent,High default risk (score=0.97) - low training attendance; long gap since last farm visit,2026-10-06T06:45:11+00:00
F101959,low,0.0006,sms_nudge,sms,delivered,Reminder: your next input redemption window is open. Visit your agrodealer this week.,2026-10-06T06:45:11+00:00
F101960,high,0.9981,supervisor_escalation,escalation,sent,High default risk (score=1.00) - long gap since last farm visit; low training attendance,2026-10-06T06:45:11+00:00
F101961,low,0.0008,sms_nudge,sms,delivered,Reminder: your next input redemption window is open. Visit your agrodealer this week.,2026-10-06T06:45:11+00:00
F101962,low,0.0004,sms_nudge,sms,delivered,Reminder: your next input redemption window is open. Visit your agrodealer this week.,2026-10-06T06:45:11+00:00
F101963,low,0.0068,sms_nudge,sms,delivered,Reminder: your next input redemption window is open. Visit your agrodealer this week.,2026-10-06T06:45:11+00:00
F101964,low,0.0004,sms_nudge,sms,delivered,Reminder: your next input redemption window is open. Visit your agrodealer this week.,2026-10-06T06:45:11+00:00
F101965,low,0.0012,sms_nudge,sms,delivered,Reminder: your next input redemption window is open. Visit your agrodealer this week.,2026-10-06T06:45:11+00:00
F101966,low,0.0,sms_nudge,sms,delivered,Reminder: your next input redemption window is open. Visit your agrodealer this week.,2026-10-06T06:45:11+00:00
F101967,low,0.0027,sms_nudge,sms,delivered,Reminder: your next input redemption window is open. Visit your agrodealer this week.,2026-10-06T06:45:11+00:00
F101968,low,0.0004,sms_nudge,sms,delivered,Reminder: your next input redemption window is open. Visit your agrodealer this week.,2026-10-06T06:45:11+00:00
F101969,low,0.0021,sms_nudge,sms,delivered,Reminder: your next input redemption window is open. Visit your agrodealer this week.,2026-10-06T06:45:11+00:00
F101970,low,0.0002,sms_nudge,sms,delivered,Reminder: your next input redemption window is open. Visit your agrodealer this week.,2026-10-06T06:45:11+00:00
F101971,low,0.0289,sms_nudge,sms,delivered,Reminder: your next input redemption window is open. Visit your agrodealer this week.,2026-10-06T06:45:11+00:00
F101972,low,0.0021,sms_nudge,sms,delivered,Reminder: your next input redemption window is open. Visit your agrodealer this week.,2026-10-06T06:45:11+00:00
F101973,low,0.0093,sms_nudge,sms,delivered,Reminder: your next input redemption window is open. Visit your agrodealer this week.,2026-10-06T06:45:11+00:00
F101974,low,0.0029,sms_nudge,sms,delivered,Reminder: your next input redemption window is open. Visit your agrodealer this week.,2026-10-06T06:45:11+00:00
F101975,low,0.0022,sms_nudge,sms,delivered,Reminder: your next input redemption window is open. Visit your agrodealer this week.,2026-10-06T06:45:11+00:00
F101976,low,0.0028,sms_nudge,sms,delivered,Reminder: your next input redemption window is open. Visit your agrodealer this week.,2026-10-06T06:45:11+00:00
F101977,high,0.9738,supervisor_escalation,escalation,sent,High default risk (score=0.97) - low input redemption rate; long gap since last farm visit,2026-10-06T06:45:11+00:00
F101978,low,0.0037,sms_nudge,sms,failed,Reminder: your next input redemption window is open. Visit your agrodealer this week.,2026-10-06T06:45:11+00:00
F101979,low,0.0031,sms_nudge,sms,failed,Reminder: your next input redemption window is open. Visit your agrodealer this week.,2026-10-06T06:45:11+00:00
F101980,low,0.0012,sms_nudge,sms,delivered,Reminder: your next input redemption window is open. Visit your agrodealer this week.,2026-10-06T06:45:11+00:00
F101981,low,0.0119,sms_nudge,sms,delivered,Reminder: your next input redemption window is open. Visit your agrodealer this week.,2026-10-06T06:45:11+00:00
F101982,low,0.0014,sms_nudge,sms,delivered,Reminder: your next input redemption window is open. Visit your agrodealer this week.,2026-10-06T06:45:11+00:00
F101983,low,0.0007,sms_nudge,sms,delivered,Reminder: your next input redemption window is open. Visit your agrodealer this week.,2026-10-06T06:45:11+00:00
F101984,low,0.0002,sms_nudge,sms,delivered,Reminder: your next input redemption window is open. Visit your agrodealer this week.,2026-10-06T06:45:11+00:00
F101985,low,0.0006,sms_nudge,sms,delivered,Reminder: your next input redemption window is open. Visit your agrodealer this week.,2026-10-06T06:45:11+00:00
F101986,low,0.0071,sms_nudge,sms,delivered,Reminder: your next input redemption window is open. Visit your agrodealer this week.,2026-10-06T06:45:11+00:00
F101987,low,0.107,sms_nudge,sms,delivered,Reminder: your next input redemption window is open. Visit your agrodealer this week.,2026-10-06T06:45:11+00:00
F101988,high,0.937,supervisor_escalation,escalation,sent,High default risk (score=0.94) - low training attendance; no active mobile money usage,2026-10-06T06:45:11+00:00
F101989,low,0.0011,sms_nudge,sms,delivered,Reminder: your next input redemption window is open. Visit your agrodealer this week.,2026-10-06T06:45:11+00:00
F101990,high,0.978,supervisor_escalation,escalation,sent,High default risk (score=0.98) - long gap since last farm visit; long distance to nearest agrodealer,2026-10-06T06:45:11+00:00
F101991,high,0.9855,supervisor_escalation,escalation,sent,High default risk (score=0.99) - long gap since last farm visit; no active mobile money usage,2026-10-06T06:45:11+00:00
F101992,low,0.0203,sms_nudge,sms,delivered,Reminder: your next input redemption window is open. Visit your agrodealer this week.,2026-10-06T06:45:11+00:00
F101993,medium,0.4916,field_agent_task,crm_task,created,Field visit follow-up (medium),2026-10-06T06:45:11+00:00
F101994,low,0.0112,sms_nudge,sms,delivered,Reminder: your next input redemption window is open. Visit your agrodealer this week.,2026-10-06T06:45:11+00:00
F101995,high,0.9994,supervisor_escalation,escalation,sent,High default risk (score=1.00) - long gap since last farm visit; no active mobile money usage,2026-10-06T06:45:11+00:00
F101996,low,0.069,sms_nudge,sms,delivered,Reminder: your next input redemption window is open. Visit your agrodealer this week.,2026-10-06T06:45:11+00:00
F101997,low,0.2472,sms_nudge,sms,delivered,Reminder: your next input redemption window is open. Visit your agrodealer this week.,2026-10-06T06:45:11+00:00
F101998,low,0.0047,sms_nudge,sms,delivered,Reminder: your next input redemption window is open. Visit your agrodealer this week.,2026-10-06T06:45:11+00:00
F101999,high,0.9662,supervisor_escalation,escalation,sent,High default risk (score=0.97) - no active mobile money usage; below-average prior yield,2026-10-06T06:45:11+00:00
F102000,low,0.0209,sms_nudge,sms,delivered,Reminder: your next input redemption window is open. Visit your agrodealer this week.,2026-10-06T06:45:11+00:00
F102001,low,0.001,sms_nudge,sms,delivered,Reminder: your next input redemption window is open. Visit your agrodealer this week.,2026-10-06T06:45:11+00:00
F102002,medium,0.4557,field_agent_task,crm_task,created,Field visit follow-up (medium),2026-10-06T06:45:11+00:00
F102003,low,0.0004,sms_nudge,sms,delivered,Reminder: your next input redemption window is open. Visit your agrodealer this week.,2026-10-06T06:45:11+00:00
F102004,low,0.0075,sms_nudge,sms,delivered,Reminder: your next input redemption window is open. Visit your agrodealer this week.,2026-10-06T06:45:11+00:00
F102005,low,0.0031,sms_nudge,sms,delivered,Reminder: your next input redemption window is open. Visit your agrodealer this week.,2026-10-06T06:45:11+00:00
F102006,low,0.0183,sms_nudge,sms,delivered,Reminder: your next input redemption window is open. Visit your agrodealer this week.,2026-10-06T06:45:11+00:00
F102007,high,0.9985,supervisor_escalation,escalation,sent,High default risk (score=1.00) - weak repayment among peer group; low input redemption rate,2026-10-06T06:45:11+00:00
F102008,low,0.0027,sms_nudge,sms,delivered,Reminder: your next input redemption window is open. Visit your agrodealer this week.,2026-10-06T06:45:11+00:00
F102009,low,0.0878,sms_nudge,sms,delivered,Reminder: your next input redemption window is open. Visit your agrodealer this week.,2026-10-06T06:45:11+00:00
F102010,low,0.081,sms_nudge,sms,delivered,Reminder: your next input redemption window is open. Visit your agrodealer this week.,2026-10-06T06:45:11+00:00
F102011,high,1.0,supervisor_escalation,escalation,sent,High default risk (score=1.00) - weak repayment among peer group; low input redemption rate,2026-10-06T06:45:11+00:00
F102012,low,0.1533,sms_nudge,sms,delivered,Reminder: your next input redemption window is open. Visit your agrodealer this week.,2026-10-06T06:45:11+00:00
F102013,low,0.0046,sms_nudge,sms,delivered,Reminder: your next input redemption window is open. Visit your agrodealer this week.,2026-10-06T06:45:11+00:00
F102014,low,0.0355,sms_nudge,sms,delivered,Reminder: your next input redemption window is open. Visit your agrodealer this week.,2026-10-06T06:45:11+00:00
F102015,low,0.0089,sms_nudge,sms,delivered,Reminder: your next input redemption window is open. Visit your agrodealer this week.,2026-10-06T06:45:11+00:00
F102016,low,0.1055,sms_nudge,sms,delivered,Reminder: your next input redemption window is open. Visit your agrodealer this week.,2026-10-06T06:45:11+00:00
F102017,low,0.0023,sms_nudge,sms,delivered,Reminder: your next input redemption window is open. Visit your agrodealer this week.,2026-10-06T06:45:11+00:00
F102018,low,0.003,sms_nudge,sms,delivered,Reminder: your next input redemption window is open. Visit your agrodealer this week.,2026-10-06T06:45:11+00:00
F102019,high,0.9934,supervisor_escalation,escalation,sent,High default risk (score=0.99) - long gap since last farm visit; low training attendance,2026-10-06T06:45:11+00:00
F102020,low,0.0004,sms_nudge,sms,delivered,Reminder: your next input redemption window is open. Visit your agrodealer this week.,2026-10-06T06:45:11+00:00
F102021,low,0.0007,sms_nudge,sms,delivered,Reminder: your next input redemption window is open. Visit your agrodealer this week.,2026-10-06T06:45:11+00:00
F102022,low,0.0004,sms_nudge,sms,delivered,Reminder: your next input redemption window is open. Visit your agrodealer this week.,2026-10-06T06:45:11+00:00
F102023,high,0.9926,supervisor_escalation,escalation,sent,High default risk (score=0.99) - low training attendance; weak repayment among peer group,2026-10-06T06:45:11+00:00
F102024,low,0.0013,sms_nudge,sms,delivered,Reminder: your next input redemption window is open. Visit your agrodealer this week.,2026-10-06T06:45:11+00:00
F102025,low,0.0564,sms_nudge,sms,delivered,Reminder: your next input redemption window is open. Visit your agrodealer this week.,2026-10-06T06:45:11+00:00
F102026,low,0.0059,sms_nudge,sms,delivered,Reminder: your next input redemption window is open. Visit your agrodealer this week.,2026-10-06T06:45:11+00:00
F102027,low,0.0006,sms_nudge,sms,delivered,Reminder: your next input redemption window is open. Visit your agrodealer this week.,2026-10-06T06:45:11+00:00
F102028,low,0.0002,sms_nudge,sms,failed,Reminder: your next input redemption window is open. Visit your agrodealer this week.,2026-10-06T06:45:11+00:00
F102029,high,0.98,supervisor_escalation,escalation,sent,High default risk (score=0.98) - long gap since last farm visit; long distance to nearest agrodealer,2026-10-06T06:45:11+00:00
F102030,low,0.0191,sms_nudge,sms,delivered,Reminder: your next input redemption window is open. Visit your agrodealer this week.,2026-10-06T06:45:11+00:00
F102031,low,0.0317,sms_nudge,sms,delivered,Reminder: your next input redemption window is open. Visit your agrodealer this week.,2026-10-06T06:45:11+00:00
F102032,low,0.0449,sms_nudge,sms,delivered,Reminder: your next input redemption window is open. Visit your agrodealer this week.,2026-10-06T06:45:11+00:00
F102033,low,0.0,sms_nudge,sms,delivered,Reminder: your next input redemption window is open. Visit your agrodealer this week.,2026-10-06T06:45:11+00:00
F102034,low,0.1453,sms_nudge,sms,delivered,Reminder: your next input redemption window is open. Visit your agrodealer this week.,2026-10-06T06:45:11+00:00
F102035,high,0.941,supervisor_escalation,escalation,sent,High default risk (score=0.94) - long gap since last farm visit; low training attendance,2026-10-06T06:45:11+00:00
F102036,high,0.8962,supervisor_escalation,escalation,sent,High default risk (score=0.90) - long distance to nearest agrodealer; low input redemption rate,2026-10-06T06:45:11+00:00
F102037,low,0.2301,sms_nudge,sms,delivered,Reminder: your next input redemption window is open. Visit your agrodealer this week.,2026-10-06T06:45:11+00:00
F102038,low,0.0296,sms_nudge,sms,delivered,Reminder: your next input redemption window is open. Visit your agrodealer this week.,2026-10-06T06:45:11+00:00
F102039,low,0.0145,sms_nudge,sms,delivered,Reminder: your next input redemption window is open. Visit your agrodealer this week.,2026-10-06T06:45:11+00:00
F102040,low,0.001,sms_nudge,sms,delivered,Reminder: your next input redemption window is open. Visit your agrodealer this week.,2026-10-06T06:45:11+00:00
F102041,high,0.9961,supervisor_escalation,escalation,sent,High default risk (score=1.00) - long gap since last farm visit; no active mobile money usage,2026-10-06T06:45:11+00:00
F102042,low,0.0005,sms_nudge,sms,delivered,Reminder: your next input redemption window is open. Visit your agrodealer this week.,2026-10-06T06:45:11+00:00
F102043,low,0.0507,sms_nudge,sms,delivered,Reminder: your next input redemption window is open. Visit your agrodealer this week.,2026-10-06T06:45:11+00:00
F102044,low,0.0015,sms_nudge,sms,failed,Reminder: your next input redemption window is open. Visit your agrodealer this week.,2026-10-06T06:45:11+00:00
F102045,low,0.0007,sms_nudge,sms,delivered,Reminder: your next input redemption window is open. Visit your agrodealer this week.,2026-10-06T06:45:11+00:00
F102046,low,0.0042,sms_nudge,sms,delivered,Reminder: your next input redemption window is open. Visit your agrodealer this week.,2026-10-06T06:45:11+00:00
F102047,high,0.9241,supervisor_escalation,escalation,sent,High default risk (score=0.92) - weak repayment among peer group; long gap since last farm visit,2026-10-06T06:45:11+00:00
F102048,high,0.9542,supervisor_escalation,escalation,sent,High default risk (score=0.95) - long gap since last farm visit; low training attendance,2026-10-06T06:45:11+00:00
F102049,high,0.968,supervisor_escalation,escalation,sent,High default risk (score=0.97) - low input redemption rate; low training attendance,2026-10-06T06:45:11+00:00
F102050,low,0.0365,sms_nudge,sms,delivered,Reminder: your next input redemption window is open. Visit your agrodealer this week.,2026-10-06T06:45:11+00:00
F102051,high,0.9996,supervisor_escalation,escalation,sent,High default risk (score=1.00) - low training attendance; no active mobile money usage,2026-10-06T06:45:11+00:00
F102052,low,0.0015,sms_nudge,sms,delivered,Reminder: your next input redemption window is open. Visit your agrodealer this week.,2026-10-06T06:45:11+00:00
F102053,low,0.0004,sms_nudge,sms,delivered,Reminder: your next input redemption window is open. Visit your agrodealer this week.,2026-10-06T06:45:11+00:00
F102054,low,0.0019,sms_nudge,sms,delivered,Reminder: your next input redemption window is open. Visit your agrodealer this week.,2026-10-06T06:45:11+00:00
F102055,low,0.0,sms_nudge,sms,delivered,Reminder: your next input redemption window is open. Visit your agrodealer this week.,2026-10-06T06:45:11+00:00
F102056,low,0.0,sms_nudge,sms,delivered,Reminder: your next input redemption window is open. Visit your agrodealer this week.,2026-10-06T06:45:11+00:00
F102057,low,0.0016,sms_nudge,sms,failed,Reminder: your next input redemption window is open. Visit your agrodealer this week.,2026-10-06T06:45:11+00:00
F102058,high,0.8862,supervisor_escalation,escalation,sent,High default risk (score=0.89) - long gap since last farm visit; no active mobile money usage,2026-10-06T06:45:11+00:00
F102059,high,0.987,supervisor_escalation,escalation,sent,High default risk (score=0.99) - long distance to nearest agrodealer; long gap since last farm visit,2026-10-06T06:45:11+00:00
F102060,high,0.7863,supervisor_escalation,escalation,sent,High default risk (score=0.79) - no active mobile money usage; low input redemption rate,2026-10-06T06:45:11+00:00
F102061,low,0.0346,sms_nudge,sms,delivered,Reminder: your next input redemption window is open. Visit your agrodealer this week.,2026-10-06T06:45:11+00:00
F102062,low,0.0137,sms_nudge,sms,delivered,Reminder: your next input redemption window is open. Visit your agrodealer this week.,2026-10-06T06:45:11+00:00
F102063,low,0.0002,sms_nudge,sms,delivered,Reminder: your next input redemption window is open. Visit your agrodealer this week.,2026-10-06T06:45:11+00:00
F102064,high,0.897,supervisor_escalation,escalation,sent,High default risk (score=0.90) - low input redemption rate; long gap since last farm visit,2026-10-06T06:45:11+00:00
F102065,low,0.0008,sms_nudge,sms,delivered,Reminder: your next input redemption window is open. Visit your agrodealer this week.,2026-10-06T06:45:11+00:00
F102066,low,0.0007,sms_nudge,sms,delivered,Reminder: your next input redemption window is open. Visit your agrodealer this week.,2026-10-06T06:45:11+00:00
F102067,low,0.0012,sms_nudge,sms,delivered,Reminder: your next input redemption window is open. Visit your agrodealer this week.,2026-10-06T06:45:11+00:00
F102068,low,0.0013,sms_nudge,sms,delivered,Reminder: your next input redemption window is open. Visit your agrodealer this week.,2026-10-06T06:45:11+00:00
F102069,low,0.0058,sms_nudge,sms,delivered,Reminder: your next input redemption window is open. Visit your agrodealer this week.,2026-10-06T06:45:11+00:00
F102070,low,0.0023,sms_nudge,sms,delivered,Reminder: your next input redemption window is open. Visit your agrodealer this week.,2026-10-06T06:45:11+00:00
F102071,low,0.0138,sms_nudge,sms,delivered,Reminder: your next input redemption window is open. Visit your agrodealer this week.,2026-10-06T06:45:11+00:00
F102072,low,0.0042,sms_nudge,sms,delivered,Reminder: your next input redemption window is open. Visit your agrodealer this week.,2026-10-06T06:45:11+00:00
F102073,low,0.0051,sms_nudge,sms,delivered,Reminder: your next input redemption window is open. Visit your agrodealer this week.,2026-10-06T06:45:11+00:00
F102074,low,0.0335,sms_nudge,sms,delivered,Reminder: your next input redemption window is open. Visit your agrodealer this week.,2026-10-06T06:45:11+00:00
F102075,low,0.001,sms_nudge,sms,delivered,Reminder: your next input redemption window is open. Visit your agrodealer this week.,2026-10-06T06:45:11+00:00
F102076,low,0.0083,sms_nudge,sms,delivered,Reminder: your next input redemption window is open. Visit your agrodealer this week.,2026-10-06T06:45:11+00:00
F102077,low,0.0281,sms_nudge,sms,delivered,Reminder: your next input redemption window is open. Visit your agrodealer this week.,2026-10-06T06:45:11+00:00
F102078,low,0.006,sms_nudge,sms,delivered,Reminder: your next input redemption window is open. Visit your agrodealer this week.,2026-10-06T06:45:11+00:00
F102079,low,0.0004,sms_nudge,sms,delivered,Reminder: your next input redemption window is open. Visit your agrodealer this week.,2026-10-06T06:45:11+00:00
F102080,low,0.0892,sms_nudge,sms,delivered,Reminder: your next input redemption window is open. Visit your agrodealer this week.,2026-10-06T06:45:11+00:00
F102081,low,0.0007,sms_nudge,sms,delivered,Reminder: your next input redemption window is open. Visit your agrodealer this week.,2026-10-06T06:45:11+00:00
F102082,high,0.9618,supervisor_escalation,escalation,sent,High default risk (score=0.96) - weak repayment among peer group; long distance to nearest agrodealer,2026-10-06T06:45:11+00:00
F102083,low,0.0232,sms_nudge,sms,delivered,Reminder: your next input redemption window is open. Visit your agrodealer this week.,2026-10-06T06:45:11+00:00
F102084,low,0.0799,sms_nudge,sms,delivered,Reminder: your next input redemption window is open. Visit your agrodealer this week.,2026-10-06T06:45:11+00:00
F102085,high,0.9313,supervisor_escalation,escalation,sent,High default risk (score=0.93) - low training attendance; long gap since last farm visit,2026-10-06T06:45:11+00:00
F102086,low,0.0008,sms_nudge,sms,delivered,Reminder: your next input redemption window is open. Visit your agrodealer this week.,2026-10-06T06:45:11+00:00
F102087,low,0.1711,sms_nudge,sms,delivered,Reminder: your next input redemption window is open. Visit your agrodealer this week.,2026-10-06T06:45:11+00:00
F102088,low,0.0074,sms_nudge,sms,delivered,Reminder: your next input redemption window is open. Visit your agrodealer this week.,2026-10-06T06:45:11+00:00
F102089,low,0.0002,sms_nudge,sms,delivered,Reminder: your next input redemption window is open. Visit your agrodealer this week.,2026-10-06T06:45:11+00:00
F102090,low,0.0004,sms_nudge,sms,delivered,Reminder: your next input redemption window is open. Visit your agrodealer this week.,2026-10-06T06:45:11+00:00
F102091,low,0.0917,sms_nudge,sms,delivered,Reminder: your next input redemption window is open. Visit your agrodealer this week.,2026-10-06T06:45:11+00:00
F102092,low,0.0036,sms_nudge,sms,failed,Reminder: your next input redemption window is open. Visit your agrodealer this week.,2026-10-06T06:45:11+00:00
F102093,low,0.0027,sms_nudge,sms,delivered,Reminder: your next input redemption window is open. Visit your agrodealer this week.,2026-10-06T06:45:11+00:00
F102094,low,0.0101,sms_nudge,sms,delivered,Reminder: your next input redemption window is open. Visit your agrodealer this week.,2026-10-06T06:45:11+00:00
F102095,high,0.9834,supervisor_escalation,escalation,sent,High default risk (score=0.98) - low input redemption rate; below-average prior yield,2026-10-06T06:45:11+00:00
F102096,high,0.9857,supervisor_escalation,escalation,sent,High default risk (score=0.99) - low input redemption rate; low training attendance,2026-10-06T06:45:11+00:00
F102097,low,0.001,sms_nudge,sms,delivered,Reminder: your next input redemption window is open. Visit your agrodealer this week.,2026-10-06T06:45:11+00:00
F102098,low,0.0006,sms_nudge,sms,failed,Reminder: your next input redemption window is open. Visit your agrodealer this week.,2026-10-06T06:45:11+00:00
F102099,low,0.0223,sms_nudge,sms,delivered,Reminder: your next input redemption window is open. Visit your agrodealer this week.,2026-10-06T06:45:11+00:00
F102100,high,0.9972,supervisor_escalation,escalation,sent,High default risk (score=1.00) - low training attendance; long distance to nearest agrodealer,2026-10-06T06:45:11+00:00
F102101,high,0.9535,supervisor_escalation,escalation,sent,High default risk (score=0.95) - long distance to nearest agrodealer; still early in program tenure,2026-10-06T06:45:11+00:00
F102102,low,0.02,sms_nudge,sms,failed,Reminder: your next input redemption window is open. Visit your agrodealer this week.,2026-10-06T06:45:11+00:00
F102103,low,0.0005,sms_nudge,sms,delivered,Reminder: your next input redemption window is open. Visit your agrodealer this week.,2026-10-06T06:45:11+00:00
F102104,high,0.9909,supervisor_escalation,escalation,sent,High default risk (score=0.99) - low training attendance; below-average prior yield,2026-10-06T06:45:11+00:00
F102105,high,0.9534,supervisor_escalation,escalation,sent,High default risk (score=0.95) - low input redemption rate; no active mobile money usage,2026-10-06T06:45:11+00:00
F102106,high,0.9165,supervisor_escalation,escalation,sent,High default risk (score=0.92) - no active mobile money usage; weak repayment among peer group,2026-10-06T06:45:11+00:00
F102107,low,0.0881,sms_nudge,sms,delivered,Reminder: your next input redemption window is open. Visit your agrodealer this week.,2026-10-06T06:45:11+00:00
F102108,low,0.0088,sms_nudge,sms,delivered,Reminder: your next input redemption window is open. Visit your agrodealer this week.,2026-10-06T06:45:11+00:00
F102109,low,0.0008,sms_nudge,sms,delivered,Reminder: your next input redemption window is open. Visit your agrodealer this week.,2026-10-06T06:45:11+00:00
F102110,medium,0.4898,field_agent_task,crm_task,created,Field visit follow-up (medium),2026-10-06T06:45:11+00:00
F102111,low,0.0002,sms_nudge,sms,delivered,Reminder: your next input redemption window is open. Visit your agrodealer this week.,2026-10-06T06:45:11+00:00
F102112,low,0.0044,sms_nudge,sms,delivered,Reminder: your next input redemption window is open. Visit your agrodealer this week.,2026-10-06T06:45:11+00:00
F102113,low,0.0081,sms_nudge,sms,delivered,Reminder: your next input redemption window is open. Visit your agrodealer this week.,2026-10-06T06:45:11+00:00
F102114,low,0.0011,sms_nudge,sms,delivered,Reminder: your next input redemption window is open. Visit your agrodealer this week.,2026-10-06T06:45:11+00:00
F102115,low,0.0556,sms_nudge,sms,delivered,Reminder: your next input redemption window is open. Visit your agrodealer this week.,2026-10-06T06:45:11+00:00
F102116,high,0.9983,supervisor_escalation,escalation,sent,High default risk (score=1.00) - low training attendance; low input redemption rate,2026-10-06T06:45:11+00:00
F102117,low,0.0001,sms_nudge,sms,delivered,Reminder: your next input redemption window is open. Visit your agrodealer this week.,2026-10-06T06:45:11+00:00
F102118,low,0.0187,sms_nudge,sms,delivered,Reminder: your next input redemption window is open. Visit your agrodealer this week.,2026-10-06T06:45:11+00:00
F102119,low,0.0186,sms_nudge,sms,delivered,Reminder: your next input redemption window is open. Visit your agrodealer this week.,2026-10-06T06:45:11+00:00
F102120,low,0.0016,sms_nudge,sms,delivered,Reminder: your next input redemption window is open. Visit your agrodealer this week.,2026-10-06T06:45:11+00:00
F102121,low,0.002,sms_nudge,sms,delivered,Reminder: your next input redemption window is open. Visit your agrodealer this week.,2026-10-06T06:45:11+00:00
F102122,low,0.0118,sms_nudge,sms,delivered,Reminder: your next input redemption window is open. Visit your agrodealer this week.,2026-10-06T06:45:11+00:00
F102123,low,0.0005,sms_nudge,sms,delivered,Reminder: your next input redemption window is open. Visit your agrodealer this week.,2026-10-06T06:45:11+00:00
F102124,low,0.0001,sms_nudge,sms,delivered,Reminder: your next input redemption window is open. Visit your agrodealer this week.,2026-10-06T06:45:11+00:00
F102125,low,0.0126,sms_nudge,sms,delivered,Reminder: your next input redemption window is open. Visit your agrodealer this week.,2026-10-06T06:45:11+00:00
F102126,low,0.0205,sms_nudge,sms,failed,Reminder: your next input redemption window is open. Visit your agrodealer this week.,2026-10-06T06:45:11+00:00
F102127,low,0.0018,sms_nudge,sms,delivered,Reminder: your next input redemption window is open. Visit your agrodealer this week.,2026-10-06T06:45:11+00:00
F102128,high,0.9973,supervisor_escalation,escalation,sent,High default risk (score=1.00) - no active mobile money usage; long gap since last farm visit,2026-10-06T06:45:11+00:00
F102129,low,0.0467,sms_nudge,sms,delivered,Reminder: your next input redemption window is open. Visit your agrodealer this week.,2026-10-06T06:45:11+00:00
F102130,low,0.012,sms_nudge,sms,delivered,Reminder: your next input redemption window is open. Visit your agrodealer this week.,2026-10-06T06:45:11+00:00
F102131,low,0.0004,sms_nudge,sms,delivered,Reminder: your next input redemption window is open. Visit your agrodealer this week.,2026-10-06T06:45:11+00:00
F102132,high,0.9419,supervisor_escalation,escalation,sent,High default risk (score=0.94) - long gap since last farm visit; no active mobile money usage,2026-10-06T06:45:11+00:00
F102133,low,0.0005,sms_nudge,sms,delivered,Reminder: your next input redemption window is open. Visit your agrodealer this week.,2026-10-06T06:45:11+00:00
F102134,low,0.0016,sms_nudge,sms,delivered,Reminder: your next input redemption window is open. Visit your agrodealer this week.,2026-10-06T06:45:11+00:00
F102135,high,0.9423,supervisor_escalation,escalation,sent,High default risk (score=0.94) - long gap since last farm visit; below-average prior yield,2026-10-06T06:45:11+00:00
F102136,low,0.1308,sms_nudge,sms,delivered,Reminder: your next input redemption window is open. Visit your agrodealer this week.,2026-10-06T06:45:11+00:00
F102137,low,0.0002,sms_nudge,sms,delivered,Reminder: your next input redemption window is open. Visit your agrodealer this week.,2026-10-06T06:45:11+00:00
F102138,high,0.9689,supervisor_escalation,escalation,sent,High default risk (score=0.97) - long gap since last farm visit; below-average prior yield,2026-10-06T06:45:11+00:00
F102139,low,0.0092,sms_nudge,sms,delivered,Reminder: your next input redemption window is open. Visit your agrodealer this week.,2026-10-06T06:45:11+00:00
F102140,low,0.0267,sms_nudge,sms,delivered,Reminder: your next input redemption window is open. Visit your agrodealer this week.,2026-10-06T06:45:11+00:00
F102141,low,0.0018,sms_nudge,sms,delivered,Reminder: your next input redemption window is open. Visit your agrodealer this week.,2026-10-06T06:45:11+00:00
F102142,high,0.9911,supervisor_escalation,escalation,sent,High default risk (score=0.99) - low training attendance; long gap since last farm visit,2026-10-06T06:45:11+00:00
F102143,low,0.2005,sms_nudge,sms,delivered,Reminder: your next input redemption window is open. Visit your agrodealer this week.,2026-10-06T06:45:11+00:00
F102144,high,0.9001,supervisor_escalation,escalation,sent,High default risk (score=0.90) - low input redemption rate; low training attendance,2026-10-06T06:45:11+00:00
F102145,low,0.0031,sms_nudge,sms,delivered,Reminder: your next input redemption window is open. Visit your agrodealer this week.,2026-10-06T06:45:11+00:00
F102146,low,0.0015,sms_nudge,sms,delivered,Reminder: your next input redemption window is open. Visit your agrodealer this week.,2026-10-06T06:45:11+00:00
F102147,low,0.0033,sms_nudge,sms,delivered,Reminder: your next input redemption window is open. Visit your agrodealer this week.,2026-10-06T06:45:11+00:00
F102148,low,0.0018,sms_nudge,sms,delivered,Reminder: your next input redemption window is open. Visit your agrodealer this week.,2026-10-06T06:45:11+00:00
F102149,high,0.6605,supervisor_escalation,escalation,sent,High default risk (score=0.66) - long gap since last farm visit; low training attendance,2026-10-06T06:45:11+00:00
F102150,high,0.9996,supervisor_escalation,escalation,sent,High default risk (score=1.00) - long gap since last farm visit; below-average prior yield,2026-10-06T06:45:11+00:00
F102151,medium,0.4334,field_agent_task,crm_task,created,Field visit follow-up (medium),2026-10-06T06:45:11+00:00
F102152,high,0.8973,supervisor_escalation,escalation,sent,High default risk (score=0.90) - no active mobile money usage; below-average prior yield,2026-10-06T06:45:11+00:00
F102153,low,0.003,sms_nudge,sms,failed,Reminder: your next input redemption window is open. Visit your agrodealer this week.,2026-10-06T06:45:11+00:00
F102154,low,0.0206,sms_nudge,sms,delivered,Reminder: your next input redemption window is open. Visit your agrodealer this week.,2026-10-06T06:45:11+00:00
F102155,low,0.0782,sms_nudge,sms,delivered,Reminder: your next input redemption window is open. Visit your agrodealer this week.,2026-10-06T06:45:11+00:00
F102156,low,0.0424,sms_nudge,sms,delivered,Reminder: your next input redemption window is open. Visit your agrodealer this week.,2026-10-06T06:45:11+00:00
F102157,medium,0.3137,field_agent_task,crm_task,created,Field visit follow-up (medium),2026-10-06T06:45:11+00:00
F102158,low,0.0005,sms_nudge,sms,delivered,Reminder: your next input redemption window is open. Visit your agrodealer this week.,2026-10-06T06:45:11+00:00
F102159,high,0.9972,supervisor_escalation,escalation,sent,High default risk (score=1.00) - weak repayment among peer group; low training attendance,2026-10-06T06:45:11+00:00
F102160,high,0.9909,supervisor_escalation,escalation,sent,High default risk (score=0.99) - long gap since last farm visit; low input redemption rate,2026-10-06T06:45:11+00:00
F102161,high,0.9181,supervisor_escalation,escalation,sent,High default risk (score=0.92) - below-average prior yield; no active mobile money usage,2026-10-06T06:45:11+00:00
F102162,low,0.0178,sms_nudge,sms,delivered,Reminder: your next input redemption window is open. Visit your agrodealer this week.,2026-10-06T06:45:11+00:00
F102163,high,0.948,supervisor_escalation,escalation,sent,High default risk (score=0.95) - no active mobile money usage; weak repayment among peer group,2026-10-06T06:45:11+00:00
F102164,low,0.0337,sms_nudge,sms,failed,Reminder: your next input redemption window is open. Visit your agrodealer this week.,2026-10-06T06:45:11+00:00
F102165,low,0.0302,sms_nudge,sms,delivered,Reminder: your next input redemption window is open. Visit your agrodealer this week.,2026-10-06T06:45:11+00:00
F102166,low,0.0241,sms_nudge,sms,delivered,Reminder: your next input redemption window is open. Visit your agrodealer this week.,2026-10-06T06:45:11+00:00
F102167,low,0.0032,sms_nudge,sms,delivered,Reminder: your next input redemption window is open. Visit your agrodealer this week.,2026-10-06T06:45:11+00:00
F102168,low,0.0003,sms_nudge,sms,delivered,Reminder: your next input redemption window is open. Visit your agrodealer this week.,2026-10-06T06:45:11+00:00
F102169,low,0.0023,sms_nudge,sms,delivered,Reminder: your next input redemption window is open. Visit your agrodealer this week.,2026-10-06T06:45:11+00:00
F102170,high,0.6552,supervisor_escalation,escalation,sent,High default risk (score=0.66) - long gap since last farm visit; no active mobile money usage,2026-10-06T06:45:11+00:00
F102171,medium,0.3742,field_agent_task,crm_task,created,Field visit follow-up (medium),2026-10-06T06:45:11+00:00
F102172,low,0.0927,sms_nudge,sms,delivered,Reminder: your next input redemption window is open. Visit your agrodealer this week.,2026-10-06T06:45:11+00:00
F102173,low,0.0132,sms_nudge,sms,delivered,Reminder: your next input redemption window is open. Visit your agrodealer this week.,2026-10-06T06:45:11+00:00
F102174,low,0.022,sms_nudge,sms,delivered,Reminder: your next input redemption window is open. Visit your agrodealer this week.,2026-10-06T06:45:11+00:00
F102175,low,0.0033,sms_nudge,sms,delivered,Reminder: your next input redemption window is open. Visit your agrodealer this week.,2026-10-06T06:45:11+00:00
F102176,low,0.0002,sms_nudge,sms,delivered,Reminder: your next input redemption window is open. Visit your agrodealer this week.,2026-10-06T06:45:11+00:00
F102177,low,0.0021,sms_nudge,sms,failed,Reminder: your next input redemption window is open. Visit your agrodealer this week.,2026-10-06T06:45:11+00:00
F102178,low,0.0013,sms_nudge,sms,failed,Reminder: your next input redemption window is open. Visit your agrodealer this week.,2026-10-06T06:45:11+00:00
F102179,low,0.0271,sms_nudge,sms,delivered,Reminder: your next input redemption window is open. Visit your agrodealer this week.,2026-10-06T06:45:11+00:00
F102180,low,0.0003,sms_nudge,sms,delivered,Reminder: your next input redemption window is open. Visit your agrodealer this week.,2026-10-06T06:45:11+00:00
F102181,low,0.0001,sms_nudge,sms,delivered,Reminder: your next input redemption window is open. Visit your agrodealer this week.,2026-10-06T06:45:11+00:00
F102182,high,0.9835,supervisor_escalation,escalation,sent,High default risk (score=0.98) - weak repayment among peer group; long gap since last farm visit,2026-10-06T06:45:11+00:00
F102183,low,0.0011,sms_nudge,sms,delivered,Reminder: your next input redemption window is open. Visit your agrodealer this week.,2026-10-06T06:45:11+00:00
F102184,low,0.0006,sms_nudge,sms,delivered,Reminder: your next input redemption window is open. Visit your agrodealer this week.,2026-10-06T06:45:11+00:00
F102185,low,0.0005,sms_nudge,sms,delivered,Reminder: your next input redemption window is open. Visit your agrodealer this week.,2026-10-06T06:45:11+00:00
F102186,low,0.0065,sms_nudge,sms,failed,Reminder: your next input redemption window is open. Visit your agrodealer this week.,2026-10-06T06:45:11+00:00
F102187,low,0.0,sms_nudge,sms,delivered,Reminder: your next input redemption window is open. Visit your agrodealer this week.,2026-10-06T06:45:11+00:00
F102188,low,0.0565,sms_nudge,sms,delivered,Reminder: your next input redemption window is open. Visit your agrodealer this week.,2026-10-06T06:45:11+00:00
F102189,low,0.0002,sms_nudge,sms,delivered,Reminder: your next input redemption window is open. Visit your agrodealer this week.,2026-10-06T06:45:11+00:00
F102190,low,0.0006,sms_nudge,sms,delivered,Reminder: your next input redemption window is open. Visit your agrodealer this week.,2026-10-06T06:45:11+00:00
F102191,low,0.0081,sms_nudge,sms,delivered,Reminder: your next input redemption window is open. Visit your agrodealer this week.,2026-10-06T06:45:11+00:00
F102192,low,0.0002,sms_nudge,sms,delivered,Reminder: your next input redemption window is open. Visit your agrodealer this week.,2026-10-06T06:45:11+00:00
F102193,low,0.0006,sms_nudge,sms,delivered,Reminder: your next input redemption window is open. Visit your agrodealer this week.,2026-10-06T06:45:11+00:00
F102194,low,0.0631,sms_nudge,sms,delivered,Reminder: your next input redemption window is open. Visit your agrodealer this week.,2026-10-06T06:45:11+00:00
F102195,low,0.1165,sms_nudge,sms,delivered,Reminder: your next input redemption window is open. Visit your agrodealer this week.,2026-10-06T06:45:11+00:00
F102196,low,0.0083,sms_nudge,sms,delivered,Reminder: your next input redemption window is open. Visit your agrodealer this week.,2026-10-06T06:45:11+00:00
F102197,low,0.0207,sms_nudge,sms,delivered,Reminder: your next input redemption window is open. Visit your agrodealer this week.,2026-10-06T06:45:11+00:00
F102198,low,0.0072,sms_nudge,sms,delivered,Reminder: your next input redemption window is open. Visit your agrodealer this week.,2026-10-06T06:45:11+00:00
F102199,low,0.006,sms_nudge,sms,delivered,Reminder: your next input redemption window is open. Visit your agrodealer this week.,2026-10-06T06:45:11+00:00
F102200,low,0.0011,sms_nudge,sms,delivered,Reminder: your next input redemption window is open. Visit your agrodealer this week.,2026-10-06T06:45:11+00:00
F102201,low,0.0518,sms_nudge,sms,delivered,Reminder: your next input redemption window is open. Visit your agrodealer this week.,2026-10-06T06:45:11+00:00
F102202,low,0.0043,sms_nudge,sms,delivered,Reminder: your next input redemption window is open. Visit your agrodealer this week.,2026-10-06T06:45:11+00:00
F102203,low,0.0001,sms_nudge,sms,delivered,Reminder: your next input redemption window is open. Visit your agrodealer this week.,2026-10-06T06:45:11+00:00
F102204,low,0.069,sms_nudge,sms,failed,Reminder: your next input redemption window is open. Visit your agrodealer this week.,2026-10-06T06:45:11+00:00
F102205,low,0.0011,sms_nudge,sms,failed,Reminder: your next input redemption window is open. Visit your agrodealer this week.,2026-10-06T06:45:11+00:00
F102206,high,0.9193,supervisor_escalation,escalation,sent,High default risk (score=0.92) - long gap since last farm visit; no active mobile money usage,2026-10-06T06:45:11+00:00
F102207,low,0.0059,sms_nudge,sms,delivered,Reminder: your next input redemption window is open. Visit your agrodealer this week.,2026-10-06T06:45:11+00:00
F102208,low,0.0056,sms_nudge,sms,delivered,Reminder: your next input redemption window is open. Visit your agrodealer this week.,2026-10-06T06:45:11+00:00
F102209,low,0.0002,sms_nudge,sms,delivered,Reminder: your next input redemption window is open. Visit your agrodealer this week.,2026-10-06T06:45:11+00:00
F102210,low,0.0118,sms_nudge,sms,delivered,Reminder: your next input redemption window is open. Visit your agrodealer this week.,2026-10-06T06:45:11+00:00
F102211,high,0.9938,supervisor_escalation,escalation,sent,High default risk (score=0.99) - long gap since last farm visit; low training attendance,2026-10-06T06:45:11+00:00
F102212,high,0.772,supervisor_escalation,escalation,sent,High default risk (score=0.77) - below-average prior yield; low training attendance,2026-10-06T06:45:11+00:00
F102213,high,0.949,supervisor_escalation,escalation,sent,High default risk (score=0.95) - low training attendance; long gap since last farm visit,2026-10-06T06:45:11+00:00
F102214,low,0.0362,sms_nudge,sms,delivered,Reminder: your next input redemption window is open. Visit your agrodealer this week.,2026-10-06T06:45:11+00:00
F102215,low,0.0839,sms_nudge,sms,delivered,Reminder: your next input redemption window is open. Visit your agrodealer this week.,2026-10-06T06:45:11+00:00
F102216,low,0.0467,sms_nudge,sms,delivered,Reminder: your next input redemption window is open. Visit your agrodealer this week.,2026-10-06T06:45:11+00:00
F102217,high,0.9651,supervisor_escalation,escalation,sent,High default risk (score=0.97) - long gap since last farm visit; low training attendance,2026-10-06T06:45:11+00:00
F102218,low,0.0282,sms_nudge,sms,delivered,Reminder: your next input redemption window is open. Visit your agrodealer this week.,2026-10-06T06:45:11+00:00
F102219,high,0.9997,supervisor_escalation,escalation,sent,High default risk (score=1.00) - long gap since last farm visit; low input redemption rate,2026-10-06T06:45:11+00:00
F102220,low,0.0012,sms_nudge,sms,delivered,Reminder: your next input redemption window is open. Visit your agrodealer this week.,2026-10-06T06:45:11+00:00
F102221,low,0.0044,sms_nudge,sms,delivered,Reminder: your next input redemption window is open. Visit your agrodealer this week.,2026-10-06T06:45:11+00:00
F102222,high,0.9689,supervisor_escalation,escalation,sent,High default risk (score=0.97) - low training attendance; long gap since last farm visit,2026-10-06T06:45:11+00:00
F102223,high,0.9995,supervisor_escalation,escalation,sent,High default risk (score=1.00) - long gap since last farm visit; low input redemption rate,2026-10-06T06:45:11+00:00
F102224,low,0.0041,sms_nudge,sms,delivered,Reminder: your next input redemption window is open. Visit your agrodealer this week.,2026-10-06T06:45:11+00:00
F102225,low,0.0396,sms_nudge,sms,delivered,Reminder: your next input redemption window is open. Visit your agrodealer this week.,2026-10-06T06:45:11+00:00
F102226,low,0.0302,sms_nudge,sms,delivered,Reminder: your next input redemption window is open. Visit your agrodealer this week.,2026-10-06T06:45:11+00:00
F102227,low,0.0678,sms_nudge,sms,delivered,Reminder: your next input redemption window is open. Visit your agrodealer this week.,2026-10-06T06:45:11+00:00
F102228,low,0.0278,sms_nudge,sms,delivered,Reminder: your next input redemption window is open. Visit your agrodealer this week.,2026-10-06T06:45:11+00:00
F102229,low,0.1369,sms_nudge,sms,delivered,Reminder: your next input redemption window is open. Visit your agrodealer this week.,2026-10-06T06:45:11+00:00
F102230,low,0.0475,sms_nudge,sms,delivered,Reminder: your next input redemption window is open. Visit your agrodealer this week.,2026-10-06T06:45:11+00:00
F102231,low,0.0599,sms_nudge,sms,delivered,Reminder: your next input redemption window is open. Visit your agrodealer this week.,2026-10-06T06:45:11+00:00
F102232,low,0.0113,sms_nudge,sms,delivered,Reminder: your next input redemption window is open. Visit your agrodealer this week.,2026-10-06T06:45:11+00:00
F102233,low,0.0073,sms_nudge,sms,delivered,Reminder: your next input redemption window is open. Visit your agrodealer this week.,2026-10-06T06:45:11+00:00
F102234,low,0.0088,sms_nudge,sms,delivered,Reminder: your next input redemption window is open. Visit your agrodealer this week.,2026-10-06T06:45:11+00:00
F102235,low,0.0034,sms_nudge,sms,delivered,Reminder: your next input redemption window is open. Visit your agrodealer this week.,2026-10-06T06:45:11+00:00
F102236,low,0.034,sms_nudge,sms,delivered,Reminder: your next input redemption window is open. Visit your agrodealer this week.,2026-10-06T06:45:11+00:00
F102237,low,0.0502,sms_nudge,sms,delivered,Reminder: your next input redemption window is open. Visit your agrodealer this week.,2026-10-06T06:45:11+00:00
F102238,high,0.9799,supervisor_escalation,escalation,sent,High default risk (score=0.98) - no active mobile money usage; low training attendance,2026-10-06T06:45:11+00:00
F102239,low,0.0012,sms_nudge,sms,delivered,Reminder: your next input redemption window is open. Visit your agrodealer this week.,2026-10-06T06:45:11+00:00
F102240,low,0.0287,sms_nudge,sms,delivered,Reminder: your next input redemption window is open. Visit your agrodealer this week.,2026-10-06T06:45:11+00:00
F102241,high,0.9795,supervisor_escalation,escalation,sent,High default risk (score=0.98) - below-average prior yield; low training attendance,2026-10-06T06:45:11+00:00
F102242,low,0.0263,sms_nudge,sms,delivered,Reminder: your next input redemption window is open. Visit your agrodealer this week.,2026-10-06T06:45:11+00:00
F102243,low,0.0044,sms_nudge,sms,delivered,Reminder: your next input redemption window is open. Visit your agrodealer this week.,2026-10-06T06:45:11+00:00
F102244,low,0.0001,sms_nudge,sms,delivered,Reminder: your next input redemption window is open. Visit your agrodealer this week.,2026-10-06T06:45:11+00:00
F102245,low,0.0006,sms_nudge,sms,delivered,Reminder: your next input redemption window is open. Visit your agrodealer this week.,2026-10-06T06:45:11+00:00
F102246,high,0.9788,supervisor_escalation,escalation,sent,High default risk (score=0.98) - low training attendance; no active mobile money usage,2026-10-06T06:45:11+00:00
F102247,low,0.0309,sms_nudge,sms,delivered,Reminder: your next input redemption window is open. Visit your agrodealer this week.,2026-10-06T06:45:11+00:00
F102248,high,0.9984,supervisor_escalation,escalation,sent,High default risk (score=1.00) - low training attendance; long distance to nearest agrodealer,2026-10-06T06:45:11+00:00
F102249,low,0.0556,sms_nudge,sms,delivered,Reminder: your next input redemption window is open. Visit your agrodealer this week.,2026-10-06T06:45:11+00:00
F102250,low,0.0258,sms_nudge,sms,delivered,Reminder: your next input redemption window is open. Visit your agrodealer this week.,2026-10-06T06:45:11+00:00
F102251,low,0.0658,sms_nudge,sms,delivered,Reminder: your next input redemption window is open. Visit your agrodealer this week.,2026-10-06T06:45:11+00:00
F102252,high,0.9987,supervisor_escalation,escalation,sent,High default risk (score=1.00) - low training attendance; weak repayment among peer group,2026-10-06T06:45:11+00:00
F102253,low,0.0001,sms_nudge,sms,delivered,Reminder: your next input redemption window is open. Visit your agrodealer this week.,2026-10-06T06:45:11+00:00
F102254,low,0.0005,sms_nudge,sms,delivered,Reminder: your next input redemption window is open. Visit your agrodealer this week.,2026-10-06T06:45:11+00:00
F102255,low,0.0001,sms_nudge,sms,delivered,Reminder: your next input redemption window is open. Visit your agrodealer this week.,2026-10-06T06:45:11+00:00
F102256,low,0.2772,sms_nudge,sms,delivered,Reminder: your next input redemption window is open. Visit your agrodealer this week.,2026-10-06T06:45:11+00:00
F102257,low,0.0013,sms_nudge,sms,delivered,Reminder: your next input redemption window is open. Visit your agrodealer this week.,2026-10-06T06:45:11+00:00
F102258,low,0.0002,sms_nudge,sms,delivered,Reminder: your next input redemption window is open. Visit your agrodealer this week.,2026-10-06T06:45:11+00:00
F102259,low,0.035,sms_nudge,sms,delivered,Reminder: your next input redemption window is open. Visit your agrodealer this week.,2026-10-06T06:45:11+00:00
F102260,low,0.0008,sms_nudge,sms,delivered,Reminder: your next input redemption window is open. Visit your agrodealer this week.,2026-10-06T06:45:11+00:00
F102261,low,0.0302,sms_nudge,sms,delivered,Reminder: your next input redemption window is open. Visit your agrodealer this week.,2026-10-06T06:45:11+00:00
F102262,high,0.8953,supervisor_escalation,escalation,sent,High default risk (score=0.90) - long distance to nearest agrodealer; no active mobile money usage,2026-10-06T06:45:11+00:00
F102263,high,0.9642,supervisor_escalation,escalation,sent,High default risk (score=0.96) - low training attendance; below-average prior yield,2026-10-06T06:45:11+00:00
F102264,low,0.0206,sms_nudge,sms,failed,Reminder: your next input redemption window is open. Visit your agrodealer this week.,2026-10-06T06:45:11+00:00
F102265,low,0.0112,sms_nudge,sms,delivered,Reminder: your next input redemption window is open. Visit your agrodealer this week.,2026-10-06T06:45:11+00:00
F102266,low,0.0869,sms_nudge,sms,delivered,Reminder: your next input redemption window is open. Visit your agrodealer this week.,2026-10-06T06:45:11+00:00
F102267,low,0.0004,sms_nudge,sms,delivered,Reminder: your next input redemption window is open. Visit your agrodealer this week.,2026-10-06T06:45:11+00:00
F102268,low,0.0046,sms_nudge,sms,delivered,Reminder: your next input redemption window is open. Visit your agrodealer this week.,2026-10-06T06:45:11+00:00
F102269,high,0.9996,supervisor_escalation,escalation,sent,High default risk (score=1.00) - long gap since last farm visit; no active mobile money usage,2026-10-06T06:45:11+00:00
F102270,low,0.0532,sms_nudge,sms,delivered,Reminder: your next input redemption window is open. Visit your agrodealer this week.,2026-10-06T06:45:11+00:00
F102271,low,0.0006,sms_nudge,sms,failed,Reminder: your next input redemption window is open. Visit your agrodealer this week.,2026-10-06T06:45:11+00:00
F102272,high,0.9998,supervisor_escalation,escalation,sent,High default risk (score=1.00) - long gap since last farm visit; long distance to nearest agrodealer,2026-10-06T06:45:11+00:00
F102273,low,0.0002,sms_nudge,sms,delivered,Reminder: your next input redemption window is open. Visit your agrodealer this week.,2026-10-06T06:45:11+00:00
F102274,low,0.0003,sms_nudge,sms,delivered,Reminder: your next input redemption window is open. Visit your agrodealer this week.,2026-10-06T06:45:11+00:00
F102275,low,0.0147,sms_nudge,sms,delivered,Reminder: your next input redemption window is open. Visit your agrodealer this week.,2026-10-06T06:45:11+00:00
F102276,low,0.0022,sms_nudge,sms,delivered,Reminder: your next input redemption window is open. Visit your agrodealer this week.,2026-10-06T06:45:11+00:00
F102277,high,0.9153,supervisor_escalation,escalation,sent,High default risk (score=0.92) - below-average prior yield; low input redemption rate,2026-10-06T06:45:11+00:00
F102278,low,0.0293,sms_nudge,sms,delivered,Reminder: your next input redemption window is open. Visit your agrodealer this week.,2026-10-06T06:45:11+00:00
F102279,low,0.0144,sms_nudge,sms,delivered,Reminder: your next input redemption window is open. Visit your agrodealer this week.,2026-10-06T06:45:11+00:00
F102280,low,0.001,sms_nudge,sms,delivered,Reminder: your next input redemption window is open. Visit your agrodealer this week.,2026-10-06T06:45:11+00:00
F102281,low,0.0098,sms_nudge,sms,delivered,Reminder: your next input redemption window is open. Visit your agrodealer this week.,2026-10-06T06:45:11+00:00
F102282,medium,0.3509,field_agent_task,crm_task,created,Field visit follow-up (medium),2026-10-06T06:45:11+00:00
F102283,low,0.1547,sms_nudge,sms,delivered,Reminder: your next input redemption window is open. Visit your agrodealer this week.,2026-10-06T06:45:11+00:00
F102284,low,0.012,sms_nudge,sms,delivered,Reminder: your next input redemption window is open. Visit your agrodealer this week.,2026-10-06T06:45:11+00:00
F102285,low,0.0015,sms_nudge,sms,delivered,Reminder: your next input redemption window is open. Visit your agrodealer this week.,2026-10-06T06:45:11+00:00
F102286,low,0.001,sms_nudge,sms,delivered,Reminder: your next input redemption window is open. Visit your agrodealer this week.,2026-10-06T06:45:11+00:00
F102287,low,0.0014,sms_nudge,sms,delivered,Reminder: your next input redemption window is open. Visit your agrodealer this week.,2026-10-06T06:45:11+00:00
F102288,low,0.095,sms_nudge,sms,delivered,Reminder: your next input redemption window is open. Visit your agrodealer this week.,2026-10-06T06:45:11+00:00
F102289,low,0.0069,sms_nudge,sms,delivered,Reminder: your next input redemption window is open. Visit your agrodealer this week.,2026-10-06T06:45:11+00:00
F102290,low,0.0007,sms_nudge,sms,delivered,Reminder: your next input redemption window is open. Visit your agrodealer this week.,2026-10-06T06:45:11+00:00
F102291,low,0.0012,sms_nudge,sms,delivered,Reminder: your next input redemption window is open. Visit your agrodealer this week.,2026-10-06T06:45:11+00:00
F102292,high,0.9558,supervisor_escalation,escalation,sent,High default risk (score=0.96) - weak repayment among peer group; long gap since last farm visit,2026-10-06T06:45:11+00:00
F102293,low,0.0015,sms_nudge,sms,delivered,Reminder: your next input redemption window is open. Visit your agrodealer this week.,2026-10-06T06:45:11+00:00
F102294,high,0.7637,supervisor_escalation,escalation,sent,High default risk (score=0.76) - low training attendance; below-average prior yield,2026-10-06T06:45:11+00:00
F102295,low,0.0024,sms_nudge,sms,delivered,Reminder: your next input redemption window is open. Visit your agrodealer this week.,2026-10-06T06:45:11+00:00
F102296,low,0.0551,sms_nudge,sms,delivered,Reminder: your next input redemption window is open. Visit your agrodealer this week.,2026-10-06T06:45:11+00:00
F102297,low,0.0028,sms_nudge,sms,delivered,Reminder: your next input redemption window is open. Visit your agrodealer this week.,2026-10-06T06:45:11+00:00
F102298,low,0.0292,sms_nudge,sms,delivered,Reminder: your next input redemption window is open. Visit your agrodealer this week.,2026-10-06T06:45:11+00:00
F102299,high,0.9925,supervisor_escalation,escalation,sent,High default risk (score=0.99) - long gap since last farm visit; low input redemption rate,2026-10-06T06:45:11+00:00
F102300,high,0.9985,supervisor_escalation,escalation,sent,High default risk (score=1.00) - long gap since last farm visit; no active mobile money usage,2026-10-06T06:45:11+00:00
F102301,low,0.0,sms_nudge,sms,delivered,Reminder: your next input redemption window is open. Visit your agrodealer this week.,2026-10-06T06:45:11+00:00
F102302,low,0.0006,sms_nudge,sms,delivered,Reminder: your next input redemption window is open. Visit your agrodealer this week.,2026-10-06T06:45:11+00:00
F102303,low,0.0008,sms_nudge,sms,delivered,Reminder: your next input redemption window is open. Visit your agrodealer this week.,2026-10-06T06:45:11+00:00
F102304,low,0.0005,sms_nudge,sms,delivered,Reminder: your next input redemption window is open. Visit your agrodealer this week.,2026-10-06T06:45:11+00:00
F102305,low,0.0003,sms_nudge,sms,delivered,Reminder: your next input redemption window is open. Visit your agrodealer this week.,2026-10-06T06:45:11+00:00
F102306,low,0.0082,sms_nudge,sms,delivered,Reminder: your next input redemption window is open. Visit your agrodealer this week.,2026-10-06T06:45:11+00:00
F102307,low,0.0097,sms_nudge,sms,delivered,Reminder: your next input redemption window is open. Visit your agrodealer this week.,2026-10-06T06:45:11+00:00
F102308,high,0.864,supervisor_escalation,escalation,sent,High default risk (score=0.86) - no active mobile money usage; weak repayment among peer group,2026-10-06T06:45:11+00:00
F102309,low,0.0002,sms_nudge,sms,delivered,Reminder: your next input redemption window is open. Visit your agrodealer this week.,2026-10-06T06:45:11+00:00
F102310,low,0.0012,sms_nudge,sms,delivered,Reminder: your next input redemption window is open. Visit your agrodealer this week.,2026-10-06T06:45:11+00:00
F102311,high,0.9634,supervisor_escalation,escalation,sent,High default risk (score=0.96) - low input redemption rate; below-average prior yield,2026-10-06T06:45:11+00:00
F102312,high,0.8488,supervisor_escalation,escalation,sent,High default risk (score=0.85) - long gap since last farm visit; no active mobile money usage,2026-10-06T06:45:11+00:00
F102313,low,0.0002,sms_nudge,sms,delivered,Reminder: your next input redemption window is open. Visit your agrodealer this week.,2026-10-06T06:45:11+00:00
F102314,high,0.9756,supervisor_escalation,escalation,sent,High default risk (score=0.98) - low input redemption rate; below-average prior yield,2026-10-06T06:45:11+00:00
F102315,high,0.9545,supervisor_escalation,escalation,sent,High default risk (score=0.95) - low input redemption rate; still early in program tenure,2026-10-06T06:45:11+00:00
F102316,low,0.0606,sms_nudge,sms,delivered,Reminder: your next input redemption window is open. Visit your agrodealer this week.,2026-10-06T06:45:11+00:00
F102317,low,0.0011,sms_nudge,sms,delivered,Reminder: your next input redemption window is open. Visit your agrodealer this week.,2026-10-06T06:45:11+00:00
F102318,low,0.041,sms_nudge,sms,delivered,Reminder: your next input redemption window is open. Visit your agrodealer this week.,2026-10-06T06:45:11+00:00
F102319,low,0.0017,sms_nudge,sms,delivered,Reminder: your next input redemption window is open. Visit your agrodealer this week.,2026-10-06T06:45:11+00:00
F102320,high,0.9536,supervisor_escalation,escalation,sent,High default risk (score=0.95) - long gap since last farm visit; no active mobile money usage,2026-10-06T06:45:11+00:00
F102321,low,0.0754,sms_nudge,sms,delivered,Reminder: your next input redemption window is open. Visit your agrodealer this week.,2026-10-06T06:45:11+00:00
F102322,low,0.0002,sms_nudge,sms,delivered,Reminder: your next input redemption window is open. Visit your agrodealer this week.,2026-10-06T06:45:11+00:00
F102323,low,0.0525,sms_nudge,sms,delivered,Reminder: your next input redemption window is open. Visit your agrodealer this week.,2026-10-06T06:45:11+00:00
F102324,high,0.9938,supervisor_escalation,escalation,sent,High default risk (score=0.99) - low input redemption rate; long gap since last farm visit,2026-10-06T06:45:11+00:00
F102325,low,0.0005,sms_nudge,sms,delivered,Reminder: your next input redemption window is open. Visit your agrodealer this week.,2026-10-06T06:45:11+00:00
F102326,low,0.0001,sms_nudge,sms,delivered,Reminder: your next input redemption window is open. Visit your agrodealer this week.,2026-10-06T06:45:11+00:00
F102327,low,0.0346,sms_nudge,sms,delivered,Reminder: your next input redemption window is open. Visit your agrodealer this week.,2026-10-06T06:45:11+00:00
F102328,low,0.0006,sms_nudge,sms,delivered,Reminder: your next input redemption window is open. Visit your agrodealer this week.,2026-10-06T06:45:11+00:00
F102329,high,0.9738,supervisor_escalation,escalation,sent,High default risk (score=0.97) - weak repayment among peer group; long distance to nearest agrodealer,2026-10-06T06:45:11+00:00
F102330,low,0.002,sms_nudge,sms,delivered,Reminder: your next input redemption window is open. Visit your agrodealer this week.,2026-10-06T06:45:11+00:00
F102331,low,0.0337,sms_nudge,sms,failed,Reminder: your next input redemption window is open. Visit your agrodealer this week.,2026-10-06T06:45:11+00:00
F102332,low,0.002,sms_nudge,sms,delivered,Reminder: your next input redemption window is open. Visit your agrodealer this week.,2026-10-06T06:45:11+00:00
F102333,low,0.0007,sms_nudge,sms,delivered,Reminder: your next input redemption window is open. Visit your agrodealer this week.,2026-10-06T06:45:11+00:00
F102334,low,0.0087,sms_nudge,sms,delivered,Reminder: your next input redemption window is open. Visit your agrodealer this week.,2026-10-06T06:45:11+00:00
F102335,low,0.0021,sms_nudge,sms,delivered,Reminder: your next input redemption window is open. Visit your agrodealer this week.,2026-10-06T06:45:11+00:00
F102336,high,0.9375,supervisor_escalation,escalation,sent,High default risk (score=0.94) - low input redemption rate; low training attendance,2026-10-06T06:45:11+00:00
F102337,low,0.0002,sms_nudge,sms,delivered,Reminder: your next input redemption window is open. Visit your agrodealer this week.,2026-10-06T06:45:11+00:00
F102338,low,0.0118,sms_nudge,sms,delivered,Reminder: your next input redemption window is open. Visit your agrodealer this week.,2026-10-06T06:45:11+00:00
F102339,low,0.0067,sms_nudge,sms,delivered,Reminder: your next input redemption window is open. Visit your agrodealer this week.,2026-10-06T06:45:11+00:00
F102340,low,0.0063,sms_nudge,sms,delivered,Reminder: your next input redemption window is open. Visit your agrodealer this week.,2026-10-06T06:45:11+00:00
F102341,low,0.0004,sms_nudge,sms,delivered,Reminder: your next input redemption window is open. Visit your agrodealer this week.,2026-10-06T06:45:11+00:00
F102342,low,0.0002,sms_nudge,sms,failed,Reminder: your next input redemption window is open. Visit your agrodealer this week.,2026-10-06T06:45:11+00:00
F102343,low,0.0002,sms_nudge,sms,failed,Reminder: your next input redemption window is open. Visit your agrodealer this week.,2026-10-06T06:45:11+00:00
F102344,low,0.001,sms_nudge,sms,delivered,Reminder: your next input redemption window is open. Visit your agrodealer this week.,2026-10-06T06:45:11+00:00
F102345,low,0.0143,sms_nudge,sms,delivered,Reminder: your next input redemption window is open. Visit your agrodealer this week.,2026-10-06T06:45:11+00:00
F102346,low,0.0119,sms_nudge,sms,delivered,Reminder: your next input redemption window is open. Visit your agrodealer this week.,2026-10-06T06:45:11+00:00
F102347,low,0.0066,sms_nudge,sms,delivered,Reminder: your next input redemption window is open. Visit your agrodealer this week.,2026-10-06T06:45:11+00:00
F102348,low,0.0093,sms_nudge,sms,delivered,Reminder: your next input redemption window is open. Visit your agrodealer this week.,2026-10-06T06:45:11+00:00
F102349,low,0.0009,sms_nudge,sms,delivered,Reminder: your next input redemption window is open. Visit your agrodealer this week.,2026-10-06T06:45:11+00:00
F102350,low,0.0027,sms_nudge,sms,delivered,Reminder: your next input redemption window is open. Visit your agrodealer this week.,2026-10-06T06:45:11+00:00
F102351,low,0.0001,sms_nudge,sms,delivered,Reminder: your next input redemption window is open. Visit your agrodealer this week.,2026-10-06T06:45:11+00:00
F102352,high,0.9404,supervisor_escalation,escalation,sent,High default risk (score=0.94) - long gap since last farm visit; no active mobile money usage,2026-10-06T06:45:11+00:00
F102353,high,0.9164,supervisor_escalation,escalation,sent,High default risk (score=0.92) - no active mobile money usage; low training attendance,2026-10-06T06:45:11+00:00
F102354,low,0.0357,sms_nudge,sms,delivered,Reminder: your next input redemption window is open. Visit your agrodealer this week.,2026-10-06T06:45:11+00:00
F102355,low,0.0002,sms_nudge,sms,delivered,Reminder: your next input redemption window is open. Visit your agrodealer this week.,2026-10-06T06:45:11+00:00
F102356,high,0.9928,supervisor_escalation,escalation,sent,High default risk (score=0.99) - low training attendance; long gap since last farm visit,2026-10-06T06:45:11+00:00
F102357,high,0.9932,supervisor_escalation,escalation,sent,High default risk (score=0.99) - low input redemption rate; long gap since last farm visit,2026-10-06T06:45:11+00:00
F102358,low,0.0001,sms_nudge,sms,delivered,Reminder: your next input redemption window is open. Visit your agrodealer this week.,2026-10-06T06:45:11+00:00
F102359,low,0.0063,sms_nudge,sms,delivered,Reminder: your next input redemption window is open. Visit your agrodealer this week.,2026-10-06T06:45:11+00:00
F102360,low,0.0017,sms_nudge,sms,failed,Reminder: your next input redemption window is open. Visit your agrodealer this week.,2026-10-06T06:45:11+00:00
F102361,low,0.0003,sms_nudge,sms,delivered,Reminder: your next input redemption window is open. Visit your agrodealer this week.,2026-10-06T06:45:11+00:00
F102362,low,0.0047,sms_nudge,sms,delivered,Reminder: your next input redemption window is open. Visit your agrodealer this week.,2026-10-06T06:45:11+00:00
F102363,low,0.0235,sms_nudge,sms,delivered,Reminder: your next input redemption window is open. Visit your agrodealer this week.,2026-10-06T06:45:11+00:00
F102364,low,0.0004,sms_nudge,sms,delivered,Reminder: your next input redemption window is open. Visit your agrodealer this week.,2026-10-06T06:45:11+00:00
F102365,low,0.0033,sms_nudge,sms,delivered,Reminder: your next input redemption window is open. Visit your agrodealer this week.,2026-10-06T06:45:11+00:00
F102366,low,0.0059,sms_nudge,sms,delivered,Reminder: your next input redemption window is open. Visit your agrodealer this week.,2026-10-06T06:45:11+00:00
F102367,low,0.0005,sms_nudge,sms,delivered,Reminder: your next input redemption window is open. Visit your agrodealer this week.,2026-10-06T06:45:11+00:00
F102368,low,0.0006,sms_nudge,sms,delivered,Reminder: your next input redemption window is open. Visit your agrodealer this week.,2026-10-06T06:45:11+00:00
F102369,low,0.0023,sms_nudge,sms,delivered,Reminder: your next input redemption window is open. Visit your agrodealer this week.,2026-10-06T06:45:11+00:00
F102370,low,0.0008,sms_nudge,sms,delivered,Reminder: your next input redemption window is open. Visit your agrodealer this week.,2026-10-06T06:45:11+00:00
F102371,low,0.0016,sms_nudge,sms,delivered,Reminder: your next input redemption window is open. Visit your agrodealer this week.,2026-10-06T06:45:11+00:00
F102372,low,0.0015,sms_nudge,sms,delivered,Reminder: your next input redemption window is open. Visit your agrodealer this week.,2026-10-06T06:45:11+00:00
F102373,low,0.0985,sms_nudge,sms,delivered,Reminder: your next input redemption window is open. Visit your agrodealer this week.,2026-10-06T06:45:11+00:00
F102374,high,0.9097,supervisor_escalation,escalation,sent,High default risk (score=0.91) - no active mobile money usage; long gap since last farm visit,2026-10-06T06:45:11+00:00
F102375,low,0.0196,sms_nudge,sms,delivered,Reminder: your next input redemption window is open. Visit your agrodealer this week.,2026-10-06T06:45:11+00:00
F102376,low,0.0607,sms_nudge,sms,delivered,Reminder: your next input redemption window is open. Visit your agrodealer this week.,2026-10-06T06:45:11+00:00
F102377,low,0.0005,sms_nudge,sms,delivered,Reminder: your next input redemption window is open. Visit your agrodealer this week.,2026-10-06T06:45:11+00:00
F102378,low,0.0012,sms_nudge,sms,delivered,Reminder: your next input redemption window is open. Visit your agrodealer this week.,2026-10-06T06:45:11+00:00
F102379,low,0.0008,sms_nudge,sms,delivered,Reminder: your next input redemption window is open. Visit your agrodealer this week.,2026-10-06T06:45:11+00:00
F102380,low,0.0125,sms_nudge,sms,delivered,Reminder: your next input redemption window is open. Visit your agrodealer this week.,2026-10-06T06:45:11+00:00
F102381,low,0.0002,sms_nudge,sms,delivered,Reminder: your next input redemption window is open. Visit your agrodealer this week.,2026-10-06T06:45:11+00:00
F102382,low,0.0024,sms_nudge,sms,delivered,Reminder: your next input redemption window is open. Visit your agrodealer this week.,2026-10-06T06:45:11+00:00
F102383,low,0.0006,sms_nudge,sms,delivered,Reminder: your next input redemption window is open. Visit your agrodealer this week.,2026-10-06T06:45:11+00:00
F102384,low,0.1938,sms_nudge,sms,delivered,Reminder: your next input redemption window is open. Visit your agrodealer this week.,2026-10-06T06:45:11+00:00
F102385,low,0.0328,sms_nudge,sms,delivered,Reminder: your next input redemption window is open. Visit your agrodealer this week.,2026-10-06T06:45:11+00:00
F102386,high,0.9972,supervisor_escalation,escalation,sent,High default risk (score=1.00) - long distance to nearest agrodealer; low input redemption rate,2026-10-06T06:45:11+00:00
F102387,low,0.0042,sms_nudge,sms,delivered,Reminder: your next input redemption window is open. Visit your agrodealer this week.,2026-10-06T06:45:11+00:00
F102388,low,0.0264,sms_nudge,sms,failed,Reminder: your next input redemption window is open. Visit your agrodealer this week.,2026-10-06T06:45:11+00:00
F102389,low,0.0162,sms_nudge,sms,delivered,Reminder: your next input redemption window is open. Visit your agrodealer this week.,2026-10-06T06:45:11+00:00
F102390,low,0.0058,sms_nudge,sms,delivered,Reminder: your next input redemption window is open. Visit your agrodealer this week.,2026-10-06T06:45:11+00:00
F102391,high,0.9634,supervisor_escalation,escalation,sent,High default risk (score=0.96) - long gap since last farm visit; no active mobile money usage,2026-10-06T06:45:11+00:00
F102392,low,0.0013,sms_nudge,sms,delivered,Reminder: your next input redemption window is open. Visit your agrodealer this week.,2026-10-06T06:45:11+00:00
F102393,low,0.0013,sms_nudge,sms,delivered,Reminder: your next input redemption window is open. Visit your agrodealer this week.,2026-10-06T06:45:11+00:00
F102394,low,0.0147,sms_nudge,sms,delivered,Reminder: your next input redemption window is open. Visit your agrodealer this week.,2026-10-06T06:45:11+00:00
F102395,low,0.0008,sms_nudge,sms,failed,Reminder: your next input redemption window is open. Visit your agrodealer this week.,2026-10-06T06:45:11+00:00
F102396,low,0.0016,sms_nudge,sms,delivered,Reminder: your next input redemption window is open. Visit your agrodealer this week.,2026-10-06T06:45:11+00:00
F102397,high,0.9906,supervisor_escalation,escalation,sent,High default risk (score=0.99) - long gap since last farm visit; weak repayment among peer group,2026-10-06T06:45:11+00:00
F102398,low,0.0011,sms_nudge,sms,delivered,Reminder: your next input redemption window is open. Visit your agrodealer this week.,2026-10-06T06:45:11+00:00
F102399,low,0.0003,sms_nudge,sms,delivered,Reminder: your next input redemption window is open. Visit your agrodealer this week.,2026-10-06T06:45:11+00:00
F102400,low,0.0068,sms_nudge,sms,delivered,Reminder: your next input redemption window is open. Visit your agrodealer this week.,2026-10-06T06:45:11+00:00
F102401,low,0.0017,sms_nudge,sms,delivered,Reminder: your next input redemption window is open. Visit your agrodealer this week.,2026-10-06T06:45:11+00:00
F102402,low,0.0076,sms_nudge,sms,delivered,Reminder: your next input redemption window is open. Visit your agrodealer this week.,2026-10-06T06:45:11+00:00
F102403,low,0.0006,sms_nudge,sms,delivered,Reminder: your next input redemption window is open. Visit your agrodealer this week.,2026-10-06T06:45:11+00:00
F102404,low,0.0215,sms_nudge,sms,delivered,Reminder: your next input redemption window is open. Visit your agrodealer this week.,2026-10-06T06:45:11+00:00
F102405,low,0.0009,sms_nudge,sms,delivered,Reminder: your next input redemption window is open. Visit your agrodealer this week.,2026-10-06T06:45:11+00:00
F102406,high,0.9868,supervisor_escalation,escalation,sent,High default risk (score=0.99) - long gap since last farm visit; low input redemption rate,2026-10-06T06:45:11+00:00
F102407,low,0.0069,sms_nudge,sms,delivered,Reminder: your next input redemption window is open. Visit your agrodealer this week.,2026-10-06T06:45:11+00:00
F102408,high,0.9748,supervisor_escalation,escalation,sent,High default risk (score=0.97) - weak repayment among peer group; long gap since last farm visit,2026-10-06T06:45:11+00:00
F102409,low,0.1046,sms_nudge,sms,delivered,Reminder: your next input redemption window is open. Visit your agrodealer this week.,2026-10-06T06:45:11+00:00
F102410,low,0.0075,sms_nudge,sms,delivered,Reminder: your next input redemption window is open. Visit your agrodealer this week.,2026-10-06T06:45:11+00:00
F102411,high,0.9995,supervisor_escalation,escalation,sent,High default risk (score=1.00) - low input redemption rate; long gap since last farm visit,2026-10-06T06:45:11+00:00
F102412,low,0.0517,sms_nudge,sms,delivered,Reminder: your next input redemption window is open. Visit your agrodealer this week.,2026-10-06T06:45:11+00:00
F102413,high,0.9995,supervisor_escalation,escalation,sent,High default risk (score=1.00) - low input redemption rate; weak repayment among peer group,2026-10-06T06:45:11+00:00
F102414,low,0.0033,sms_nudge,sms,delivered,Reminder: your next input redemption window is open. Visit your agrodealer this week.,2026-10-06T06:45:11+00:00
F102415,low,0.0445,sms_nudge,sms,delivered,Reminder: your next input redemption window is open. Visit your agrodealer this week.,2026-10-06T06:45:11+00:00
F102416,low,0.0001,sms_nudge,sms,delivered,Reminder: your next input redemption window is open. Visit your agrodealer this week.,2026-10-06T06:45:11+00:00
F102417,low,0.0438,sms_nudge,sms,delivered,Reminder: your next input redemption window is open. Visit your agrodealer this week.,2026-10-06T06:45:11+00:00
F102418,high,0.9611,supervisor_escalation,escalation,sent,High default risk (score=0.96) - weak repayment among peer group; long distance to nearest agrodealer,2026-10-06T06:45:11+00:00
F102419,low,0.0043,sms_nudge,sms,delivered,Reminder: your next input redemption window is open. Visit your agrodealer this week.,2026-10-06T06:45:11+00:00
F102420,medium,0.5615,field_agent_task,crm_task,created,Field visit follow-up (medium),2026-10-06T06:45:11+00:00
F102421,high,0.9528,supervisor_escalation,escalation,sent,High default risk (score=0.95) - low training attendance; long distance to nearest agrodealer,2026-10-06T06:45:11+00:00
F102422,low,0.0809,sms_nudge,sms,delivered,Reminder: your next input redemption window is open. Visit your agrodealer this week.,2026-10-06T06:45:11+00:00
F102423,high,0.9818,supervisor_escalation,escalation,sent,High default risk (score=0.98) - long gap since last farm visit; below-average prior yield,2026-10-06T06:45:11+00:00
F102424,low,0.0005,sms_nudge,sms,delivered,Reminder: your next input redemption window is open. Visit your agrodealer this week.,2026-10-06T06:45:11+00:00
F102425,low,0.29,sms_nudge,sms,delivered,Reminder: your next input redemption window is open. Visit your agrodealer this week.,2026-10-06T06:45:11+00:00
F102426,low,0.0136,sms_nudge,sms,failed,Reminder: your next input redemption window is open. Visit your agrodealer this week.,2026-10-06T06:45:11+00:00
F102427,low,0.0234,sms_nudge,sms,delivered,Reminder: your next input redemption window is open. Visit your agrodealer this week.,2026-10-06T06:45:11+00:00
F102428,low,0.0005,sms_nudge,sms,delivered,Reminder: your next input redemption window is open. Visit your agrodealer this week.,2026-10-06T06:45:11+00:00
F102429,high,0.9999,supervisor_escalation,escalation,sent,High default risk (score=1.00) - low input redemption rate; long gap since last farm visit,2026-10-06T06:45:11+00:00
F102430,low,0.0118,sms_nudge,sms,failed,Reminder: your next input redemption window is open. Visit your agrodealer this week.,2026-10-06T06:45:11+00:00
F102431,low,0.0077,sms_nudge,sms,delivered,Reminder: your next input redemption window is open. Visit your agrodealer this week.,2026-10-06T06:45:11+00:00
F102432,low,0.0009,sms_nudge,sms,delivered,Reminder: your next input redemption window is open. Visit your agrodealer this week.,2026-10-06T06:45:11+00:00
F102433,low,0.031,sms_nudge,sms,delivered,Reminder: your next input redemption window is open. Visit your agrodealer this week.,2026-10-06T06:45:11+00:00
F102434,low,0.0001,sms_nudge,sms,delivered,Reminder: your next input redemption window is open. Visit your agrodealer this week.,2026-10-06T06:45:11+00:00
F102435,high,0.9655,supervisor_escalation,escalation,sent,High default risk (score=0.97) - low training attendance; low input redemption rate,2026-10-06T06:45:11+00:00
F102436,low,0.0035,sms_nudge,sms,delivered,Reminder: your next input redemption window is open. Visit your agrodealer this week.,2026-10-06T06:45:11+00:00
F102437,high,0.9996,supervisor_escalation,escalation,sent,High default risk (score=1.00) - low input redemption rate; long gap since last farm visit,2026-10-06T06:45:11+00:00
F102438,high,0.9935,supervisor_escalation,escalation,sent,High default risk (score=0.99) - low input redemption rate; long gap since last farm visit,2026-10-06T06:45:11+00:00
F102439,low,0.0067,sms_nudge,sms,delivered,Reminder: your next input redemption window is open. Visit your agrodealer this week.,2026-10-06T06:45:11+00:00
F102440,low,0.0393,sms_nudge,sms,delivered,Reminder: your next input redemption window is open. Visit your agrodealer this week.,2026-10-06T06:45:11+00:00
F102441,high,0.9694,supervisor_escalation,escalation,sent,High default risk (score=0.97) - long gap since last farm visit; no active mobile money usage,2026-10-06T06:45:11+00:00
F102442,low,0.0088,sms_nudge,sms,delivered,Reminder: your next input redemption window is open. Visit your agrodealer this week.,2026-10-06T06:45:11+00:00
F102443,high,0.9671,supervisor_escalation,escalation,sent,High default risk (score=0.97) - low input redemption rate; below-average prior yield,2026-10-06T06:45:11+00:00
F102444,low,0.0001,sms_nudge,sms,delivered,Reminder: your next input redemption window is open. Visit your agrodealer this week.,2026-10-06T06:45:11+00:00
F102445,high,1.0,supervisor_escalation,escalation,sent,High default risk (score=1.00) - long gap since last farm visit; weak repayment among peer group,2026-10-06T06:45:11+00:00
F102446,low,0.0013,sms_nudge,sms,delivered,Reminder: your next input redemption window is open. Visit your agrodealer this week.,2026-10-06T06:45:11+00:00
F102447,high,0.9985,supervisor_escalation,escalation,sent,High default risk (score=1.00) - long gap since last farm visit; low training attendance,2026-10-06T06:45:11+00:00
F102448,low,0.0346,sms_nudge,sms,delivered,Reminder: your next input redemption window is open. Visit your agrodealer this week.,2026-10-06T06:45:11+00:00
F102449,low,0.0192,sms_nudge,sms,delivered,Reminder: your next input redemption window is open. Visit your agrodealer this week.,2026-10-06T06:45:11+00:00
F102450,low,0.0812,sms_nudge,sms,delivered,Reminder: your next input redemption window is open. Visit your agrodealer this week.,2026-10-06T06:45:11+00:00
F102451,high,0.9064,supervisor_escalation,escalation,sent,High default risk (score=0.91) - long gap since last farm visit; below-average prior yield,2026-10-06T06:45:11+00:00
F102452,low,0.0753,sms_nudge,sms,delivered,Reminder: your next input redemption window is open. Visit your agrodealer this week.,2026-10-06T06:45:11+00:00
F102453,medium,0.5232,field_agent_task,crm_task,created,Field visit follow-up (medium),2026-10-06T06:45:11+00:00
F102454,low,0.0067,sms_nudge,sms,delivered,Reminder: your next input redemption window is open. Visit your agrodealer this week.,2026-10-06T06:45:11+00:00
F102455,low,0.0022,sms_nudge,sms,delivered,Reminder: your next input redemption window is open. Visit your agrodealer this week.,2026-10-06T06:45:11+00:00
F102456,low,0.0001,sms_nudge,sms,delivered,Reminder: your next input redemption window is open. Visit your agrodealer this week.,2026-10-06T06:45:11+00:00
F102457,low,0.0161,sms_nudge,sms,delivered,Reminder: your next input redemption window is open. Visit your agrodealer this week.,2026-10-06T06:45:11+00:00
F102458,low,0.0319,sms_nudge,sms,delivered,Reminder: your next input redemption window is open. Visit your agrodealer this week.,2026-10-06T06:45:11+00:00
F102459,low,0.0378,sms_nudge,sms,delivered,Reminder: your next input redemption window is open. Visit your agrodealer this week.,2026-10-06T06:45:11+00:00
F102460,low,0.0007,sms_nudge,sms,delivered,Reminder: your next input redemption window is open. Visit your agrodealer this week.,2026-10-06T06:45:11+00:00
F102461,low,0.0051,sms_nudge,sms,delivered,Reminder: your next input redemption window is open. Visit your agrodealer this week.,2026-10-06T06:45:11+00:00
F102462,low,0.0015,sms_nudge,sms,delivered,Reminder: your next input redemption window is open. Visit your agrodealer this week.,2026-10-06T06:45:11+00:00
F102463,low,0.0019,sms_nudge,sms,delivered,Reminder: your next input redemption window is open. Visit your agrodealer this week.,2026-10-06T06:45:11+00:00
F102464,high,0.9672,supervisor_escalation,escalation,sent,High default risk (score=0.97) - low input redemption rate; low training attendance,2026-10-06T06:45:11+00:00
F102465,low,0.0038,sms_nudge,sms,delivered,Reminder: your next input redemption window is open. Visit your agrodealer this week.,2026-10-06T06:45:11+00:00
F102466,low,0.0004,sms_nudge,sms,delivered,Reminder: your next input redemption window is open. Visit your agrodealer this week.,2026-10-06T06:45:11+00:00
F102467,low,0.0007,sms_nudge,sms,delivered,Reminder: your next input redemption window is open. Visit your agrodealer this week.,2026-10-06T06:45:11+00:00
F102468,low,0.0047,sms_nudge,sms,delivered,Reminder: your next input redemption window is open. Visit your agrodealer this week.,2026-10-06T06:45:11+00:00
F102469,low,0.0046,sms_nudge,sms,delivered,Reminder: your next input redemption window is open. Visit your agrodealer this week.,2026-10-06T06:45:11+00:00
F102470,low,0.0075,sms_nudge,sms,delivered,Reminder: your next input redemption window is open. Visit your agrodealer this week.,2026-10-06T06:45:11+00:00
F102471,high,0.9999,supervisor_escalation,escalation,sent,High default risk (score=1.00) - low input redemption rate; weak repayment among peer group,2026-10-06T06:45:11+00:00
F102472,low,0.0027,sms_nudge,sms,delivered,Reminder: your next input redemption window is open. Visit your agrodealer this week.,2026-10-06T06:45:11+00:00
F102473,low,0.0468,sms_nudge,sms,delivered,Reminder: your next input redemption window is open. Visit your agrodealer this week.,2026-10-06T06:45:11+00:00
F102474,low,0.0617,sms_nudge,sms,delivered,Reminder: your next input redemption window is open. Visit your agrodealer this week.,2026-10-06T06:45:11+00:00
F102475,low,0.0062,sms_nudge,sms,delivered,Reminder: your next input redemption window is open. Visit your agrodealer this week.,2026-10-06T06:45:11+00:00
F102476,high,0.9495,supervisor_escalation,escalation,sent,High default risk (score=0.95) - weak repayment among peer group; below-average prior yield,2026-10-06T06:45:11+00:00
F102477,low,0.0001,sms_nudge,sms,delivered,Reminder: your next input redemption window is open. Visit your agrodealer this week.,2026-10-06T06:45:11+00:00
F102478,low,0.0001,sms_nudge,sms,delivered,Reminder: your next input redemption window is open. Visit your agrodealer this week.,2026-10-06T06:45:11+00:00
F102479,low,0.0172,sms_nudge,sms,delivered,Reminder: your next input redemption window is open. Visit your agrodealer this week.,2026-10-06T06:45:11+00:00
F102480,low,0.042,sms_nudge,sms,delivered,Reminder: your next input redemption window is open. Visit your agrodealer this week.,2026-10-06T06:45:11+00:00
F102481,high,0.9861,supervisor_escalation,escalation,sent,High default risk (score=0.99) - low input redemption rate; no active mobile money usage,2026-10-06T06:45:11+00:00
F102482,high,0.8994,supervisor_escalation,escalation,sent,High default risk (score=0.90) - low input redemption rate; no active mobile money usage,2026-10-06T06:45:11+00:00
F102483,medium,0.3133,field_agent_task,crm_task,created,Field visit follow-up (medium),2026-10-06T06:45:11+00:00
F102484,low,0.0138,sms_nudge,sms,delivered,Reminder: your next input redemption window is open. Visit your agrodealer this week.,2026-10-06T06:45:11+00:00
F102485,low,0.0053,sms_nudge,sms,delivered,Reminder: your next input redemption window is open. Visit your agrodealer this week.,2026-10-06T06:45:11+00:00
F102486,low,0.0009,sms_nudge,sms,delivered,Reminder: your next input redemption window is open. Visit your agrodealer this week.,2026-10-06T06:45:11+00:00
F102487,high,0.998,supervisor_escalation,escalation,sent,High default risk (score=1.00) - long gap since last farm visit; low input redemption rate,2026-10-06T06:45:11+00:00
F102488,low,0.003,sms_nudge,sms,delivered,Reminder: your next input redemption window is open. Visit your agrodealer this week.,2026-10-06T06:45:11+00:00
F102489,high,0.9997,supervisor_escalation,escalation,sent,High default risk (score=1.00) - low input redemption rate; weak repayment among peer group,2026-10-06T06:45:11+00:00
F102490,low,0.0001,sms_nudge,sms,delivered,Reminder: your next input redemption window is open. Visit your agrodealer this week.,2026-10-06T06:45:11+00:00
F102491,low,0.0012,sms_nudge,sms,delivered,Reminder: your next input redemption window is open. Visit your agrodealer this week.,2026-10-06T06:45:11+00:00
F102492,low,0.0001,sms_nudge,sms,delivered,Reminder: your next input redemption window is open. Visit your agrodealer this week.,2026-10-06T06:45:11+00:00
F102493,low,0.0098,sms_nudge,sms,delivered,Reminder: your next input redemption window is open. Visit your agrodealer this week.,2026-10-06T06:45:11+00:00
F102494,high,0.9725,supervisor_escalation,escalation,sent,High default risk (score=0.97) - low input redemption rate; long gap since last farm visit,2026-10-06T06:45:11+00:00
F102495,high,0.9833,supervisor_escalation,escalation,sent,High default risk (score=0.98) - low input redemption rate; low training attendance,2026-10-06T06:45:11+00:00
F102496,high,0.973,supervisor_escalation,escalation,sent,High default risk (score=0.97) - low input redemption rate; below-average prior yield,2026-10-06T06:45:11+00:00
F102497,low,0.0015,sms_nudge,sms,delivered,Reminder: your next input redemption window is open. Visit your agrodealer this week.,2026-10-06T06:45:11+00:00
F102498,low,0.0226,sms_nudge,sms,delivered,Reminder: your next input redemption window is open. Visit your agrodealer this week.,2026-10-06T06:45:11+00:00
F102499,low,0.0003,sms_nudge,sms,delivered,Reminder: your next input redemption window is open. Visit your agrodealer this week.,2026-10-06T06:45:11+00:00
F102500,low,0.0045,sms_nudge,sms,delivered,Reminder: your next input redemption window is open. Visit your agrodealer this week.,2026-10-06T06:45:11+00:00
F102501,low,0.0006,sms_nudge,sms,delivered,Reminder: your next input redemption window is open. Visit your agrodealer this week.,2026-10-06T06:45:11+00:00
F102502,low,0.0029,sms_nudge,sms,delivered,Reminder: your next input redemption window is open. Visit your agrodealer this week.,2026-10-06T06:45:11+00:00
F102503,high,0.9967,supervisor_escalation,escalation,sent,High default risk (score=1.00) - long distance to nearest agrodealer; below-average prior yield,2026-10-06T06:45:11+00:00
F102504,low,0.0021,sms_nudge,sms,delivered,Reminder: your next input redemption window is open. Visit your agrodealer this week.,2026-10-06T06:45:11+00:00
F102505,low,0.0162,sms_nudge,sms,delivered,Reminder: your next input redemption window is open. Visit your agrodealer this week.,2026-10-06T06:45:11+00:00
F102506,low,0.0112,sms_nudge,sms,failed,Reminder: your next input redemption window is open. Visit your agrodealer this week.,2026-10-06T06:45:11+00:00
F102507,low,0.0078,sms_nudge,sms,delivered,Reminder: your next input redemption window is open. Visit your agrodealer this week.,2026-10-06T06:45:11+00:00
F102508,low,0.0116,sms_nudge,sms,delivered,Reminder: your next input redemption window is open. Visit your agrodealer this week.,2026-10-06T06:45:11+00:00
F102509,low,0.0082,sms_nudge,sms,delivered,Reminder: your next input redemption window is open. Visit your agrodealer this week.,2026-10-06T06:45:11+00:00
F102510,high,0.9831,supervisor_escalation,escalation,sent,High default risk (score=0.98) - long gap since last farm visit; low input redemption rate,2026-10-06T06:45:11+00:00
F102511,low,0.061,sms_nudge,sms,failed,Reminder: your next input redemption window is open. Visit your agrodealer this week.,2026-10-06T06:45:11+00:00
F102512,low,0.0007,sms_nudge,sms,delivered,Reminder: your next input redemption window is open. Visit your agrodealer this week.,2026-10-06T06:45:11+00:00
F102513,low,0.0049,sms_nudge,sms,delivered,Reminder: your next input redemption window is open. Visit your agrodealer this week.,2026-10-06T06:45:11+00:00
F102514,low,0.0318,sms_nudge,sms,delivered,Reminder: your next input redemption window is open. Visit your agrodealer this week.,2026-10-06T06:45:11+00:00
F102515,low,0.0048,sms_nudge,sms,delivered,Reminder: your next input redemption window is open. Visit your agrodealer this week.,2026-10-06T06:45:11+00:00
F102516,low,0.0011,sms_nudge,sms,delivered,Reminder: your next input redemption window is open. Visit your agrodealer this week.,2026-10-06T06:45:11+00:00
F102517,high,0.9517,supervisor_escalation,escalation,sent,High default risk (score=0.95) - long gap since last farm visit; low training attendance,2026-10-06T06:45:11+00:00
F102518,high,0.9628,supervisor_escalation,escalation,sent,High default risk (score=0.96) - low training attendance; weak repayment among peer group,2026-10-06T06:45:11+00:00
F102519,high,0.973,supervisor_escalation,escalation,sent,High default risk (score=0.97) - below-average prior yield; low input redemption rate,2026-10-06T06:45:11+00:00
F102520,low,0.036,sms_nudge,sms,delivered,Reminder: your next input redemption window is open. Visit your agrodealer this week.,2026-10-06T06:45:11+00:00
F102521,low,0.008,sms_nudge,sms,delivered,Reminder: your next input redemption window is open. Visit your agrodealer this week.,2026-10-06T06:45:11+00:00
F102522,high,0.7997,supervisor_escalation,escalation,sent,High default risk (score=0.80) - low training attendance; no active mobile money usage,2026-10-06T06:45:11+00:00
F102523,low,0.0072,sms_nudge,sms,delivered,Reminder: your next input redemption window is open. Visit your agrodealer this week.,2026-10-06T06:45:11+00:00
F102524,medium,0.4713,field_agent_task,crm_task,created,Field visit follow-up (medium),2026-10-06T06:45:11+00:00
F102525,high,0.9485,supervisor_escalation,escalation,sent,High default risk (score=0.95) - below-average prior yield; long distance to nearest agrodealer,2026-10-06T06:45:11+00:00
F102526,low,0.0003,sms_nudge,sms,delivered,Reminder: your next input redemption window is open. Visit your agrodealer this week.,2026-10-06T06:45:11+00:00
F102527,medium,0.3809,field_agent_task,crm_task,created,Field visit follow-up (medium),2026-10-06T06:45:11+00:00
F102528,high,0.9223,supervisor_escalation,escalation,sent,High default risk (score=0.92) - long gap since last farm visit; below-average prior yield,2026-10-06T06:45:11+00:00
F102529,low,0.0385,sms_nudge,sms,delivered,Reminder: your next input redemption window is open. Visit your agrodealer this week.,2026-10-06T06:45:11+00:00
F102530,medium,0.4574,field_agent_task,crm_task,created,Field visit follow-up (medium),2026-10-06T06:45:11+00:00
F102531,low,0.0214,sms_nudge,sms,delivered,Reminder: your next input redemption window is open. Visit your agrodealer this week.,2026-10-06T06:45:11+00:00
F102532,low,0.2242,sms_nudge,sms,delivered,Reminder: your next input redemption window is open. Visit your agrodealer this week.,2026-10-06T06:45:11+00:00
F102533,low,0.0162,sms_nudge,sms,delivered,Reminder: your next input redemption window is open. Visit your agrodealer this week.,2026-10-06T06:45:11+00:00
F102534,low,0.0008,sms_nudge,sms,delivered,Reminder: your next input redemption window is open. Visit your agrodealer this week.,2026-10-06T06:45:11+00:00
F102535,high,0.9909,supervisor_escalation,escalation,sent,High default risk (score=0.99) - long gap since last farm visit; low training attendance,2026-10-06T06:45:11+00:00
F102536,low,0.003,sms_nudge,sms,delivered,Reminder: your next input redemption window is open. Visit your agrodealer this week.,2026-10-06T06:45:11+00:00
F102537,low,0.0382,sms_nudge,sms,delivered,Reminder: your next input redemption window is open. Visit your agrodealer this week.,2026-10-06T06:45:11+00:00
F102538,high,0.8987,supervisor_escalation,escalation,sent,High default risk (score=0.90) - low training attendance; long gap since last farm visit,2026-10-06T06:45:11+00:00
F102539,low,0.0052,sms_nudge,sms,delivered,Reminder: your next input redemption window is open. Visit your agrodealer this week.,2026-10-06T06:45:11+00:00
F102540,low,0.0174,sms_nudge,sms,delivered,Reminder: your next input redemption window is open. Visit your agrodealer this week.,2026-10-06T06:45:11+00:00
F102541,high,0.9996,supervisor_escalation,escalation,sent,High default risk (score=1.00) - low training attendance; weak repayment among peer group,2026-10-06T06:45:11+00:00
F102542,low,0.0709,sms_nudge,sms,delivered,Reminder: your next input redemption window is open. Visit your agrodealer this week.,2026-10-06T06:45:11+00:00
F102543,high,0.9886,supervisor_escalation,escalation,sent,High default risk (score=0.99) - long gap since last farm visit; low input redemption rate,2026-10-06T06:45:11+00:00
F102544,low,0.0035,sms_nudge,sms,delivered,Reminder: your next input redemption window is open. Visit your agrodealer this week.,2026-10-06T06:45:11+00:00
F102545,high,0.9678,supervisor_escalation,escalation,sent,High default risk (score=0.97) - long gap since last farm visit; no active mobile money usage,2026-10-06T06:45:11+00:00
F102546,low,0.0104,sms_nudge,sms,delivered,Reminder: your next input redemption window is open. Visit your agrodealer this week.,2026-10-06T06:45:11+00:00
F102547,low,0.0164,sms_nudge,sms,delivered,Reminder: your next input redemption window is open. Visit your agrodealer this week.,2026-10-06T06:45:11+00:00
F102548,low,0.0004,sms_nudge,sms,delivered,Reminder: your next input redemption window is open. Visit your agrodealer this week.,2026-10-06T06:45:11+00:00
F102549,low,0.0085,sms_nudge,sms,delivered,Reminder: your next input redemption window is open. Visit your agrodealer this week.,2026-10-06T06:45:11+00:00
F102550,low,0.0188,sms_nudge,sms,delivered,Reminder: your next input redemption window is open. Visit your agrodealer this week.,2026-10-06T06:45:11+00:00
F102551,low,0.0221,sms_nudge,sms,delivered,Reminder: your next input redemption window is open. Visit your agrodealer this week.,2026-10-06T06:45:11+00:00
F102552,low,0.0006,sms_nudge,sms,delivered,Reminder: your next input redemption window is open. Visit your agrodealer this week.,2026-10-06T06:45:11+00:00
F102553,high,0.9971,supervisor_escalation,escalation,sent,High default risk (score=1.00) - long gap since last farm visit; low input redemption rate,2026-10-06T06:45:11+00:00
F102554,high,0.9197,supervisor_escalation,escalation,sent,High default risk (score=0.92) - low training attendance; no active mobile money usage,2026-10-06T06:45:11+00:00
F102555,low,0.0007,sms_nudge,sms,delivered,Reminder: your next input redemption window is open. Visit your agrodealer this week.,2026-10-06T06:45:11+00:00
F102556,low,0.0001,sms_nudge,sms,delivered,Reminder: your next input redemption window is open. Visit your agrodealer this week.,2026-10-06T06:45:11+00:00
F102557,low,0.0002,sms_nudge,sms,delivered,Reminder: your next input redemption window is open. Visit your agrodealer this week.,2026-10-06T06:45:11+00:00
F102558,low,0.0242,sms_nudge,sms,delivered,Reminder: your next input redemption window is open. Visit your agrodealer this week.,2026-10-06T06:45:11+00:00
F102559,high,0.9998,supervisor_escalation,escalation,sent,High default risk (score=1.00) - long gap since last farm visit; low input redemption rate,2026-10-06T06:45:11+00:00
F102560,low,0.0025,sms_nudge,sms,delivered,Reminder: your next input redemption window is open. Visit your agrodealer this week.,2026-10-06T06:45:11+00:00
F102561,low,0.0002,sms_nudge,sms,delivered,Reminder: your next input redemption window is open. Visit your agrodealer this week.,2026-10-06T06:45:11+00:00
F102562,low,0.0056,sms_nudge,sms,failed,Reminder: your next input redemption window is open. Visit your agrodealer this week.,2026-10-06T06:45:11+00:00
F102563,low,0.1248,sms_nudge,sms,delivered,Reminder: your next input redemption window is open. Visit your agrodealer this week.,2026-10-06T06:45:11+00:00
F102564,low,0.0001,sms_nudge,sms,delivered,Reminder: your next input redemption window is open. Visit your agrodealer this week.,2026-10-06T06:45:11+00:00
F102565,low,0.0008,sms_nudge,sms,delivered,Reminder: your next input redemption window is open. Visit your agrodealer this week.,2026-10-06T06:45:11+00:00
F102566,medium,0.5948,field_agent_task,crm_task,created,Field visit follow-up (medium),2026-10-06T06:45:11+00:00
F102567,low,0.0021,sms_nudge,sms,delivered,Reminder: your next input redemption window is open. Visit your agrodealer this week.,2026-10-06T06:45:11+00:00
F102568,low,0.0002,sms_nudge,sms,delivered,Reminder: your next input redemption window is open. Visit your agrodealer this week.,2026-10-06T06:45:11+00:00
F102569,low,0.0063,sms_nudge,sms,delivered,Reminder: your next input redemption window is open. Visit your agrodealer this week.,2026-10-06T06:45:11+00:00
F102570,low,0.0144,sms_nudge,sms,delivered,Reminder: your next input redemption window is open. Visit your agrodealer this week.,2026-10-06T06:45:11+00:00
F102571,low,0.0092,sms_nudge,sms,delivered,Reminder: your next input redemption window is open. Visit your agrodealer this week.,2026-10-06T06:45:11+00:00
F102572,low,0.0031,sms_nudge,sms,delivered,Reminder: your next input redemption window is open. Visit your agrodealer this week.,2026-10-06T06:45:11+00:00
F102573,low,0.018,sms_nudge,sms,delivered,Reminder: your next input redemption window is open. Visit your agrodealer this week.,2026-10-06T06:45:11+00:00
F102574,high,0.9091,supervisor_escalation,escalation,sent,High default risk (score=0.91) - long gap since last farm visit; still early in program tenure,2026-10-06T06:45:11+00:00
F102575,low,0.0005,sms_nudge,sms,failed,Reminder: your next input redemption window is open. Visit your agrodealer this week.,2026-10-06T06:45:11+00:00
F102576,high,0.8448,supervisor_escalation,escalation,sent,High default risk (score=0.84) - low input redemption rate; long gap since last farm visit,2026-10-06T06:45:11+00:00
F102577,low,0.0023,sms_nudge,sms,delivered,Reminder: your next input redemption window is open. Visit your agrodealer this week.,2026-10-06T06:45:11+00:00
F102578,low,0.0054,sms_nudge,sms,delivered,Reminder: your next input redemption window is open. Visit your agrodealer this week.,2026-10-06T06:45:11+00:00
F102579,low,0.0005,sms_nudge,sms,delivered,Reminder: your next input redemption window is open. Visit your agrodealer this week.,2026-10-06T06:45:11+00:00
F102580,low,0.0011,sms_nudge,sms,delivered,Reminder: your next input redemption window is open. Visit your agrodealer this week.,2026-10-06T06:45:11+00:00
F102581,low,0.0427,sms_nudge,sms,delivered,Reminder: your next input redemption window is open. Visit your agrodealer this week.,2026-10-06T06:45:11+00:00
F102582,high,0.9586,supervisor_escalation,escalation,sent,High default risk (score=0.96) - below-average prior yield; low training attendance,2026-10-06T06:45:11+00:00
F102583,low,0.0086,sms_nudge,sms,delivered,Reminder: your next input redemption window is open. Visit your agrodealer this week.,2026-10-06T06:45:11+00:00
F102584,low,0.0004,sms_nudge,sms,delivered,Reminder: your next input redemption window is open. Visit your agrodealer this week.,2026-10-06T06:45:11+00:00
F102585,low,0.0064,sms_nudge,sms,delivered,Reminder: your next input redemption window is open. Visit your agrodealer this week.,2026-10-06T06:45:11+00:00
F102586,high,0.9576,supervisor_escalation,escalation,sent,High default risk (score=0.96) - long gap since last farm visit; low training attendance,2026-10-06T06:45:11+00:00
F102587,low,0.0132,sms_nudge,sms,delivered,Reminder: your next input redemption window is open. Visit your agrodealer this week.,2026-10-06T06:45:11+00:00
F102588,low,0.0516,sms_nudge,sms,delivered,Reminder: your next input redemption window is open. Visit your agrodealer this week.,2026-10-06T06:45:11+00:00
F102589,low,0.058,sms_nudge,sms,delivered,Reminder: your next input redemption window is open. Visit your agrodealer this week.,2026-10-06T06:45:11+00:00
F102590,low,0.0173,sms_nudge,sms,delivered,Reminder: your next input redemption window is open. Visit your agrodealer this week.,2026-10-06T06:45:11+00:00
F102591,high,0.9951,supervisor_escalation,escalation,sent,High default risk (score=1.00) - long gap since last farm visit; below-average prior yield,2026-10-06T06:45:11+00:00
F102592,low,0.0001,sms_nudge,sms,delivered,Reminder: your next input redemption window is open. Visit your agrodealer this week.,2026-10-06T06:45:11+00:00
F102593,low,0.002,sms_nudge,sms,delivered,Reminder: your next input redemption window is open. Visit your agrodealer this week.,2026-10-06T06:45:11+00:00
F102594,low,0.0005,sms_nudge,sms,delivered,Reminder: your next input redemption window is open. Visit your agrodealer this week.,2026-10-06T06:45:11+00:00
F102595,high,0.9996,supervisor_escalation,escalation,sent,High default risk (score=1.00) - long gap since last farm visit; below-average prior yield,2026-10-06T06:45:11+00:00
F102596,low,0.0006,sms_nudge,sms,delivered,Reminder: your next input redemption window is open. Visit your agrodealer this week.,2026-10-06T06:45:11+00:00
F102597,low,0.0004,sms_nudge,sms,delivered,Reminder: your next input redemption window is open. Visit your agrodealer this week.,2026-10-06T06:45:11+00:00
F102598,low,0.0173,sms_nudge,sms,delivered,Reminder: your next input redemption window is open. Visit your agrodealer this week.,2026-10-06T06:45:11+00:00
F102599,low,0.0017,sms_nudge,sms,failed,Reminder: your next input redemption window is open. Visit your agrodealer this week.,2026-10-06T06:45:11+00:00
F102600,low,0.0005,sms_nudge,sms,delivered,Reminder: your next input redemption window is open. Visit your agrodealer this week.,2026-10-06T06:45:11+00:00
F102601,low,0.0002,sms_nudge,sms,delivered,Reminder: your next input redemption window is open. Visit your agrodealer this week.,2026-10-06T06:45:11+00:00
F102602,low,0.0004,sms_nudge,sms,delivered,Reminder: your next input redemption window is open. Visit your agrodealer this week.,2026-10-06T06:45:11+00:00
F102603,low,0.0002,sms_nudge,sms,delivered,Reminder: your next input redemption window is open. Visit your agrodealer this week.,2026-10-06T06:45:11+00:00
F102604,low,0.0007,sms_nudge,sms,delivered,Reminder: your next input redemption window is open. Visit your agrodealer this week.,2026-10-06T06:45:11+00:00
F102605,low,0.0402,sms_nudge,sms,delivered,Reminder: your next input redemption window is open. Visit your agrodealer this week.,2026-10-06T06:45:11+00:00
F102606,low,0.0002,sms_nudge,sms,failed,Reminder: your next input redemption window is open. Visit your agrodealer this week.,2026-10-06T06:45:11+00:00
F102607,low,0.0694,sms_nudge,sms,delivered,Reminder: your next input redemption window is open. Visit your agrodealer this week.,2026-10-06T06:45:11+00:00
F102608,medium,0.5585,field_agent_task,crm_task,created,Field visit follow-up (medium),2026-10-06T06:45:11+00:00
F102609,high,1.0,supervisor_escalation,escalation,sent,High default risk (score=1.00) - long gap since last farm visit; weak repayment among peer group,2026-10-06T06:45:11+00:00
F102610,high,0.9412,supervisor_escalation,escalation,sent,High default risk (score=0.94) - long distance to nearest agrodealer; no active mobile money usage,2026-10-06T06:45:11+00:00
F102611,low,0.004,sms_nudge,sms,delivered,Reminder: your next input redemption window is open. Visit your agrodealer this week.,2026-10-06T06:45:11+00:00
F102612,high,0.968,supervisor_escalation,escalation,sent,High default risk (score=0.97) - weak repayment among peer group; long gap since last farm visit,2026-10-06T06:45:11+00:00
F102613,high,0.9431,supervisor_escalation,escalation,sent,High default risk (score=0.94) - low training attendance; long gap since last farm visit,2026-10-06T06:45:11+00:00
F102614,high,0.9497,supervisor_escalation,escalation,sent,High default risk (score=0.95) - weak repayment among peer group; no active mobile money usage,2026-10-06T06:45:11+00:00
F102615,high,0.925,supervisor_escalation,escalation,sent,High default risk (score=0.93) - low input redemption rate; long gap since last farm visit,2026-10-06T06:45:11+00:00
F102616,low,0.0186,sms_nudge,sms,delivered,Reminder: your next input redemption window is open. Visit your agrodealer this week.,2026-10-06T06:45:11+00:00
F102617,low,0.049,sms_nudge,sms,failed,Reminder: your next input redemption window is open. Visit your agrodealer this week.,2026-10-06T06:45:11+00:00
F102618,low,0.0102,sms_nudge,sms,delivered,Reminder: your next input redemption window is open. Visit your agrodealer this week.,2026-10-06T06:45:11+00:00
F102619,low,0.0003,sms_nudge,sms,delivered,Reminder: your next input redemption window is open. Visit your agrodealer this week.,2026-10-06T06:45:11+00:00
F102620,low,0.0002,sms_nudge,sms,delivered,Reminder: your next input redemption window is open. Visit your agrodealer this week.,2026-10-06T06:45:11+00:00
F102621,high,0.9532,supervisor_escalation,escalation,sent,High default risk (score=0.95) - long gap since last farm visit; low training attendance,2026-10-06T06:45:11+00:00
F102622,low,0.0001,sms_nudge,sms,delivered,Reminder: your next input redemption window is open. Visit your agrodealer this week.,2026-10-06T06:45:11+00:00
F102623,low,0.0062,sms_nudge,sms,delivered,Reminder: your next input redemption window is open. Visit your agrodealer this week.,2026-10-06T06:45:11+00:00
F102624,medium,0.3991,field_agent_task,crm_task,created,Field visit follow-up (medium),2026-10-06T06:45:11+00:00
F102625,low,0.0006,sms_nudge,sms,delivered,Reminder: your next input redemption window is open. Visit your agrodealer this week.,2026-10-06T06:45:11+00:00
F102626,high,0.9697,supervisor_escalation,escalation,sent,High default risk (score=0.97) - no active mobile money usage; low training attendance,2026-10-06T06:45:11+00:00
F102627,low,0.0209,sms_nudge,sms,delivered,Reminder: your next input redemption window is open. Visit your agrodealer this week.,2026-10-06T06:45:11+00:00
F102628,low,0.0007,sms_nudge,sms,failed,Reminder: your next input redemption window is open. Visit your agrodealer this week.,2026-10-06T06:45:11+00:00
F102629,low,0.0006,sms_nudge,sms,delivered,Reminder: your next input redemption window is open. Visit your agrodealer this week.,2026-10-06T06:45:11+00:00
F102630,low,0.0035,sms_nudge,sms,delivered,Reminder: your next input redemption window is open. Visit your agrodealer this week.,2026-10-06T06:45:11+00:00
F102631,low,0.0045,sms_nudge,sms,delivered,Reminder: your next input redemption window is open. Visit your agrodealer this week.,2026-10-06T06:45:11+00:00
F102632,low,0.0169,sms_nudge,sms,delivered,Reminder: your next input redemption window is open. Visit your agrodealer this week.,2026-10-06T06:45:11+00:00
F102633,low,0.0049,sms_nudge,sms,delivered,Reminder: your next input redemption window is open. Visit your agrodealer this week.,2026-10-06T06:45:11+00:00
F102634,low,0.0172,sms_nudge,sms,delivered,Reminder: your next input redemption window is open. Visit your agrodealer this week.,2026-10-06T06:45:11+00:00
F102635,low,0.0024,sms_nudge,sms,delivered,Reminder: your next input redemption window is open. Visit your agrodealer this week.,2026-10-06T06:45:11+00:00
F102636,low,0.0001,sms_nudge,sms,delivered,Reminder: your next input redemption window is open. Visit your agrodealer this week.,2026-10-06T06:45:11+00:00
F102637,high,0.9467,supervisor_escalation,escalation,sent,High default risk (score=0.95) - long gap since last farm visit; long distance to nearest agrodealer,2026-10-06T06:45:11+00:00
F102638,low,0.0062,sms_nudge,sms,delivered,Reminder: your next input redemption window is open. Visit your agrodealer this week.,2026-10-06T06:45:11+00:00
F102639,low,0.0077,sms_nudge,sms,delivered,Reminder: your next input redemption window is open. Visit your agrodealer this week.,2026-10-06T06:45:11+00:00
F102640,high,0.9772,supervisor_escalation,escalation,sent,High default risk (score=0.98) - long gap since last farm visit; low input redemption rate,2026-10-06T06:45:11+00:00
F102641,low,0.0165,sms_nudge,sms,delivered,Reminder: your next input redemption window is open. Visit your agrodealer this week.,2026-10-06T06:45:11+00:00
F102642,high,0.9602,supervisor_escalation,escalation,sent,High default risk (score=0.96) - long gap since last farm visit; long distance to nearest agrodealer,2026-10-06T06:45:11+00:00
F102643,high,0.8936,supervisor_escalation,escalation,sent,High default risk (score=0.89) - low training attendance; long gap since last farm visit,2026-10-06T06:45:11+00:00
F102644,high,0.974,supervisor_escalation,escalation,sent,High default risk (score=0.97) - long gap since last farm visit; low input redemption rate,2026-10-06T06:45:11+00:00
F102645,low,0.0008,sms_nudge,sms,delivered,Reminder: your next input redemption window is open. Visit your agrodealer this week.,2026-10-06T06:45:11+00:00
F102646,low,0.1577,sms_nudge,sms,delivered,Reminder: your next input redemption window is open. Visit your agrodealer this week.,2026-10-06T06:45:11+00:00
F102647,low,0.0037,sms_nudge,sms,delivered,Reminder: your next input redemption window is open. Visit your agrodealer this week.,2026-10-06T06:45:11+00:00
F102648,medium,0.5092,field_agent_task,crm_task,created,Field visit follow-up (medium),2026-10-06T06:45:11+00:00
F102649,low,0.2065,sms_nudge,sms,delivered,Reminder: your next input redemption window is open. Visit your agrodealer this week.,2026-10-06T06:45:11+00:00
F102650,low,0.0142,sms_nudge,sms,delivered,Reminder: your next input redemption window is open. Visit your agrodealer this week.,2026-10-06T06:45:11+00:00
F102651,low,0.0024,sms_nudge,sms,delivered,Reminder: your next input redemption window is open. Visit your agrodealer this week.,2026-10-06T06:45:11+00:00
F102652,high,0.9897,supervisor_escalation,escalation,sent,High default risk (score=0.99) - long gap since last farm visit; below-average prior yield,2026-10-06T06:45:11+00:00
F102653,low,0.0028,sms_nudge,sms,delivered,Reminder: your next input redemption window is open. Visit your agrodealer this week.,2026-10-06T06:45:11+00:00
F102654,medium,0.4585,field_agent_task,crm_task,created,Field visit follow-up (medium),2026-10-06T06:45:11+00:00
F102655,high,0.7502,supervisor_escalation,escalation,sent,High default risk (score=0.75) - no active mobile money usage; long gap since last farm visit,2026-10-06T06:45:11+00:00
F102656,low,0.0088,sms_nudge,sms,delivered,Reminder: your next input redemption window is open. Visit your agrodealer this week.,2026-10-06T06:45:11+00:00
F102657,low,0.0089,sms_nudge,sms,delivered,Reminder: your next input redemption window is open. Visit your agrodealer this week.,2026-10-06T06:45:11+00:00
F102658,high,0.9552,supervisor_escalation,escalation,sent,High default risk (score=0.96) - low training attendance; low input redemption rate,2026-10-06T06:45:11+00:00
F102659,low,0.0002,sms_nudge,sms,delivered,Reminder: your next input redemption window is open. Visit your agrodealer this week.,2026-10-06T06:45:11+00:00
F102660,low,0.0711,sms_nudge,sms,delivered,Reminder: your next input redemption window is open. Visit your agrodealer this week.,2026-10-06T06:45:11+00:00
F102661,low,0.0006,sms_nudge,sms,delivered,Reminder: your next input redemption window is open. Visit your agrodealer this week.,2026-10-06T06:45:11+00:00
F102662,low,0.0006,sms_nudge,sms,delivered,Reminder: your next input redemption window is open. Visit your agrodealer this week.,2026-10-06T06:45:11+00:00
F102663,low,0.0067,sms_nudge,sms,delivered,Reminder: your next input redemption window is open. Visit your agrodealer this week.,2026-10-06T06:45:11+00:00
F102664,low,0.0016,sms_nudge,sms,delivered,Reminder: your next input redemption window is open. Visit your agrodealer this week.,2026-10-06T06:45:11+00:00
F102665,high,0.9992,supervisor_escalation,escalation,sent,High default risk (score=1.00) - long distance to nearest agrodealer; long gap since last farm visit,2026-10-06T06:45:11+00:00
F102666,low,0.0009,sms_nudge,sms,delivered,Reminder: your next input redemption window is open. Visit your agrodealer this week.,2026-10-06T06:45:11+00:00
F102667,low,0.0143,sms_nudge,sms,delivered,Reminder: your next input redemption window is open. Visit your agrodealer this week.,2026-10-06T06:45:11+00:00
F102668,low,0.0001,sms_nudge,sms,delivered,Reminder: your next input redemption window is open. Visit your agrodealer this week.,2026-10-06T06:45:11+00:00
F102669,low,0.0007,sms_nudge,sms,delivered,Reminder: your next input redemption window is open. Visit your agrodealer this week.,2026-10-06T06:45:11+00:00
F102670,low,0.0036,sms_nudge,sms,delivered,Reminder: your next input redemption window is open. Visit your agrodealer this week.,2026-10-06T06:45:11+00:00
F102671,high,0.6612,supervisor_escalation,escalation,sent,High default risk (score=0.66) - weak repayment among peer group; low training attendance,2026-10-06T06:45:11+00:00
F102672,high,0.9877,supervisor_escalation,escalation,sent,High default risk (score=0.99) - long gap since last farm visit; low input redemption rate,2026-10-06T06:45:11+00:00
F102673,low,0.0651,sms_nudge,sms,delivered,Reminder: your next input redemption window is open. Visit your agrodealer this week.,2026-10-06T06:45:11+00:00
F102674,low,0.0018,sms_nudge,sms,delivered,Reminder: your next input redemption window is open. Visit your agrodealer this week.,2026-10-06T06:45:11+00:00
F102675,high,0.9358,supervisor_escalation,escalation,sent,High default risk (score=0.94) - low input redemption rate; long gap since last farm visit,2026-10-06T06:45:11+00:00
F102676,high,0.9456,supervisor_escalation,escalation,sent,High default risk (score=0.95) - low input redemption rate; long gap since last farm visit,2026-10-06T06:45:11+00:00
F102677,low,0.0028,sms_nudge,sms,delivered,Reminder: your next input redemption window is open. Visit your agrodealer this week.,2026-10-06T06:45:11+00:00
F102678,low,0.0031,sms_nudge,sms,delivered,Reminder: your next input redemption window is open. Visit your agrodealer this week.,2026-10-06T06:45:11+00:00
F102679,high,0.9571,supervisor_escalation,escalation,sent,High default risk (score=0.96) - no active mobile money usage; long gap since last farm visit,2026-10-06T06:45:11+00:00
F102680,low,0.0002,sms_nudge,sms,delivered,Reminder: your next input redemption window is open. Visit your agrodealer this week.,2026-10-06T06:45:11+00:00
F102681,low,0.0007,sms_nudge,sms,delivered,Reminder: your next input redemption window is open. Visit your agrodealer this week.,2026-10-06T06:45:11+00:00
F102682,low,0.0005,sms_nudge,sms,delivered,Reminder: your next input redemption window is open. Visit your agrodealer this week.,2026-10-06T06:45:11+00:00
F102683,low,0.0285,sms_nudge,sms,delivered,Reminder: your next input redemption window is open. Visit your agrodealer this week.,2026-10-06T06:45:11+00:00
F102684,low,0.0022,sms_nudge,sms,delivered,Reminder: your next input redemption window is open. Visit your agrodealer this week.,2026-10-06T06:45:11+00:00
F102685,low,0.0021,sms_nudge,sms,delivered,Reminder: your next input redemption window is open. Visit your agrodealer this week.,2026-10-06T06:45:11+00:00
F102686,low,0.0113,sms_nudge,sms,delivered,Reminder: your next input redemption window is open. Visit your agrodealer this week.,2026-10-06T06:45:11+00:00
F102687,high,0.9841,supervisor_escalation,escalation,sent,High default risk (score=0.98) - long gap since last farm visit; low training attendance,2026-10-06T06:45:11+00:00
F102688,low,0.0023,sms_nudge,sms,delivered,Reminder: your next input redemption window is open. Visit your agrodealer this week.,2026-10-06T06:45:11+00:00
F102689,low,0.01,sms_nudge,sms,failed,Reminder: your next input redemption window is open. Visit your agrodealer this week.,2026-10-06T06:45:11+00:00
F102690,low,0.0058,sms_nudge,sms,delivered,Reminder: your next input redemption window is open. Visit your agrodealer this week.,2026-10-06T06:45:11+00:00
F102691,low,0.001,sms_nudge,sms,delivered,Reminder: your next input redemption window is open. Visit your agrodealer this week.,2026-10-06T06:45:11+00:00
F102692,low,0.0029,sms_nudge,sms,delivered,Reminder: your next input redemption window is open. Visit your agrodealer this week.,2026-10-06T06:45:11+00:00
F102693,low,0.0041,sms_nudge,sms,delivered,Reminder: your next input redemption window is open. Visit your agrodealer this week.,2026-10-06T06:45:11+00:00
F102694,high,0.9875,supervisor_escalation,escalation,sent,High default risk (score=0.99) - low input redemption rate; no active mobile money usage,2026-10-06T06:45:11+00:00
F102695,low,0.0128,sms_nudge,sms,delivered,Reminder: your next input redemption window is open. Visit your agrodealer this week.,2026-10-06T06:45:11+00:00
F102696,high,1.0,supervisor_escalation,escalation,sent,High default risk (score=1.00) - low training attendance; long gap since last farm visit,2026-10-06T06:45:11+00:00
F102697,low,0.0002,sms_nudge,sms,delivered,Reminder: your next input redemption window is open. Visit your agrodealer this week.,2026-10-06T06:45:11+00:00
F102698,high,0.8571,supervisor_escalation,escalation,sent,High default risk (score=0.86) - no active mobile money usage; long gap since last farm visit,2026-10-06T06:45:11+00:00
F102699,low,0.0013,sms_nudge,sms,delivered,Reminder: your next input redemption window is open. Visit your agrodealer this week.,2026-10-06T06:45:11+00:00
F102700,low,0.0023,sms_nudge,sms,delivered,Reminder: your next input redemption window is open. Visit your agrodealer this week.,2026-10-06T06:45:11+00:00
F102701,low,0.0001,sms_nudge,sms,failed,Reminder: your next input redemption window is open. Visit your agrodealer this week.,2026-10-06T06:45:11+00:00
F102702,high,0.9981,supervisor_escalation,escalation,sent,High default risk (score=1.00) - weak repayment among peer group; long gap since last farm visit,2026-10-06T06:45:11+00:00
F102703,low,0.0001,sms_nudge,sms,delivered,Reminder: your next input redemption window is open. Visit your agrodealer this week.,2026-10-06T06:45:11+00:00
F102704,low,0.012,sms_nudge,sms,delivered,Reminder: your next input redemption window is open. Visit your agrodealer this week.,2026-10-06T06:45:11+00:00
F102705,low,0.0002,sms_nudge,sms,delivered,Reminder: your next input redemption window is open. Visit your agrodealer this week.,2026-10-06T06:45:11+00:00
F102706,low,0.0016,sms_nudge,sms,delivered,Reminder: your next input redemption window is open. Visit your agrodealer this week.,2026-10-06T06:45:11+00:00
F102707,high,0.9997,supervisor_escalation,escalation,sent,High default risk (score=1.00) - weak repayment among peer group; long distance to nearest agrodealer,2026-10-06T06:45:11+00:00
F102708,medium,0.3513,field_agent_task,crm_task,created,Field visit follow-up (medium),2026-10-06T06:45:11+00:00
F102709,low,0.0033,sms_nudge,sms,delivered,Reminder: your next input redemption window is open. Visit your agrodealer this week.,2026-10-06T06:45:11+00:00
F102710,low,0.0039,sms_nudge,sms,delivered,Reminder: your next input redemption window is open. Visit your agrodealer this week.,2026-10-06T06:45:11+00:00
F102711,high,0.9143,supervisor_escalation,escalation,sent,High default risk (score=0.91) - long gap since last farm visit; no active mobile money usage,2026-10-06T06:45:11+00:00
F102712,low,0.0048,sms_nudge,sms,delivered,Reminder: your next input redemption window is open. Visit your agrodealer this week.,2026-10-06T06:45:11+00:00
F102713,low,0.0014,sms_nudge,sms,delivered,Reminder: your next input redemption window is open. Visit your agrodealer this week.,2026-10-06T06:45:11+00:00
F102714,high,0.9927,supervisor_escalation,escalation,sent,High default risk (score=0.99) - low training attendance; below-average prior yield,2026-10-06T06:45:11+00:00
F102715,low,0.0136,sms_nudge,sms,delivered,Reminder: your next input redemption window is open. Visit your agrodealer this week.,2026-10-06T06:45:11+00:00
F102716,low,0.0324,sms_nudge,sms,delivered,Reminder: your next input redemption window is open. Visit your agrodealer this week.,2026-10-06T06:45:11+00:00
F102717,low,0.0003,sms_nudge,sms,delivered,Reminder: your next input redemption window is open. Visit your agrodealer this week.,2026-10-06T06:45:11+00:00
F102718,low,0.0001,sms_nudge,sms,delivered,Reminder: your next input redemption window is open. Visit your agrodealer this week.,2026-10-06T06:45:11+00:00
F102719,low,0.0166,sms_nudge,sms,delivered,Reminder: your next input redemption window is open. Visit your agrodealer this week.,2026-10-06T06:45:11+00:00
F102720,low,0.0142,sms_nudge,sms,delivered,Reminder: your next input redemption window is open. Visit your agrodealer this week.,2026-10-06T06:45:11+00:00
F102721,high,0.9852,supervisor_escalation,escalation,sent,High default risk (score=0.99) - low input redemption rate; low training attendance,2026-10-06T06:45:11+00:00
F102722,low,0.0045,sms_nudge,sms,delivered,Reminder: your next input redemption window is open. Visit your agrodealer this week.,2026-10-06T06:45:11+00:00
F102723,low,0.0005,sms_nudge,sms,delivered,Reminder: your next input redemption window is open. Visit your agrodealer this week.,2026-10-06T06:45:11+00:00
F102724,low,0.0426,sms_nudge,sms,delivered,Reminder: your next input redemption window is open. Visit your agrodealer this week.,2026-10-06T06:45:11+00:00
F102725,high,0.9976,supervisor_escalation,escalation,sent,High default risk (score=1.00) - below-average prior yield; no active mobile money usage,2026-10-06T06:45:11+00:00
F102726,low,0.0179,sms_nudge,sms,delivered,Reminder: your next input redemption window is open. Visit your agrodealer this week.,2026-10-06T06:45:11+00:00
F102727,medium,0.5498,field_agent_task,crm_task,created,Field visit follow-up (medium),2026-10-06T06:45:11+00:00
F102728,low,0.0022,sms_nudge,sms,delivered,Reminder: your next input redemption window is open. Visit your agrodealer this week.,2026-10-06T06:45:11+00:00
F102729,high,0.7423,supervisor_escalation,escalation,sent,High default risk (score=0.74) - low training attendance; weak repayment among peer group,2026-10-06T06:45:11+00:00
F102730,low,0.0911,sms_nudge,sms,delivered,Reminder: your next input redemption window is open. Visit your agrodealer this week.,2026-10-06T06:45:11+00:00
F102731,high,0.9193,supervisor_escalation,escalation,sent,High default risk (score=0.92) - long gap since last farm visit; low training attendance,2026-10-06T06:45:11+00:00
F102732,high,0.9995,supervisor_escalation,escalation,sent,High default risk (score=1.00) - low input redemption rate; long gap since last farm visit,2026-10-06T06:45:11+00:00
F102733,low,0.0004,sms_nudge,sms,delivered,Reminder: your next input redemption window is open. Visit your agrodealer this week.,2026-10-06T06:45:11+00:00
F102734,high,0.9994,supervisor_escalation,escalation,sent,High default risk (score=1.00) - long gap since last farm visit; no active mobile money usage,2026-10-06T06:45:11+00:00
F102735,high,0.9714,supervisor_escalation,escalation,sent,High default risk (score=0.97) - long gap since last farm visit; no active mobile money usage,2026-10-06T06:45:11+00:00
F102736,low,0.0112,sms_nudge,sms,delivered,Reminder: your next input redemption window is open. Visit your agrodealer this week.,2026-10-06T06:45:11+00:00
F102737,low,0.001,sms_nudge,sms,delivered,Reminder: your next input redemption window is open. Visit your agrodealer this week.,2026-10-06T06:45:11+00:00
F102738,low,0.0743,sms_nudge,sms,delivered,Reminder: your next input redemption window is open. Visit your agrodealer this week.,2026-10-06T06:45:11+00:00
F102739,low,0.0005,sms_nudge,sms,delivered,Reminder: your next input redemption window is open. Visit your agrodealer this week.,2026-10-06T06:45:11+00:00
F102740,high,0.9921,supervisor_escalation,escalation,sent,High default risk (score=0.99) - low input redemption rate; long gap since last farm visit,2026-10-06T06:45:11+00:00
F102741,low,0.0043,sms_nudge,sms,delivered,Reminder: your next input redemption window is open. Visit your agrodealer this week.,2026-10-06T06:45:11+00:00
F102742,low,0.0002,sms_nudge,sms,delivered,Reminder: your next input redemption window is open. Visit your agrodealer this week.,2026-10-06T06:45:11+00:00
F102743,low,0.0077,sms_nudge,sms,delivered,Reminder: your next input redemption window is open. Visit your agrodealer this week.,2026-10-06T06:45:11+00:00
F102744,low,0.1192,sms_nudge,sms,delivered,Reminder: your next input redemption window is open. Visit your agrodealer this week.,2026-10-06T06:45:11+00:00
F102745,low,0.0002,sms_nudge,sms,delivered,Reminder: your next input redemption window is open. Visit your agrodealer this week.,2026-10-06T06:45:11+00:00
F102746,low,0.0013,sms_nudge,sms,delivered,Reminder: your next input redemption window is open. Visit your agrodealer this week.,2026-10-06T06:45:11+00:00
F102747,low,0.001,sms_nudge,sms,delivered,Reminder: your next input redemption window is open. Visit your agrodealer this week.,2026-10-06T06:45:11+00:00
F102748,low,0.0582,sms_nudge,sms,delivered,Reminder: your next input redemption window is open. Visit your agrodealer this week.,2026-10-06T06:45:11+00:00
F102749,high,0.9576,supervisor_escalation,escalation,sent,High default risk (score=0.96) - long gap since last farm visit; low training attendance,2026-10-06T06:45:11+00:00
F102750,low,0.0012,sms_nudge,sms,delivered,Reminder: your next input redemption window is open. Visit your agrodealer this week.,2026-10-06T06:45:11+00:00
F102751,low,0.0018,sms_nudge,sms,delivered,Reminder: your next input redemption window is open. Visit your agrodealer this week.,2026-10-06T06:45:11+00:00
F102752,low,0.001,sms_nudge,sms,delivered,Reminder: your next input redemption window is open. Visit your agrodealer this week.,2026-10-06T06:45:11+00:00
F102753,high,0.9995,supervisor_escalation,escalation,sent,High default risk (score=1.00) - long gap since last farm visit; low input redemption rate,2026-10-06T06:45:11+00:00
F102754,high,0.9578,supervisor_escalation,escalation,sent,High default risk (score=0.96) - weak repayment among peer group; low input redemption rate,2026-10-06T06:45:11+00:00
F102755,low,0.0035,sms_nudge,sms,delivered,Reminder: your next input redemption window is open. Visit your agrodealer this week.,2026-10-06T06:45:11+00:00
F102756,high,0.9989,supervisor_escalation,escalation,sent,High default risk (score=1.00) - long gap since last farm visit; below-average prior yield,2026-10-06T06:45:11+00:00
F102757,high,0.9412,supervisor_escalation,escalation,sent,High default risk (score=0.94) - long distance to nearest agrodealer; weak repayment among peer group,2026-10-06T06:45:11+00:00
F102758,high,0.8979,supervisor_escalation,escalation,sent,High default risk (score=0.90) - long gap since last farm visit; weak repayment among peer group,2026-10-06T06:45:11+00:00
F102759,low,0.0945,sms_nudge,sms,delivered,Reminder: your next input redemption window is open. Visit your agrodealer this week.,2026-10-06T06:45:11+00:00
F102760,low,0.0403,sms_nudge,sms,delivered,Reminder: your next input redemption window is open. Visit your agrodealer this week.,2026-10-06T06:45:11+00:00
F102761,low,0.0174,sms_nudge,sms,delivered,Reminder: your next input redemption window is open. Visit your agrodealer this week.,2026-10-06T06:45:11+00:00
F102762,low,0.0006,sms_nudge,sms,delivered,Reminder: your next input redemption window is open. Visit your agrodealer this week.,2026-10-06T06:45:11+00:00
F102763,low,0.0004,sms_nudge,sms,delivered,Reminder: your next input redemption window is open. Visit your agrodealer this week.,2026-10-06T06:45:11+00:00
F102764,low,0.0004,sms_nudge,sms,delivered,Reminder: your next input redemption window is open. Visit your agrodealer this week.,2026-10-06T06:45:11+00:00
F102765,low,0.0116,sms_nudge,sms,delivered,Reminder: your next input redemption window is open. Visit your agrodealer this week.,2026-10-06T06:45:11+00:00
F102766,medium,0.3469,field_agent_task,crm_task,created,Field visit follow-up (medium),2026-10-06T06:45:11+00:00
F102767,high,0.9981,supervisor_escalation,escalation,sent,High default risk (score=1.00) - low training attendance; below-average prior yield,2026-10-06T06:45:11+00:00
F102768,low,0.0214,sms_nudge,sms,delivered,Reminder: your next input redemption window is open. Visit your agrodealer this week.,2026-10-06T06:45:11+00:00
F102769,high,0.9982,supervisor_escalation,escalation,sent,High default risk (score=1.00) - weak repayment among peer group; long gap since last farm visit,2026-10-06T06:45:11+00:00
F102770,low,0.006,sms_nudge,sms,delivered,Reminder: your next input redemption window is open. Visit your agrodealer this week.,2026-10-06T06:45:11+00:00
F102771,low,0.0058,sms_nudge,sms,failed,Reminder: your next input redemption window is open. Visit your agrodealer this week.,2026-10-06T06:45:11+00:00
F102772,low,0.0091,sms_nudge,sms,delivered,Reminder: your next input redemption window is open. Visit your agrodealer this week.,2026-10-06T06:45:11+00:00
F102773,low,0.0743,sms_nudge,sms,delivered,Reminder: your next input redemption window is open. Visit your agrodealer this week.,2026-10-06T06:45:11+00:00
F102774,medium,0.527,field_agent_task,crm_task,created,Field visit follow-up (medium),2026-10-06T06:45:11+00:00
F102775,high,0.9998,supervisor_escalation,escalation,sent,High default risk (score=1.00) - long gap since last farm visit; low input redemption rate,2026-10-06T06:45:11+00:00
F102776,low,0.0015,sms_nudge,sms,delivered,Reminder: your next input redemption window is open. Visit your agrodealer this week.,2026-10-06T06:45:11+00:00
F102777,low,0.0042,sms_nudge,sms,delivered,Reminder: your next input redemption window is open. Visit your agrodealer this week.,2026-10-06T06:45:11+00:00
F102778,low,0.003,sms_nudge,sms,delivered,Reminder: your next input redemption window is open. Visit your agrodealer this week.,2026-10-06T06:45:11+00:00
F102779,low,0.0029,sms_nudge,sms,delivered,Reminder: your next input redemption window is open. Visit your agrodealer this week.,2026-10-06T06:45:11+00:00
F102780,low,0.0117,sms_nudge,sms,delivered,Reminder: your next input redemption window is open. Visit your agrodealer this week.,2026-10-06T06:45:11+00:00
F102781,low,0.0001,sms_nudge,sms,delivered,Reminder: your next input redemption window is open. Visit your agrodealer this week.,2026-10-06T06:45:11+00:00
F102782,high,0.9703,supervisor_escalation,escalation,sent,High default risk (score=0.97) - low input redemption rate; below-average prior yield,2026-10-06T06:45:11+00:00
F102783,low,0.0014,sms_nudge,sms,delivered,Reminder: your next input redemption window is open. Visit your agrodealer this week.,2026-10-06T06:45:11+00:00
F102784,low,0.009,sms_nudge,sms,delivered,Reminder: your next input redemption window is open. Visit your agrodealer this week.,2026-10-06T06:45:11+00:00
F102785,low,0.0016,sms_nudge,sms,delivered,Reminder: your next input redemption window is open. Visit your agrodealer this week.,2026-10-06T06:45:11+00:00
F102786,high,0.9317,supervisor_escalation,escalation,sent,High default risk (score=0.93) - long gap since last farm visit; weak repayment among peer group,2026-10-06T06:45:11+00:00
F102787,low,0.0009,sms_nudge,sms,delivered,Reminder: your next input redemption window is open. Visit your agrodealer this week.,2026-10-06T06:45:11+00:00
F102788,low,0.2183,sms_nudge,sms,delivered,Reminder: your next input redemption window is open. Visit your agrodealer this week.,2026-10-06T06:45:11+00:00
F102789,high,1.0,supervisor_escalation,escalation,sent,High default risk (score=1.00) - long gap since last farm visit; low training attendance,2026-10-06T06:45:11+00:00
F102790,high,0.9979,supervisor_escalation,escalation,sent,High default risk (score=1.00) - long gap since last farm visit; low training attendance,2026-10-06T06:45:11+00:00
F102791,low,0.002,sms_nudge,sms,delivered,Reminder: your next input redemption window is open. Visit your agrodealer this week.,2026-10-06T06:45:11+00:00
F102792,high,0.9998,supervisor_escalation,escalation,sent,High default risk (score=1.00) - low training attendance; long gap since last farm visit,2026-10-06T06:45:11+00:00
F102793,low,0.0,sms_nudge,sms,delivered,Reminder: your next input redemption window is open. Visit your agrodealer this week.,2026-10-06T06:45:11+00:00
F102794,low,0.0003,sms_nudge,sms,delivered,Reminder: your next input redemption window is open. Visit your agrodealer this week.,2026-10-06T06:45:11+00:00
F102795,low,0.021,sms_nudge,sms,delivered,Reminder: your next input redemption window is open. Visit your agrodealer this week.,2026-10-06T06:45:11+00:00
F102796,high,0.7947,supervisor_escalation,escalation,sent,High default risk (score=0.79) - long gap since last farm visit; still early in program tenure,2026-10-06T06:45:11+00:00
F102797,high,0.9886,supervisor_escalation,escalation,sent,High default risk (score=0.99) - low input redemption rate; long gap since last farm visit,2026-10-06T06:45:11+00:00
F102798,low,0.1034,sms_nudge,sms,delivered,Reminder: your next input redemption window is open. Visit your agrodealer this week.,2026-10-06T06:45:11+00:00
F102799,high,0.9558,supervisor_escalation,escalation,sent,High default risk (score=0.96) - low input redemption rate; long gap since last farm visit,2026-10-06T06:45:11+00:00
F102800,low,0.0008,sms_nudge,sms,delivered,Reminder: your next input redemption window is open. Visit your agrodealer this week.,2026-10-06T06:45:11+00:00
F102801,high,0.9674,supervisor_escalation,escalation,sent,High default risk (score=0.97) - low input redemption rate; long distance to nearest agrodealer,2026-10-06T06:45:11+00:00
F102802,low,0.0001,sms_nudge,sms,delivered,Reminder: your next input redemption window is open. Visit your agrodealer this week.,2026-10-06T06:45:11+00:00
F102803,low,0.0008,sms_nudge,sms,delivered,Reminder: your next input redemption window is open. Visit your agrodealer this week.,2026-10-06T06:45:11+00:00
F102804,low,0.0002,sms_nudge,sms,delivered,Reminder: your next input redemption window is open. Visit your agrodealer this week.,2026-10-06T06:45:11+00:00
F102805,high,0.9942,supervisor_escalation,escalation,sent,High default risk (score=0.99) - long gap since last farm visit; long distance to nearest agrodealer,2026-10-06T06:45:11+00:00
F102806,low,0.0025,sms_nudge,sms,delivered,Reminder: your next input redemption window is open. Visit your agrodealer this week.,2026-10-06T06:45:11+00:00
F102807,low,0.0158,sms_nudge,sms,delivered,Reminder: your next input redemption window is open. Visit your agrodealer this week.,2026-10-06T06:45:11+00:00
F102808,low,0.0045,sms_nudge,sms,delivered,Reminder: your next input redemption window is open. Visit your agrodealer this week.,2026-10-06T06:45:11+00:00
F102809,low,0.0002,sms_nudge,sms,delivered,Reminder: your next input redemption window is open. Visit your agrodealer this week.,2026-10-06T06:45:11+00:00
F102810,low,0.0007,sms_nudge,sms,delivered,Reminder: your next input redemption window is open. Visit your agrodealer this week.,2026-10-06T06:45:11+00:00
F102811,low,0.0747,sms_nudge,sms,delivered,Reminder: your next input redemption window is open. Visit your agrodealer this week.,2026-10-06T06:45:11+00:00
F102812,low,0.0013,sms_nudge,sms,delivered,Reminder: your next input redemption window is open. Visit your agrodealer this week.,2026-10-06T06:45:11+00:00
F102813,low,0.0059,sms_nudge,sms,delivered,Reminder: your next input redemption window is open. Visit your agrodealer this week.,2026-10-06T06:45:11+00:00
F102814,low,0.0513,sms_nudge,sms,delivered,Reminder: your next input redemption window is open. Visit your agrodealer this week.,2026-10-06T06:45:11+00:00
F102815,low,0.0015,sms_nudge,sms,delivered,Reminder: your next input redemption window is open. Visit your agrodealer this week.,2026-10-06T06:45:11+00:00
F102816,high,0.9799,supervisor_escalation,escalation,sent,High default risk (score=0.98) - long gap since last farm visit; low input redemption rate,2026-10-06T06:45:11+00:00
F102817,medium,0.5484,field_agent_task,crm_task,created,Field visit follow-up (medium),2026-10-06T06:45:11+00:00
F102818,low,0.001,sms_nudge,sms,delivered,Reminder: your next input redemption window is open. Visit your agrodealer this week.,2026-10-06T06:45:11+00:00
F102819,low,0.0078,sms_nudge,sms,delivered,Reminder: your next input redemption window is open. Visit your agrodealer this week.,2026-10-06T06:45:11+00:00
F102820,low,0.0044,sms_nudge,sms,delivered,Reminder: your next input redemption window is open. Visit your agrodealer this week.,2026-10-06T06:45:11+00:00
F102821,low,0.0411,sms_nudge,sms,delivered,Reminder: your next input redemption window is open. Visit your agrodealer this week.,2026-10-06T06:45:11+00:00
F102822,low,0.0,sms_nudge,sms,delivered,Reminder: your next input redemption window is open. Visit your agrodealer this week.,2026-10-06T06:45:11+00:00
F102823,high,0.9997,supervisor_escalation,escalation,sent,High default risk (score=1.00) - long gap since last farm visit; no active mobile money usage,2026-10-06T06:45:11+00:00
F102824,high,0.9947,supervisor_escalation,escalation,sent,High default risk (score=0.99) - low input redemption rate; long gap since last farm visit,2026-10-06T06:45:11+00:00
F102825,low,0.0277,sms_nudge,sms,delivered,Reminder: your next input redemption window is open. Visit your agrodealer this week.,2026-10-06T06:45:11+00:00
F102826,low,0.0227,sms_nudge,sms,failed,Reminder: your next input redemption window is open. Visit your agrodealer this week.,2026-10-06T06:45:11+00:00
F102827,high,0.8938,supervisor_escalation,escalation,sent,High default risk (score=0.89) - weak repayment among peer group; low input redemption rate,2026-10-06T06:45:11+00:00
F102828,high,0.9866,supervisor_escalation,escalation,sent,High default risk (score=0.99) - low input redemption rate; long distance to nearest agrodealer,2026-10-06T06:45:11+00:00
F102829,high,0.9893,supervisor_escalation,escalation,sent,High default risk (score=0.99) - long gap since last farm visit; below-average prior yield,2026-10-06T06:45:11+00:00
F102830,low,0.0835,sms_nudge,sms,delivered,Reminder: your next input redemption window is open. Visit your agrodealer this week.,2026-10-06T06:45:11+00:00
F102831,high,0.9948,supervisor_escalation,escalation,sent,High default risk (score=0.99) - low training attendance; no active mobile money usage,2026-10-06T06:45:11+00:00
F102832,low,0.0003,sms_nudge,sms,delivered,Reminder: your next input redemption window is open. Visit your agrodealer this week.,2026-10-06T06:45:11+00:00
F102833,low,0.0052,sms_nudge,sms,delivered,Reminder: your next input redemption window is open. Visit your agrodealer this week.,2026-10-06T06:45:11+00:00
F102834,high,0.915,supervisor_escalation,escalation,sent,High default risk (score=0.92) - long gap since last farm visit; weak repayment among peer group,2026-10-06T06:45:11+00:00
F102835,low,0.001,sms_nudge,sms,delivered,Reminder: your next input redemption window is open. Visit your agrodealer this week.,2026-10-06T06:45:11+00:00
F102836,low,0.0233,sms_nudge,sms,delivered,Reminder: your next input redemption window is open. Visit your agrodealer this week.,2026-10-06T06:45:11+00:00
F102837,low,0.0064,sms_nudge,sms,delivered,Reminder: your next input redemption window is open. Visit your agrodealer this week.,2026-10-06T06:45:11+00:00
F102838,low,0.0465,sms_nudge,sms,delivered,Reminder: your next input redemption window is open. Visit your agrodealer this week.,2026-10-06T06:45:11+00:00
F102839,low,0.0027,sms_nudge,sms,delivered,Reminder: your next input redemption window is open. Visit your agrodealer this week.,2026-10-06T06:45:11+00:00
F102840,low,0.0025,sms_nudge,sms,delivered,Reminder: your next input redemption window is open. Visit your agrodealer this week.,2026-10-06T06:45:11+00:00
F102841,low,0.0152,sms_nudge,sms,delivered,Reminder: your next input redemption window is open. Visit your agrodealer this week.,2026-10-06T06:45:11+00:00
F102842,low,0.0006,sms_nudge,sms,delivered,Reminder: your next input redemption window is open. Visit your agrodealer this week.,2026-10-06T06:45:11+00:00
F102843,high,0.9992,supervisor_escalation,escalation,sent,High default risk (score=1.00) - long gap since last farm visit; below-average prior yield,2026-10-06T06:45:11+00:00
F102844,high,0.8739,supervisor_escalation,escalation,sent,High default risk (score=0.87) - long gap since last farm visit; low training attendance,2026-10-06T06:45:11+00:00
F102845,low,0.0007,sms_nudge,sms,delivered,Reminder: your next input redemption window is open. Visit your agrodealer this week.,2026-10-06T06:45:11+00:00
F102846,low,0.0398,sms_nudge,sms,delivered,Reminder: your next input redemption window is open. Visit your agrodealer this week.,2026-10-06T06:45:11+00:00
F102847,low,0.0036,sms_nudge,sms,delivered,Reminder: your next input redemption window is open. Visit your agrodealer this week.,2026-10-06T06:45:11+00:00
F102848,high,0.8405,supervisor_escalation,escalation,sent,High default risk (score=0.84) - below-average prior yield; low input redemption rate,2026-10-06T06:45:11+00:00
F102849,low,0.0479,sms_nudge,sms,delivered,Reminder: your next input redemption window is open. Visit your agrodealer this week.,2026-10-06T06:45:11+00:00
F102850,low,0.0003,sms_nudge,sms,delivered,Reminder: your next input redemption window is open. Visit your agrodealer this week.,2026-10-06T06:45:11+00:00
F102851,low,0.0007,sms_nudge,sms,delivered,Reminder: your next input redemption window is open. Visit your agrodealer this week.,2026-10-06T06:45:11+00:00
F102852,high,0.9531,supervisor_escalation,escalation,sent,High default risk (score=0.95) - long gap since last farm visit; no active mobile money usage,2026-10-06T06:45:11+00:00
F102853,low,0.0005,sms_nudge,sms,delivered,Reminder: your next input redemption window is open. Visit your agrodealer this week.,2026-10-06T06:45:11+00:00
F102854,low,0.0002,sms_nudge,sms,delivered,Reminder: your next input redemption window is open. Visit your agrodealer this week.,2026-10-06T06:45:11+00:00
F102855,low,0.0028,sms_nudge,sms,delivered,Reminder: your next input redemption window is open. Visit your agrodealer this week.,2026-10-06T06:45:11+00:00
F102856,low,0.0009,sms_nudge,sms,delivered,Reminder: your next input redemption window is open. Visit your agrodealer this week.,2026-10-06T06:45:11+00:00
F102857,low,0.0214,sms_nudge,sms,delivered,Reminder: your next input redemption window is open. Visit your agrodealer this week.,2026-10-06T06:45:11+00:00
F102858,low,0.0042,sms_nudge,sms,delivered,Reminder: your next input redemption window is open. Visit your agrodealer this week.,2026-10-06T06:45:11+00:00
F102859,low,0.0018,sms_nudge,sms,delivered,Reminder: your next input redemption window is open. Visit your agrodealer this week.,2026-10-06T06:45:11+00:00
F102860,low,0.0201,sms_nudge,sms,delivered,Reminder: your next input redemption window is open. Visit your agrodealer this week.,2026-10-06T06:45:11+00:00
F102861,high,0.9947,supervisor_escalation,escalation,sent,High default risk (score=0.99) - long distance to nearest agrodealer; low training attendance,2026-10-06T06:45:11+00:00
F102862,high,0.9058,supervisor_escalation,escalation,sent,High default risk (score=0.91) - no active mobile money usage; long distance to nearest agrodealer,2026-10-06T06:45:11+00:00
F102863,high,0.995,supervisor_escalation,escalation,sent,High default risk (score=0.99) - long gap since last farm visit; long distance to nearest agrodealer,2026-10-06T06:45:11+00:00
F102864,low,0.001,sms_nudge,sms,delivered,Reminder: your next input redemption window is open. Visit your agrodealer this week.,2026-10-06T06:45:11+00:00
F102865,low,0.0004,sms_nudge,sms,delivered,Reminder: your next input redemption window is open. Visit your agrodealer this week.,2026-10-06T06:45:11+00:00
F102866,low,0.0592,sms_nudge,sms,delivered,Reminder: your next input redemption window is open. Visit your agrodealer this week.,2026-10-06T06:45:11+00:00
F102867,low,0.0001,sms_nudge,sms,delivered,Reminder: your next input redemption window is open. Visit your agrodealer this week.,2026-10-06T06:45:11+00:00
F102868,low,0.2547,sms_nudge,sms,delivered,Reminder: your next input redemption window is open. Visit your agrodealer this week.,2026-10-06T06:45:11+00:00
F102869,low,0.0032,sms_nudge,sms,delivered,Reminder: your next input redemption window is open. Visit your agrodealer this week.,2026-10-06T06:45:11+00:00
F102870,high,0.9978,supervisor_escalation,escalation,sent,High default risk (score=1.00) - low input redemption rate; low training attendance,2026-10-06T06:45:11+00:00
F102871,low,0.0275,sms_nudge,sms,delivered,Reminder: your next input redemption window is open. Visit your agrodealer this week.,2026-10-06T06:45:11+00:00
F102872,low,0.0227,sms_nudge,sms,delivered,Reminder: your next input redemption window is open. Visit your agrodealer this week.,2026-10-06T06:45:11+00:00
F102873,low,0.0854,sms_nudge,sms,delivered,Reminder: your next input redemption window is open. Visit your agrodealer this week.,2026-10-06T06:45:11+00:00
F102874,low,0.0001,sms_nudge,sms,delivered,Reminder: your next input redemption window is open. Visit your agrodealer this week.,2026-10-06T06:45:11+00:00
F102875,high,0.9995,supervisor_escalation,escalation,sent,High default risk (score=1.00) - low input redemption rate; long gap since last farm visit,2026-10-06T06:45:11+00:00
F102876,low,0.018,sms_nudge,sms,delivered,Reminder: your next input redemption window is open. Visit your agrodealer this week.,2026-10-06T06:45:11+00:00
F102877,high,0.9414,supervisor_escalation,escalation,sent,High default risk (score=0.94) - long gap since last farm visit; long distance to nearest agrodealer,2026-10-06T06:45:11+00:00
F102878,low,0.2476,sms_nudge,sms,failed,Reminder: your next input redemption window is open. Visit your agrodealer this week.,2026-10-06T06:45:11+00:00
F102879,low,0.0003,sms_nudge,sms,failed,Reminder: your next input redemption window is open. Visit your agrodealer this week.,2026-10-06T06:45:11+00:00
F102880,low,0.0559,sms_nudge,sms,delivered,Reminder: your next input redemption window is open. Visit your agrodealer this week.,2026-10-06T06:45:11+00:00
F102881,low,0.0211,sms_nudge,sms,delivered,Reminder: your next input redemption window is open. Visit your agrodealer this week.,2026-10-06T06:45:11+00:00
F102882,low,0.0128,sms_nudge,sms,delivered,Reminder: your next input redemption window is open. Visit your agrodealer this week.,2026-10-06T06:45:11+00:00
F102883,low,0.0006,sms_nudge,sms,delivered,Reminder: your next input redemption window is open. Visit your agrodealer this week.,2026-10-06T06:45:11+00:00
F102884,low,0.0022,sms_nudge,sms,delivered,Reminder: your next input redemption window is open. Visit your agrodealer this week.,2026-10-06T06:45:11+00:00
F102885,low,0.048,sms_nudge,sms,delivered,Reminder: your next input redemption window is open. Visit your agrodealer this week.,2026-10-06T06:45:11+00:00
F102886,medium,0.5346,field_agent_task,crm_task,created,Field visit follow-up (medium),2026-10-06T06:45:11+00:00
F102887,low,0.0121,sms_nudge,sms,delivered,Reminder: your next input redemption window is open. Visit your agrodealer this week.,2026-10-06T06:45:11+00:00
F102888,low,0.0113,sms_nudge,sms,delivered,Reminder: your next input redemption window is open. Visit your agrodealer this week.,2026-10-06T06:45:11+00:00
F102889,low,0.0001,sms_nudge,sms,delivered,Reminder: your next input redemption window is open. Visit your agrodealer this week.,2026-10-06T06:45:11+00:00
F102890,high,0.9998,supervisor_escalation,escalation,sent,High default risk (score=1.00) - long gap since last farm visit; low input redemption rate,2026-10-06T06:45:11+00:00
F102891,low,0.0014,sms_nudge,sms,delivered,Reminder: your next input redemption window is open. Visit your agrodealer this week.,2026-10-06T06:45:11+00:00
F102892,high,0.8916,supervisor_escalation,escalation,sent,High default risk (score=0.89) - weak repayment among peer group; below-average prior yield,2026-10-06T06:45:11+00:00
F102893,low,0.001,sms_nudge,sms,delivered,Reminder: your next input redemption window is open. Visit your agrodealer this week.,2026-10-06T06:45:11+00:00
F102894,low,0.001,sms_nudge,sms,delivered,Reminder: your next input redemption window is open. Visit your agrodealer this week.,2026-10-06T06:45:11+00:00
F102895,low,0.0005,sms_nudge,sms,delivered,Reminder: your next input redemption window is open. Visit your agrodealer this week.,2026-10-06T06:45:11+00:00
F102896,low,0.0061,sms_nudge,sms,delivered,Reminder: your next input redemption window is open. Visit your agrodealer this week.,2026-10-06T06:45:11+00:00
F102897,low,0.0006,sms_nudge,sms,delivered,Reminder: your next input redemption window is open. Visit your agrodealer this week.,2026-10-06T06:45:11+00:00
F102898,high,0.9354,supervisor_escalation,escalation,sent,High default risk (score=0.94) - below-average prior yield; low training attendance,2026-10-06T06:45:11+00:00
F102899,high,0.9509,supervisor_escalation,escalation,sent,High default risk (score=0.95) - low training attendance; long gap since last farm visit,2026-10-06T06:45:11+00:00
F102900,low,0.0001,sms_nudge,sms,delivered,Reminder: your next input redemption window is open. Visit your agrodealer this week.,2026-10-06T06:45:11+00:00
F102901,low,0.0241,sms_nudge,sms,delivered,Reminder: your next input redemption window is open. Visit your agrodealer this week.,2026-10-06T06:45:11+00:00
F102902,high,0.9111,supervisor_escalation,escalation,sent,High default risk (score=0.91) - low input redemption rate; long gap since last farm visit,2026-10-06T06:45:11+00:00
F102903,low,0.0231,sms_nudge,sms,delivered,Reminder: your next input redemption window is open. Visit your agrodealer this week.,2026-10-06T06:45:11+00:00
F102904,low,0.0377,sms_nudge,sms,delivered,Reminder: your next input redemption window is open. Visit your agrodealer this week.,2026-10-06T06:45:11+00:00
F102905,high,0.9664,supervisor_escalation,escalation,sent,High default risk (score=0.97) - long gap since last farm visit; low input redemption rate,2026-10-06T06:45:11+00:00
F102906,low,0.0013,sms_nudge,sms,delivered,Reminder: your next input redemption window is open. Visit your agrodealer this week.,2026-10-06T06:45:11+00:00
F102907,low,0.001,sms_nudge,sms,delivered,Reminder: your next input redemption window is open. Visit your agrodealer this week.,2026-10-06T06:45:11+00:00
F102908,low,0.0058,sms_nudge,sms,delivered,Reminder: your next input redemption window is open. Visit your agrodealer this week.,2026-10-06T06:45:11+00:00
F102909,low,0.0014,sms_nudge,sms,delivered,Reminder: your next input redemption window is open. Visit your agrodealer this week.,2026-10-06T06:45:11+00:00
F102910,low,0.0003,sms_nudge,sms,delivered,Reminder: your next input redemption window is open. Visit your agrodealer this week.,2026-10-06T06:45:11+00:00
F102911,low,0.0555,sms_nudge,sms,delivered,Reminder: your next input redemption window is open. Visit your agrodealer this week.,2026-10-06T06:45:11+00:00
F102912,high,0.7915,supervisor_escalation,escalation,sent,High default risk (score=0.79) - long gap since last farm visit; weak repayment among peer group,2026-10-06T06:45:11+00:00
F102913,low,0.1005,sms_nudge,sms,delivered,Reminder: your next input redemption window is open. Visit your agrodealer this week.,2026-10-06T06:45:11+00:00
F102914,low,0.0016,sms_nudge,sms,delivered,Reminder: your next input redemption window is open. Visit your agrodealer this week.,2026-10-06T06:45:11+00:00
F102915,high,0.9734,supervisor_escalation,escalation,sent,High default risk (score=0.97) - long gap since last farm visit; long distance to nearest agrodealer,2026-10-06T06:45:11+00:00
F102916,low,0.0013,sms_nudge,sms,delivered,Reminder: your next input redemption window is open. Visit your agrodealer this week.,2026-10-06T06:45:11+00:00
F102917,low,0.0636,sms_nudge,sms,delivered,Reminder: your next input redemption window is open. Visit your agrodealer this week.,2026-10-06T06:45:11+00:00
F102918,low,0.0005,sms_nudge,sms,delivered,Reminder: your next input redemption window is open. Visit your agrodealer this week.,2026-10-06T06:45:11+00:00
F102919,low,0.0007,sms_nudge,sms,delivered,Reminder: your next input redemption window is open. Visit your agrodealer this week.,2026-10-06T06:45:11+00:00
F102920,high,0.9558,supervisor_escalation,escalation,sent,High default risk (score=0.96) - long gap since last farm visit; low input redemption rate,2026-10-06T06:45:11+00:00
F102921,low,0.0364,sms_nudge,sms,delivered,Reminder: your next input redemption window is open. Visit your agrodealer this week.,2026-10-06T06:45:11+00:00
F102922,low,0.0125,sms_nudge,sms,delivered,Reminder: your next input redemption window is open. Visit your agrodealer this week.,2026-10-06T06:45:11+00:00
F102923,low,0.0372,sms_nudge,sms,delivered,Reminder: your next input redemption window is open. Visit your agrodealer this week.,2026-10-06T06:45:11+00:00
F102924,low,0.0005,sms_nudge,sms,delivered,Reminder: your next input redemption window is open. Visit your agrodealer this week.,2026-10-06T06:45:11+00:00
F102925,low,0.0071,sms_nudge,sms,delivered,Reminder: your next input redemption window is open. Visit your agrodealer this week.,2026-10-06T06:45:11+00:00
F102926,low,0.002,sms_nudge,sms,delivered,Reminder: your next input redemption window is open. Visit your agrodealer this week.,2026-10-06T06:45:11+00:00
F102927,low,0.0091,sms_nudge,sms,delivered,Reminder: your next input redemption window is open. Visit your agrodealer this week.,2026-10-06T06:45:11+00:00
F102928,low,0.0659,sms_nudge,sms,delivered,Reminder: your next input redemption window is open. Visit your agrodealer this week.,2026-10-06T06:45:11+00:00
F102929,low,0.016,sms_nudge,sms,delivered,Reminder: your next input redemption window is open. Visit your agrodealer this week.,2026-10-06T06:45:11+00:00
F102930,high,0.9353,supervisor_escalation,escalation,sent,High default risk (score=0.94) - long gap since last farm visit; low input redemption rate,2026-10-06T06:45:11+00:00
F102931,high,0.9746,supervisor_escalation,escalation,sent,High default risk (score=0.97) - low input redemption rate; weak repayment among peer group,2026-10-06T06:45:11+00:00
F102932,low,0.0226,sms_nudge,sms,delivered,Reminder: your next input redemption window is open. Visit your agrodealer this week.,2026-10-06T06:45:11+00:00
F102933,low,0.0003,sms_nudge,sms,delivered,Reminder: your next input redemption window is open. Visit your agrodealer this week.,2026-10-06T06:45:11+00:00
F102934,medium,0.5399,field_agent_task,crm_task,created,Field visit follow-up (medium),2026-10-06T06:45:11+00:00
F102935,low,0.0119,sms_nudge,sms,delivered,Reminder: your next input redemption window is open. Visit your agrodealer this week.,2026-10-06T06:45:11+00:00
F102936,low,0.1932,sms_nudge,sms,delivered,Reminder: your next input redemption window is open. Visit your agrodealer this week.,2026-10-06T06:45:11+00:00
F102937,low,0.0152,sms_nudge,sms,delivered,Reminder: your next input redemption window is open. Visit your agrodealer this week.,2026-10-06T06:45:11+00:00
F102938,high,0.997,supervisor_escalation,escalation,sent,High default risk (score=1.00) - long gap since last farm visit; no active mobile money usage,2026-10-06T06:45:11+00:00
F102939,low,0.0019,sms_nudge,sms,delivered,Reminder: your next input redemption window is open. Visit your agrodealer this week.,2026-10-06T06:45:11+00:00
F102940,low,0.0199,sms_nudge,sms,delivered,Reminder: your next input redemption window is open. Visit your agrodealer this week.,2026-10-06T06:45:11+00:00
F102941,medium,0.4145,field_agent_task,crm_task,created,Field visit follow-up (medium),2026-10-06T06:45:11+00:00
F102942,low,0.0006,sms_nudge,sms,delivered,Reminder: your next input redemption window is open. Visit your agrodealer this week.,2026-10-06T06:45:11+00:00
F102943,high,0.8288,supervisor_escalation,escalation,sent,High default risk (score=0.83) - low input redemption rate; still early in program tenure,2026-10-06T06:45:11+00:00
F102944,low,0.0109,sms_nudge,sms,delivered,Reminder: your next input redemption window is open. Visit your agrodealer this week.,2026-10-06T06:45:11+00:00
F102945,low,0.0073,sms_nudge,sms,delivered,Reminder: your next input redemption window is open. Visit your agrodealer this week.,2026-10-06T06:45:11+00:00
F102946,low,0.0094,sms_nudge,sms,delivered,Reminder: your next input redemption window is open. Visit your agrodealer this week.,2026-10-06T06:45:11+00:00
F102947,high,0.9944,supervisor_escalation,escalation,sent,High default risk (score=0.99) - long gap since last farm visit; low input redemption rate,2026-10-06T06:45:11+00:00
F102948,low,0.0001,sms_nudge,sms,delivered,Reminder: your next input redemption window is open. Visit your agrodealer this week.,2026-10-06T06:45:11+00:00
F102949,low,0.1684,sms_nudge,sms,delivered,Reminder: your next input redemption window is open. Visit your agrodealer this week.,2026-10-06T06:45:11+00:00
F102950,high,0.9798,supervisor_escalation,escalation,sent,High default risk (score=0.98) - weak repayment among peer group; long gap since last farm visit,2026-10-06T06:45:11+00:00
F102951,high,0.9963,supervisor_escalation,escalation,sent,High default risk (score=1.00) - long gap since last farm visit; low input redemption rate,2026-10-06T06:45:11+00:00
F102952,low,0.0092,sms_nudge,sms,failed,Reminder: your next input redemption window is open. Visit your agrodealer this week.,2026-10-06T06:45:11+00:00
F102953,low,0.0028,sms_nudge,sms,delivered,Reminder: your next input redemption window is open. Visit your agrodealer this week.,2026-10-06T06:45:11+00:00
F102954,high,0.9988,supervisor_escalation,escalation,sent,High default risk (score=1.00) - low input redemption rate; no active mobile money usage,2026-10-06T06:45:11+00:00
F102955,low,0.0024,sms_nudge,sms,delivered,Reminder: your next input redemption window is open. Visit your agrodealer this week.,2026-10-06T06:45:11+00:00
F102956,low,0.1458,sms_nudge,sms,delivered,Reminder: your next input redemption window is open. Visit your agrodealer this week.,2026-10-06T06:45:11+00:00
F102957,medium,0.5579,field_agent_task,crm_task,created,Field visit follow-up (medium),2026-10-06T06:45:11+00:00
F102958,low,0.0002,sms_nudge,sms,delivered,Reminder: your next input redemption window is open. Visit your agrodealer this week.,2026-10-06T06:45:11+00:00
F102959,low,0.0005,sms_nudge,sms,failed,Reminder: your next input redemption window is open. Visit your agrodealer this week.,2026-10-06T06:45:11+00:00
F102960,low,0.0004,sms_nudge,sms,delivered,Reminder: your next input redemption window is open. Visit your agrodealer this week.,2026-10-06T06:45:11+00:00
F102961,low,0.0058,sms_nudge,sms,delivered,Reminder: your next input redemption window is open. Visit your agrodealer this week.,2026-10-06T06:45:11+00:00
F102962,low,0.0048,sms_nudge,sms,delivered,Reminder: your next input redemption window is open. Visit your agrodealer this week.,2026-10-06T06:45:11+00:00
F102963,high,0.9984,supervisor_escalation,escalation,sent,High default risk (score=1.00) - long gap since last farm visit; low input redemption rate,2026-10-06T06:45:11+00:00
F102964,low,0.0009,sms_nudge,sms,delivered,Reminder: your next input redemption window is open. Visit your agrodealer this week.,2026-10-06T06:45:11+00:00
F102965,low,0.0003,sms_nudge,sms,delivered,Reminder: your next input redemption window is open. Visit your agrodealer this week.,2026-10-06T06:45:11+00:00
F102966,low,0.0013,sms_nudge,sms,delivered,Reminder: your next input redemption window is open. Visit your agrodealer this week.,2026-10-06T06:45:11+00:00
F102967,low,0.0094,sms_nudge,sms,delivered,Reminder: your next input redemption window is open. Visit your agrodealer this week.,2026-10-06T06:45:11+00:00
F102968,low,0.0057,sms_nudge,sms,delivered,Reminder: your next input redemption window is open. Visit your agrodealer this week.,2026-10-06T06:45:11+00:00
F102969,high,0.9452,supervisor_escalation,escalation,sent,High default risk (score=0.95) - long gap since last farm visit; low training attendance,2026-10-06T06:45:11+00:00
F102970,low,0.0004,sms_nudge,sms,delivered,Reminder: your next input redemption window is open. Visit your agrodealer this week.,2026-10-06T06:45:11+00:00
F102971,low,0.0004,sms_nudge,sms,delivered,Reminder: your next input redemption window is open. Visit your agrodealer this week.,2026-10-06T06:45:11+00:00
F102972,low,0.0062,sms_nudge,sms,delivered,Reminder: your next input redemption window is open. Visit your agrodealer this week.,2026-10-06T06:45:11+00:00
F102973,low,0.0009,sms_nudge,sms,delivered,Reminder: your next input redemption window is open. Visit your agrodealer this week.,2026-10-06T06:45:11+00:00
F102974,high,0.9039,supervisor_escalation,escalation,sent,High default risk (score=0.90) - low input redemption rate; below-average prior yield,2026-10-06T06:45:11+00:00
F102975,low,0.0001,sms_nudge,sms,delivered,Reminder: your next input redemption window is open. Visit your agrodealer this week.,2026-10-06T06:45:11+00:00
F102976,low,0.0068,sms_nudge,sms,delivered,Reminder: your next input redemption window is open. Visit your agrodealer this week.,2026-10-06T06:45:11+00:00
F102977,high,0.8484,supervisor_escalation,escalation,sent,High default risk (score=0.85) - long gap since last farm visit; low input redemption rate,2026-10-06T06:45:11+00:00
F102978,low,0.0038,sms_nudge,sms,delivered,Reminder: your next input redemption window is open. Visit your agrodealer this week.,2026-10-06T06:45:11+00:00
F102979,low,0.0074,sms_nudge,sms,delivered,Reminder: your next input redemption window is open. Visit your agrodealer this week.,2026-10-06T06:45:11+00:00
F102980,low,0.0004,sms_nudge,sms,delivered,Reminder: your next input redemption window is open. Visit your agrodealer this week.,2026-10-06T06:45:11+00:00
F102981,low,0.0005,sms_nudge,sms,delivered,Reminder: your next input redemption window is open. Visit your agrodealer this week.,2026-10-06T06:45:11+00:00
F102982,high,0.9721,supervisor_escalation,escalation,sent,High default risk (score=0.97) - long gap since last farm visit; low input redemption rate,2026-10-06T06:45:11+00:00
F102983,high,0.9155,supervisor_escalation,escalation,sent,High default risk (score=0.92) - long gap since last farm visit; low input redemption rate,2026-10-06T06:45:11+00:00
F102984,low,0.0008,sms_nudge,sms,delivered,Reminder: your next input redemption window is open. Visit your agrodealer this week.,2026-10-06T06:45:11+00:00
F102985,low,0.0024,sms_nudge,sms,delivered,Reminder: your next input redemption window is open. Visit your agrodealer this week.,2026-10-06T06:45:11+00:00
F102986,low,0.0024,sms_nudge,sms,delivered,Reminder: your next input redemption window is open. Visit your agrodealer this week.,2026-10-06T06:45:11+00:00
F102987,low,0.0007,sms_nudge,sms,delivered,Reminder: your next input redemption window is open. Visit your agrodealer this week.,2026-10-06T06:45:11+00:00
F102988,low,0.0002,sms_nudge,sms,delivered,Reminder: your next input redemption window is open. Visit your agrodealer this week.,2026-10-06T06:45:11+00:00
F102989,low,0.0023,sms_nudge,sms,delivered,Reminder: your next input redemption window is open. Visit your agrodealer this week.,2026-10-06T06:45:11+00:00
F102990,low,0.0192,sms_nudge,sms,failed,Reminder: your next input redemption window is open. Visit your agrodealer this week.,2026-10-06T06:45:11+00:00
F102991,low,0.0392,sms_nudge,sms,delivered,Reminder: your next input redemption window is open. Visit your agrodealer this week.,2026-10-06T06:45:11+00:00
F102992,low,0.0064,sms_nudge,sms,delivered,Reminder: your next input redemption window is open. Visit your agrodealer this week.,2026-10-06T06:45:11+00:00
F102993,low,0.0005,sms_nudge,sms,delivered,Reminder: your next input redemption window is open. Visit your agrodealer this week.,2026-10-06T06:45:11+00:00
F102994,low,0.0082,sms_nudge,sms,delivered,Reminder: your next input redemption window is open. Visit your agrodealer this week.,2026-10-06T06:45:11+00:00
F102995,low,0.0159,sms_nudge,sms,delivered,Reminder: your next input redemption window is open. Visit your agrodealer this week.,2026-10-06T06:45:11+00:00
F102996,low,0.0007,sms_nudge,sms,delivered,Reminder: your next input redemption window is open. Visit your agrodealer this week.,2026-10-06T06:45:11+00:00
F102997,high,0.7214,supervisor_escalation,escalation,sent,High default risk (score=0.72) - long gap since last farm visit; low training attendance,2026-10-06T06:45:11+00:00
F102998,low,0.0004,sms_nudge,sms,delivered,Reminder: your next input redemption window is open. Visit your agrodealer this week.,2026-10-06T06:45:11+00:00
F102999,low,0.2549,sms_nudge,sms,delivered,Reminder: your next input redemption window is open. Visit your agrodealer this week.,2026-10-06T06:45:11+00:00
F103000,low,0.0002,sms_nudge,sms,delivered,Reminder: your next input redemption window is open. Visit your agrodealer this week.,2026-10-06T06:45:11+00:00
F103001,high,0.9185,supervisor_escalation,escalation,sent,High default risk (score=0.92) - long gap since last farm visit; no active mobile money usage,2026-10-06T06:45:11+00:00
F103002,low,0.0006,sms_nudge,sms,delivered,Reminder: your next input redemption window is open. Visit your agrodealer this week.,2026-10-06T06:45:11+00:00
F103003,high,0.9981,supervisor_escalation,escalation,sent,High default risk (score=1.00) - long gap since last farm visit; low input redemption rate,2026-10-06T06:45:11+00:00
F103004,low,0.0015,sms_nudge,sms,delivered,Reminder: your next input redemption window is open. Visit your agrodealer this week.,2026-10-06T06:45:11+00:00
F103005,low,0.0072,sms_nudge,sms,delivered,Reminder: your next input redemption window is open. Visit your agrodealer this week.,2026-10-06T06:45:11+00:00
F103006,low,0.0013,sms_nudge,sms,delivered,Reminder: your next input redemption window is open. Visit your agrodealer this week.,2026-10-06T06:45:11+00:00
F103007,high,0.9754,supervisor_escalation,escalation,sent,High default risk (score=0.98) - long gap since last farm visit; below-average prior yield,2026-10-06T06:45:11+00:00
F103008,low,0.0005,sms_nudge,sms,delivered,Reminder: your next input redemption window is open. Visit your agrodealer this week.,2026-10-06T06:45:11+00:00
F103009,low,0.0007,sms_nudge,sms,delivered,Reminder: your next input redemption window is open. Visit your agrodealer this week.,2026-10-06T06:45:11+00:00
F103010,low,0.0002,sms_nudge,sms,delivered,Reminder: your next input redemption window is open. Visit your agrodealer this week.,2026-10-06T06:45:11+00:00
F103011,high,0.9981,supervisor_escalation,escalation,sent,High default risk (score=1.00) - low input redemption rate; long gap since last farm visit,2026-10-06T06:45:11+00:00
F103012,low,0.0007,sms_nudge,sms,delivered,Reminder: your next input redemption window is open. Visit your agrodealer this week.,2026-10-06T06:45:11+00:00
F103013,low,0.0006,sms_nudge,sms,delivered,Reminder: your next input redemption window is open. Visit your agrodealer this week.,2026-10-06T06:45:11+00:00
F103014,low,0.0009,sms_nudge,sms,delivered,Reminder: your next input redemption window is open. Visit your agrodealer this week.,2026-10-06T06:45:11+00:00
F103015,low,0.0174,sms_nudge,sms,failed,Reminder: your next input redemption window is open. Visit your agrodealer this week.,2026-10-06T06:45:11+00:00
F103016,high,0.8428,supervisor_escalation,escalation,sent,High default risk (score=0.84) - low training attendance; long gap since last farm visit,2026-10-06T06:45:11+00:00
F103017,high,0.9416,supervisor_escalation,escalation,sent,High default risk (score=0.94) - weak repayment among peer group; no active mobile money usage,2026-10-06T06:45:11+00:00
F103018,high,0.9807,supervisor_escalation,escalation,sent,High default risk (score=0.98) - long gap since last farm visit; long distance to nearest agrodealer,2026-10-06T06:45:11+00:00
F103019,low,0.0002,sms_nudge,sms,delivered,Reminder: your next input redemption window is open. Visit your agrodealer this week.,2026-10-06T06:45:11+00:00
F103020,low,0.0059,sms_nudge,sms,delivered,Reminder: your next input redemption window is open. Visit your agrodealer this week.,2026-10-06T06:45:11+00:00
F103021,low,0.0943,sms_nudge,sms,delivered,Reminder: your next input redemption window is open. Visit your agrodealer this week.,2026-10-06T06:45:11+00:00
F103022,low,0.0013,sms_nudge,sms,delivered,Reminder: your next input redemption window is open. Visit your agrodealer this week.,2026-10-06T06:45:11+00:00
F103023,low,0.0001,sms_nudge,sms,delivered,Reminder: your next input redemption window is open. Visit your agrodealer this week.,2026-10-06T06:45:11+00:00
F103024,high,0.9989,supervisor_escalation,escalation,sent,High default risk (score=1.00) - low input redemption rate; low training attendance,2026-10-06T06:45:11+00:00
F103025,low,0.0138,sms_nudge,sms,delivered,Reminder: your next input redemption window is open. Visit your agrodealer this week.,2026-10-06T06:45:11+00:00
F103026,low,0.0096,sms_nudge,sms,delivered,Reminder: your next input redemption window is open. Visit your agrodealer this week.,2026-10-06T06:45:11+00:00
F103027,low,0.0172,sms_nudge,sms,delivered,Reminder: your next input redemption window is open. Visit your agrodealer this week.,2026-10-06T06:45:11+00:00
F103028,high,0.9163,supervisor_escalation,escalation,sent,High default risk (score=0.92) - no active mobile money usage; long gap since last farm visit,2026-10-06T06:45:11+00:00
F103029,low,0.0011,sms_nudge,sms,delivered,Reminder: your next input redemption window is open. Visit your agrodealer this week.,2026-10-06T06:45:11+00:00
F103030,high,0.9654,supervisor_escalation,escalation,sent,High default risk (score=0.97) - long gap since last farm visit; low training attendance,2026-10-06T06:45:11+00:00
F103031,low,0.0003,sms_nudge,sms,delivered,Reminder: your next input redemption window is open. Visit your agrodealer this week.,2026-10-06T06:45:11+00:00
F103032,low,0.001,sms_nudge,sms,delivered,Reminder: your next input redemption window is open. Visit your agrodealer this week.,2026-10-06T06:45:11+00:00
F103033,low,0.0017,sms_nudge,sms,delivered,Reminder: your next input redemption window is open. Visit your agrodealer this week.,2026-10-06T06:45:11+00:00
F103034,low,0.0005,sms_nudge,sms,delivered,Reminder: your next input redemption window is open. Visit your agrodealer this week.,2026-10-06T06:45:11+00:00
F103035,high,0.9777,supervisor_escalation,escalation,sent,High default risk (score=0.98) - low input redemption rate; long gap since last farm visit,2026-10-06T06:45:11+00:00
F103036,low,0.0051,sms_nudge,sms,delivered,Reminder: your next input redemption window is open. Visit your agrodealer this week.,2026-10-06T06:45:11+00:00
F103037,low,0.0068,sms_nudge,sms,delivered,Reminder: your next input redemption window is open. Visit your agrodealer this week.,2026-10-06T06:45:11+00:00
F103038,low,0.0021,sms_nudge,sms,delivered,Reminder: your next input redemption window is open. Visit your agrodealer this week.,2026-10-06T06:45:11+00:00
F103039,low,0.0022,sms_nudge,sms,delivered,Reminder: your next input redemption window is open. Visit your agrodealer this week.,2026-10-06T06:45:11+00:00
F103040,low,0.0026,sms_nudge,sms,delivered,Reminder: your next input redemption window is open. Visit your agrodealer this week.,2026-10-06T06:45:11+00:00
F103041,low,0.1185,sms_nudge,sms,delivered,Reminder: your next input redemption window is open. Visit your agrodealer this week.,2026-10-06T06:45:11+00:00
F103042,high,0.9999,supervisor_escalation,escalation,sent,High default risk (score=1.00) - long gap since last farm visit; weak repayment among peer group,2026-10-06T06:45:11+00:00
F103043,low,0.0115,sms_nudge,sms,delivered,Reminder: your next input redemption window is open. Visit your agrodealer this week.,2026-10-06T06:45:11+00:00
F103044,low,0.1331,sms_nudge,sms,delivered,Reminder: your next input redemption window is open. Visit your agrodealer this week.,2026-10-06T06:45:11+00:00
F103045,low,0.0078,sms_nudge,sms,delivered,Reminder: your next input redemption window is open. Visit your agrodealer this week.,2026-10-06T06:45:11+00:00
F103046,low,0.029,sms_nudge,sms,delivered,Reminder: your next input redemption window is open. Visit your agrodealer this week.,2026-10-06T06:45:11+00:00
F103047,low,0.0017,sms_nudge,sms,delivered,Reminder: your next input redemption window is open. Visit your agrodealer this week.,2026-10-06T06:45:11+00:00
F103048,low,0.0332,sms_nudge,sms,delivered,Reminder: your next input redemption window is open. Visit your agrodealer this week.,2026-10-06T06:45:11+00:00
F103049,low,0.0126,sms_nudge,sms,delivered,Reminder: your next input redemption window is open. Visit your agrodealer this week.,2026-10-06T06:45:11+00:00
F103050,low,0.0288,sms_nudge,sms,delivered,Reminder: your next input redemption window is open. Visit your agrodealer this week.,2026-10-06T06:45:11+00:00
F103051,low,0.0011,sms_nudge,sms,delivered,Reminder: your next input redemption window is open. Visit your agrodealer this week.,2026-10-06T06:45:11+00:00
F103052,low,0.0397,sms_nudge,sms,delivered,Reminder: your next input redemption window is open. Visit your agrodealer this week.,2026-10-06T06:45:11+00:00
F103053,high,0.9812,supervisor_escalation,escalation,sent,High default risk (score=0.98) - long gap since last farm visit; long distance to nearest agrodealer,2026-10-06T06:45:11+00:00
F103054,high,0.9324,supervisor_escalation,escalation,sent,High default risk (score=0.93) - long gap since last farm visit; no active mobile money usage,2026-10-06T06:45:11+00:00
F103055,low,0.0003,sms_nudge,sms,delivered,Reminder: your next input redemption window is open. Visit your agrodealer this week.,2026-10-06T06:45:11+00:00
F103056,low,0.0002,sms_nudge,sms,delivered,Reminder: your next input redemption window is open. Visit your agrodealer this week.,2026-10-06T06:45:11+00:00
F103057,high,0.9391,supervisor_escalation,escalation,sent,High default risk (score=0.94) - weak repayment among peer group; no active mobile money usage,2026-10-06T06:45:11+00:00
F103058,high,0.9992,supervisor_escalation,escalation,sent,High default risk (score=1.00) - long gap since last farm visit; low training attendance,2026-10-06T06:45:11+00:00
F103059,low,0.0011,sms_nudge,sms,delivered,Reminder: your next input redemption window is open. Visit your agrodealer this week.,2026-10-06T06:45:11+00:00
F103060,high,0.9484,supervisor_escalation,escalation,sent,High default risk (score=0.95) - long gap since last farm visit; weak repayment among peer group,2026-10-06T06:45:11+00:00
F103061,high,0.9993,supervisor_escalation,escalation,sent,High default risk (score=1.00) - low training attendance; long gap since last farm visit,2026-10-06T06:45:11+00:00
F103062,low,0.0294,sms_nudge,sms,delivered,Reminder: your next input redemption window is open. Visit your agrodealer this week.,2026-10-06T06:45:11+00:00
F103063,low,0.0479,sms_nudge,sms,delivered,Reminder: your next input redemption window is open. Visit your agrodealer this week.,2026-10-06T06:45:11+00:00
F103064,low,0.0,sms_nudge,sms,delivered,Reminder: your next input redemption window is open. Visit your agrodealer this week.,2026-10-06T06:45:11+00:00
F103065,low,0.0003,sms_nudge,sms,delivered,Reminder: your next input redemption window is open. Visit your agrodealer this week.,2026-10-06T06:45:11+00:00
F103066,low,0.0008,sms_nudge,sms,delivered,Reminder: your next input redemption window is open. Visit your agrodealer this week.,2026-10-06T06:45:11+00:00
F103067,low,0.0016,sms_nudge,sms,failed,Reminder: your next input redemption window is open. Visit your agrodealer this week.,2026-10-06T06:45:11+00:00
F103068,low,0.0091,sms_nudge,sms,delivered,Reminder: your next input redemption window is open. Visit your agrodealer this week.,2026-10-06T06:45:11+00:00
F103069,low,0.0002,sms_nudge,sms,delivered,Reminder: your next input redemption window is open. Visit your agrodealer this week.,2026-10-06T06:45:11+00:00
F103070,high,0.9985,supervisor_escalation,escalation,sent,High default risk (score=1.00) - long gap since last farm visit; low training attendance,2026-10-06T06:45:11+00:00
F103071,low,0.0001,sms_nudge,sms,delivered,Reminder: your next input redemption window is open. Visit your agrodealer this week.,2026-10-06T06:45:11+00:00
F103072,low,0.0006,sms_nudge,sms,delivered,Reminder: your next input redemption window is open. Visit your agrodealer this week.,2026-10-06T06:45:11+00:00
F103073,low,0.0029,sms_nudge,sms,delivered,Reminder: your next input redemption window is open. Visit your agrodealer this week.,2026-10-06T06:45:11+00:00
F103074,high,0.9934,supervisor_escalation,escalation,sent,High default risk (score=0.99) - long gap since last farm visit; low input redemption rate,2026-10-06T06:45:11+00:00
F103075,high,0.9576,supervisor_escalation,escalation,sent,High default risk (score=0.96) - weak repayment among peer group; below-average prior yield,2026-10-06T06:45:11+00:00
F103076,low,0.0011,sms_nudge,sms,delivered,Reminder: your next input redemption window is open. Visit your agrodealer this week.,2026-10-06T06:45:11+00:00
F103077,low,0.033,sms_nudge,sms,delivered,Reminder: your next input redemption window is open. Visit your agrodealer this week.,2026-10-06T06:45:11+00:00
F103078,low,0.0019,sms_nudge,sms,delivered,Reminder: your next input redemption window is open. Visit your agrodealer this week.,2026-10-06T06:45:11+00:00
F103079,low,0.0007,sms_nudge,sms,delivered,Reminder: your next input redemption window is open. Visit your agrodealer this week.,2026-10-06T06:45:11+00:00
F103080,low,0.0005,sms_nudge,sms,delivered,Reminder: your next input redemption window is open. Visit your agrodealer this week.,2026-10-06T06:45:11+00:00
F103081,low,0.0075,sms_nudge,sms,delivered,Reminder: your next input redemption window is open. Visit your agrodealer this week.,2026-10-06T06:45:11+00:00
F103082,low,0.0495,sms_nudge,sms,delivered,Reminder: your next input redemption window is open. Visit your agrodealer this week.,2026-10-06T06:45:11+00:00
F103083,low,0.0143,sms_nudge,sms,delivered,Reminder: your next input redemption window is open. Visit your agrodealer this week.,2026-10-06T06:45:11+00:00
F103084,high,0.88,supervisor_escalation,escalation,sent,High default risk (score=0.88) - weak repayment among peer group; long gap since last farm visit,2026-10-06T06:45:11+00:00
F103085,low,0.0235,sms_nudge,sms,delivered,Reminder: your next input redemption window is open. Visit your agrodealer this week.,2026-10-06T06:45:11+00:00
F103086,low,0.0018,sms_nudge,sms,delivered,Reminder: your next input redemption window is open. Visit your agrodealer this week.,2026-10-06T06:45:11+00:00
F103087,low,0.0288,sms_nudge,sms,delivered,Reminder: your next input redemption window is open. Visit your agrodealer this week.,2026-10-06T06:45:11+00:00
F103088,high,0.9944,supervisor_escalation,escalation,sent,High default risk (score=0.99) - low input redemption rate; no active mobile money usage,2026-10-06T06:45:11+00:00
F103089,low,0.0,sms_nudge,sms,delivered,Reminder: your next input redemption window is open. Visit your agrodealer this week.,2026-10-06T06:45:11+00:00
F103090,low,0.0775,sms_nudge,sms,delivered,Reminder: your next input redemption window is open. Visit your agrodealer this week.,2026-10-06T06:45:11+00:00
F103091,low,0.091,sms_nudge,sms,delivered,Reminder: your next input redemption window is open. Visit your agrodealer this week.,2026-10-06T06:45:11+00:00
F103092,low,0.0008,sms_nudge,sms,delivered,Reminder: your next input redemption window is open. Visit your agrodealer this week.,2026-10-06T06:45:11+00:00
F103093,high,0.9365,supervisor_escalation,escalation,sent,High default risk (score=0.94) - long distance to nearest agrodealer; low training attendance,2026-10-06T06:45:11+00:00
F103094,low,0.0047,sms_nudge,sms,delivered,Reminder: your next input redemption window is open. Visit your agrodealer this week.,2026-10-06T06:45:11+00:00
F103095,low,0.002,sms_nudge,sms,delivered,Reminder: your next input redemption window is open. Visit your agrodealer this week.,2026-10-06T06:45:11+00:00
F103096,low,0.0018,sms_nudge,sms,delivered,Reminder: your next input redemption window is open. Visit your agrodealer this week.,2026-10-06T06:45:11+00:00
F103097,high,0.9662,supervisor_escalation,escalation,sent,High default risk (score=0.97) - low input redemption rate; no active mobile money usage,2026-10-06T06:45:11+00:00
F103098,low,0.1364,sms_nudge,sms,delivered,Reminder: your next input redemption window is open. Visit your agrodealer this week.,2026-10-06T06:45:11+00:00
F103099,low,0.0475,sms_nudge,sms,delivered,Reminder: your next input redemption window is open. Visit your agrodealer this week.,2026-10-06T06:45:11+00:00
F103100,low,0.033,sms_nudge,sms,delivered,Reminder: your next input redemption window is open. Visit your agrodealer this week.,2026-10-06T06:45:11+00:00
F103101,high,0.6857,supervisor_escalation,escalation,sent,High default risk (score=0.69) - farm size; age,2026-10-06T06:45:11+00:00
F103102,low,0.0054,sms_nudge,sms,delivered,Reminder: your next input redemption window is open. Visit your agrodealer this week.,2026-10-06T06:45:11+00:00
F103103,low,0.0117,sms_nudge,sms,delivered,Reminder: your next input redemption window is open. Visit your agrodealer this week.,2026-10-06T06:45:11+00:00
F103104,low,0.0211,sms_nudge,sms,delivered,Reminder: your next input redemption window is open. Visit your agrodealer this week.,2026-10-06T06:45:11+00:00
F103105,low,0.0808,sms_nudge,sms,delivered,Reminder: your next input redemption window is open. Visit your agrodealer this week.,2026-10-06T06:45:11+00:00
F103106,high,0.9172,supervisor_escalation,escalation,sent,High default risk (score=0.92) - low training attendance; long distance to nearest agrodealer,2026-10-06T06:45:11+00:00
F103107,low,0.0158,sms_nudge,sms,delivered,Reminder: your next input redemption window is open. Visit your agrodealer this week.,2026-10-06T06:45:11+00:00
F103108,high,0.9229,supervisor_escalation,escalation,sent,High default risk (score=0.92) - no active mobile money usage; below-average prior yield,2026-10-06T06:45:11+00:00
F103109,low,0.056,sms_nudge,sms,delivered,Reminder: your next input redemption window is open. Visit your agrodealer this week.,2026-10-06T06:45:11+00:00
F103110,medium,0.586,field_agent_task,crm_task,created,Field visit follow-up (medium),2026-10-06T06:45:11+00:00
F103111,low,0.0015,sms_nudge,sms,delivered,Reminder: your next input redemption window is open. Visit your agrodealer this week.,2026-10-06T06:45:11+00:00
F103112,low,0.0001,sms_nudge,sms,delivered,Reminder: your next input redemption window is open. Visit your agrodealer this week.,2026-10-06T06:45:11+00:00
F103113,low,0.0004,sms_nudge,sms,delivered,Reminder: your next input redemption window is open. Visit your agrodealer this week.,2026-10-06T06:45:11+00:00
F103114,low,0.0021,sms_nudge,sms,delivered,Reminder: your next input redemption window is open. Visit your agrodealer this week.,2026-10-06T06:45:11+00:00
F103115,high,0.9483,supervisor_escalation,escalation,sent,High default risk (score=0.95) - low input redemption rate; long distance to nearest agrodealer,2026-10-06T06:45:11+00:00
F103116,low,0.0077,sms_nudge,sms,delivered,Reminder: your next input redemption window is open. Visit your agrodealer this week.,2026-10-06T06:45:11+00:00
F103117,low,0.004,sms_nudge,sms,delivered,Reminder: your next input redemption window is open. Visit your agrodealer this week.,2026-10-06T06:45:11+00:00
F103118,low,0.01,sms_nudge,sms,delivered,Reminder: your next input redemption window is open. Visit your agrodealer this week.,2026-10-06T06:45:11+00:00
F103119,high,0.9739,supervisor_escalation,escalation,sent,High default risk (score=0.97) - long gap since last farm visit; no active mobile money usage,2026-10-06T06:45:11+00:00
F103120,high,0.9167,supervisor_escalation,escalation,sent,High default risk (score=0.92) - no active mobile money usage; low training attendance,2026-10-06T06:45:11+00:00
F103121,low,0.0967,sms_nudge,sms,delivered,Reminder: your next input redemption window is open. Visit your agrodealer this week.,2026-10-06T06:45:11+00:00
F103122,low,0.1909,sms_nudge,sms,delivered,Reminder: your next input redemption window is open. Visit your agrodealer this week.,2026-10-06T06:45:11+00:00
F103123,low,0.0029,sms_nudge,sms,delivered,Reminder: your next input redemption window is open. Visit your agrodealer this week.,2026-10-06T06:45:11+00:00
F103124,low,0.0004,sms_nudge,sms,delivered,Reminder: your next input redemption window is open. Visit your agrodealer this week.,2026-10-06T06:45:11+00:00
F103125,low,0.0002,sms_nudge,sms,delivered,Reminder: your next input redemption window is open. Visit your agrodealer this week.,2026-10-06T06:45:11+00:00
F103126,low,0.0059,sms_nudge,sms,delivered,Reminder: your next input redemption window is open. Visit your agrodealer this week.,2026-10-06T06:45:11+00:00
F103127,high,0.977,supervisor_escalation,escalation,sent,High default risk (score=0.98) - long gap since last farm visit; below-average prior yield,2026-10-06T06:45:11+00:00
F103128,low,0.0037,sms_nudge,sms,delivered,Reminder: your next input redemption window is open. Visit your agrodealer this week.,2026-10-06T06:45:11+00:00
F103129,low,0.005,sms_nudge,sms,delivered,Reminder: your next input redemption window is open. Visit your agrodealer this week.,2026-10-06T06:45:11+00:00
F103130,low,0.0032,sms_nudge,sms,delivered,Reminder: your next input redemption window is open. Visit your agrodealer this week.,2026-10-06T06:45:11+00:00
F103131,high,0.9978,supervisor_escalation,escalation,sent,High default risk (score=1.00) - low input redemption rate; low training attendance,2026-10-06T06:45:11+00:00
F103132,high,0.9805,supervisor_escalation,escalation,sent,High default risk (score=0.98) - long gap since last farm visit; no active mobile money usage,2026-10-06T06:45:11+00:00
F103133,high,0.9187,supervisor_escalation,escalation,sent,High default risk (score=0.92) - low input redemption rate; weak repayment among peer group,2026-10-06T06:45:11+00:00
F103134,low,0.0003,sms_nudge,sms,delivered,Reminder: your next input redemption window is open. Visit your agrodealer this week.,2026-10-06T06:45:11+00:00
F103135,low,0.0083,sms_nudge,sms,delivered,Reminder: your next input redemption window is open. Visit your agrodealer this week.,2026-10-06T06:45:11+00:00
F103136,high,0.8847,supervisor_escalation,escalation,sent,High default risk (score=0.88) - below-average prior yield; low training attendance,2026-10-06T06:45:11+00:00
F103137,low,0.0081,sms_nudge,sms,delivered,Reminder: your next input redemption window is open. Visit your agrodealer this week.,2026-10-06T06:45:11+00:00
F103138,low,0.0587,sms_nudge,sms,delivered,Reminder: your next input redemption window is open. Visit your agrodealer this week.,2026-10-06T06:45:11+00:00
F103139,low,0.0035,sms_nudge,sms,delivered,Reminder: your next input redemption window is open. Visit your agrodealer this week.,2026-10-06T06:45:11+00:00
F103140,low,0.0,sms_nudge,sms,delivered,Reminder: your next input redemption window is open. Visit your agrodealer this week.,2026-10-06T06:45:11+00:00
F103141,high,0.9757,supervisor_escalation,escalation,sent,High default risk (score=0.98) - long gap since last farm visit; low input redemption rate,2026-10-06T06:45:11+00:00
F103142,low,0.0545,sms_nudge,sms,delivered,Reminder: your next input redemption window is open. Visit your agrodealer this week.,2026-10-06T06:45:11+00:00
F103143,low,0.0005,sms_nudge,sms,delivered,Reminder: your next input redemption window is open. Visit your agrodealer this week.,2026-10-06T06:45:11+00:00
F103144,low,0.0004,sms_nudge,sms,delivered,Reminder: your next input redemption window is open. Visit your agrodealer this week.,2026-10-06T06:45:11+00:00
F103145,low,0.0031,sms_nudge,sms,delivered,Reminder: your next input redemption window is open. Visit your agrodealer this week.,2026-10-06T06:45:11+00:00
F103146,high,0.9936,supervisor_escalation,escalation,sent,High default risk (score=0.99) - low input redemption rate; long gap since last farm visit,2026-10-06T06:45:11+00:00
F103147,low,0.0255,sms_nudge,sms,delivered,Reminder: your next input redemption window is open. Visit your agrodealer this week.,2026-10-06T06:45:11+00:00
F103148,low,0.0003,sms_nudge,sms,delivered,Reminder: your next input redemption window is open. Visit your agrodealer this week.,2026-10-06T06:45:11+00:00
F103149,low,0.0223,sms_nudge,sms,delivered,Reminder: your next input redemption window is open. Visit your agrodealer this week.,2026-10-06T06:45:11+00:00
F103150,low,0.0002,sms_nudge,sms,delivered,Reminder: your next input redemption window is open. Visit your agrodealer this week.,2026-10-06T06:45:11+00:00
F103151,high,0.962,supervisor_escalation,escalation,sent,High default risk (score=0.96) - low input redemption rate; no active mobile money usage,2026-10-06T06:45:11+00:00
F103152,low,0.0014,sms_nudge,sms,delivered,Reminder: your next input redemption window is open. Visit your agrodealer this week.,2026-10-06T06:45:11+00:00
F103153,low,0.0085,sms_nudge,sms,delivered,Reminder: your next input redemption window is open. Visit your agrodealer this week.,2026-10-06T06:45:11+00:00
F103154,low,0.0013,sms_nudge,sms,failed,Reminder: your next input redemption window is open. Visit your agrodealer this week.,2026-10-06T06:45:11+00:00
F103155,high,0.984,supervisor_escalation,escalation,sent,High default risk (score=0.98) - long gap since last farm visit; low input redemption rate,2026-10-06T06:45:11+00:00
F103156,low,0.0004,sms_nudge,sms,delivered,Reminder: your next input redemption window is open. Visit your agrodealer this week.,2026-10-06T06:45:11+00:00
F103157,low,0.0011,sms_nudge,sms,delivered,Reminder: your next input redemption window is open. Visit your agrodealer this week.,2026-10-06T06:45:11+00:00
F103158,low,0.0011,sms_nudge,sms,delivered,Reminder: your next input redemption window is open. Visit your agrodealer this week.,2026-10-06T06:45:11+00:00
F103159,low,0.0185,sms_nudge,sms,delivered,Reminder: your next input redemption window is open. Visit your agrodealer this week.,2026-10-06T06:45:11+00:00
F103160,low,0.0007,sms_nudge,sms,delivered,Reminder: your next input redemption window is open. Visit your agrodealer this week.,2026-10-06T06:45:11+00:00
F103161,low,0.0004,sms_nudge,sms,delivered,Reminder: your next input redemption window is open. Visit your agrodealer this week.,2026-10-06T06:45:11+00:00
F103162,low,0.0004,sms_nudge,sms,delivered,Reminder: your next input redemption window is open. Visit your agrodealer this week.,2026-10-06T06:45:11+00:00
F103163,low,0.0014,sms_nudge,sms,delivered,Reminder: your next input redemption window is open. Visit your agrodealer this week.,2026-10-06T06:45:11+00:00
F103164,high,0.955,supervisor_escalation,escalation,sent,High default risk (score=0.95) - below-average prior yield; long gap since last farm visit,2026-10-06T06:45:11+00:00
F103165,low,0.0008,sms_nudge,sms,delivered,Reminder: your next input redemption window is open. Visit your agrodealer this week.,2026-10-06T06:45:11+00:00
F103166,low,0.0061,sms_nudge,sms,delivered,Reminder: your next input redemption window is open. Visit your agrodealer this week.,2026-10-06T06:45:11+00:00
F103167,high,0.9611,supervisor_escalation,escalation,sent,High default risk (score=0.96) - weak repayment among peer group; below-average prior yield,2026-10-06T06:45:11+00:00
F103168,low,0.0705,sms_nudge,sms,delivered,Reminder: your next input redemption window is open. Visit your agrodealer this week.,2026-10-06T06:45:11+00:00
F103169,high,0.9377,supervisor_escalation,escalation,sent,High default risk (score=0.94) - low input redemption rate; long gap since last farm visit,2026-10-06T06:45:11+00:00
F103170,high,0.9606,supervisor_escalation,escalation,sent,High default risk (score=0.96) - long gap since last farm visit; low training attendance,2026-10-06T06:45:11+00:00
F103171,low,0.0642,sms_nudge,sms,delivered,Reminder: your next input redemption window is open. Visit your agrodealer this week.,2026-10-06T06:45:11+00:00
F103172,low,0.0105,sms_nudge,sms,delivered,Reminder: your next input redemption window is open. Visit your agrodealer this week.,2026-10-06T06:45:11+00:00
F103173,high,0.9212,supervisor_escalation,escalation,sent,High default risk (score=0.92) - long gap since last farm visit; low input redemption rate,2026-10-06T06:45:11+00:00
F103174,low,0.0011,sms_nudge,sms,delivered,Reminder: your next input redemption window is open. Visit your agrodealer this week.,2026-10-06T06:45:11+00:00
F103175,high,0.9809,supervisor_escalation,escalation,sent,High default risk (score=0.98) - long gap since last farm visit; no active mobile money usage,2026-10-06T06:45:11+00:00
F103176,low,0.0012,sms_nudge,sms,delivered,Reminder: your next input redemption window is open. Visit your agrodealer this week.,2026-10-06T06:45:11+00:00
F103177,high,0.9843,supervisor_escalation,escalation,sent,High default risk (score=0.98) - low input redemption rate; long distance to nearest agrodealer,2026-10-06T06:45:11+00:00
F103178,low,0.0058,sms_nudge,sms,failed,Reminder: your next input redemption window is open. Visit your agrodealer this week.,2026-10-06T06:45:11+00:00
F103179,low,0.0004,sms_nudge,sms,failed,Reminder: your next input redemption window is open. Visit your agrodealer this week.,2026-10-06T06:45:11+00:00
F103180,high,0.6069,supervisor_escalation,escalation,sent,High default risk (score=0.61) - low input redemption rate; low training attendance,2026-10-06T06:45:11+00:00
F103181,low,0.0107,sms_nudge,sms,delivered,Reminder: your next input redemption window is open. Visit your agrodealer this week.,2026-10-06T06:45:11+00:00
F103182,low,0.0004,sms_nudge,sms,delivered,Reminder: your next input redemption window is open. Visit your agrodealer this week.,2026-10-06T06:45:11+00:00
F103183,low,0.0063,sms_nudge,sms,delivered,Reminder: your next input redemption window is open. Visit your agrodealer this week.,2026-10-06T06:45:11+00:00
F103184,high,0.9631,supervisor_escalation,escalation,sent,High default risk (score=0.96) - long distance to nearest agrodealer; low input redemption rate,2026-10-06T06:45:11+00:00
F103185,low,0.0008,sms_nudge,sms,delivered,Reminder: your next input redemption window is open. Visit your agrodealer this week.,2026-10-06T06:45:11+00:00
F103186,low,0.0011,sms_nudge,sms,failed,Reminder: your next input redemption window is open. Visit your agrodealer this week.,2026-10-06T06:45:11+00:00
F103187,high,0.9974,supervisor_escalation,escalation,sent,High default risk (score=1.00) - long gap since last farm visit; long distance to nearest agrodealer,2026-10-06T06:45:11+00:00
F103188,low,0.0019,sms_nudge,sms,delivered,Reminder: your next input redemption window is open. Visit your agrodealer this week.,2026-10-06T06:45:11+00:00
F103189,low,0.0004,sms_nudge,sms,delivered,Reminder: your next input redemption window is open. Visit your agrodealer this week.,2026-10-06T06:45:11+00:00
F103190,low,0.005,sms_nudge,sms,delivered,Reminder: your next input redemption window is open. Visit your agrodealer this week.,2026-10-06T06:45:11+00:00
F103191,high,0.9181,supervisor_escalation,escalation,sent,High default risk (score=0.92) - long gap since last farm visit; low training attendance,2026-10-06T06:45:11+00:00
F103192,high,0.7885,supervisor_escalation,escalation,sent,High default risk (score=0.79) - low input redemption rate; low training attendance,2026-10-06T06:45:11+00:00
F103193,low,0.0012,sms_nudge,sms,delivered,Reminder: your next input redemption window is open. Visit your agrodealer this week.,2026-10-06T06:45:11+00:00
F103194,low,0.0001,sms_nudge,sms,delivered,Reminder: your next input redemption window is open. Visit your agrodealer this week.,2026-10-06T06:45:11+00:00
F103195,high,0.9284,supervisor_escalation,escalation,sent,High default risk (score=0.93) - low training attendance; long distance to nearest agrodealer,2026-10-06T06:45:11+00:00
F103196,high,0.9687,supervisor_escalation,escalation,sent,High default risk (score=0.97) - long gap since last farm visit; weak repayment among peer group,2026-10-06T06:45:11+00:00
F103197,low,0.0187,sms_nudge,sms,delivered,Reminder: your next input redemption window is open. Visit your agrodealer this week.,2026-10-06T06:45:11+00:00
F103198,medium,0.3538,field_agent_task,crm_task,created,Field visit follow-up (medium),2026-10-06T06:45:11+00:00
F103199,low,0.2251,sms_nudge,sms,delivered,Reminder: your next input redemption window is open. Visit your agrodealer this week.,2026-10-06T06:45:11+00:00
F103200,high,0.713,supervisor_escalation,escalation,sent,High default risk (score=0.71) - long gap since last farm visit; low training attendance,2026-10-06T06:45:11+00:00
F103201,low,0.0646,sms_nudge,sms,delivered,Reminder: your next input redemption window is open. Visit your agrodealer this week.,2026-10-06T06:45:11+00:00
F103202,low,0.0001,sms_nudge,sms,delivered,Reminder: your next input redemption window is open. Visit your agrodealer this week.,2026-10-06T06:45:11+00:00
F103203,high,0.9976,supervisor_escalation,escalation,sent,High default risk (score=1.00) - long gap since last farm visit; low training attendance,2026-10-06T06:45:11+00:00
F103204,high,0.994,supervisor_escalation,escalation,sent,High default risk (score=0.99) - long gap since last farm visit; low input redemption rate,2026-10-06T06:45:11+00:00
F103205,low,0.0041,sms_nudge,sms,delivered,Reminder: your next input redemption window is open. Visit your agrodealer this week.,2026-10-06T06:45:11+00:00
F103206,low,0.0004,sms_nudge,sms,failed,Reminder: your next input redemption window is open. Visit your agrodealer this week.,2026-10-06T06:45:11+00:00
F103207,low,0.0861,sms_nudge,sms,delivered,Reminder: your next input redemption window is open. Visit your agrodealer this week.,2026-10-06T06:45:11+00:00
F103208,low,0.0063,sms_nudge,sms,delivered,Reminder: your next input redemption window is open. Visit your agrodealer this week.,2026-10-06T06:45:11+00:00
F103209,low,0.0124,sms_nudge,sms,delivered,Reminder: your next input redemption window is open. Visit your agrodealer this week.,2026-10-06T06:45:11+00:00
F103210,low,0.0002,sms_nudge,sms,failed,Reminder: your next input redemption window is open. Visit your agrodealer this week.,2026-10-06T06:45:11+00:00
F103211,low,0.0005,sms_nudge,sms,delivered,Reminder: your next input redemption window is open. Visit your agrodealer this week.,2026-10-06T06:45:11+00:00
F103212,low,0.0001,sms_nudge,sms,delivered,Reminder: your next input redemption window is open. Visit your agrodealer this week.,2026-10-06T06:45:11+00:00
F103213,low,0.0038,sms_nudge,sms,failed,Reminder: your next input redemption window is open. Visit your agrodealer this week.,2026-10-06T06:45:11+00:00
F103214,low,0.0016,sms_nudge,sms,delivered,Reminder: your next input redemption window is open. Visit your agrodealer this week.,2026-10-06T06:45:11+00:00
F103215,low,0.0197,sms_nudge,sms,delivered,Reminder: your next input redemption window is open. Visit your agrodealer this week.,2026-10-06T06:45:11+00:00
F103216,low,0.0015,sms_nudge,sms,delivered,Reminder: your next input redemption window is open. Visit your agrodealer this week.,2026-10-06T06:45:11+00:00
F103217,low,0.0003,sms_nudge,sms,delivered,Reminder: your next input redemption window is open. Visit your agrodealer this week.,2026-10-06T06:45:11+00:00
F103218,low,0.0325,sms_nudge,sms,delivered,Reminder: your next input redemption window is open. Visit your agrodealer this week.,2026-10-06T06:45:11+00:00
F103219,medium,0.3395,field_agent_task,crm_task,created,Field visit follow-up (medium),2026-10-06T06:45:11+00:00
F103220,high,0.9868,supervisor_escalation,escalation,sent,High default risk (score=0.99) - long gap since last farm visit; low training attendance,2026-10-06T06:45:11+00:00
F103221,low,0.0001,sms_nudge,sms,delivered,Reminder: your next input redemption window is open. Visit your agrodealer this week.,2026-10-06T06:45:11+00:00
F103222,low,0.0236,sms_nudge,sms,delivered,Reminder: your next input redemption window is open. Visit your agrodealer this week.,2026-10-06T06:45:11+00:00
F103223,low,0.0196,sms_nudge,sms,delivered,Reminder: your next input redemption window is open. Visit your agrodealer this week.,2026-10-06T06:45:11+00:00
F103224,low,0.0004,sms_nudge,sms,delivered,Reminder: your next input redemption window is open. Visit your agrodealer this week.,2026-10-06T06:45:11+00:00
F103225,high,0.9865,supervisor_escalation,escalation,sent,High default risk (score=0.99) - low training attendance; low input redemption rate,2026-10-06T06:45:11+00:00
F103226,low,0.0206,sms_nudge,sms,delivered,Reminder: your next input redemption window is open. Visit your agrodealer this week.,2026-10-06T06:45:11+00:00
F103227,low,0.002,sms_nudge,sms,delivered,Reminder: your next input redemption window is open. Visit your agrodealer this week.,2026-10-06T06:45:11+00:00
F103228,low,0.0167,sms_nudge,sms,delivered,Reminder: your next input redemption window is open. Visit your agrodealer this week.,2026-10-06T06:45:11+00:00
F103229,high,0.9552,supervisor_escalation,escalation,sent,High default risk (score=0.96) - long gap since last farm visit; below-average prior yield,2026-10-06T06:45:11+00:00
F103230,low,0.0198,sms_nudge,sms,delivered,Reminder: your next input redemption window is open. Visit your agrodealer this week.,2026-10-06T06:45:11+00:00
F103231,low,0.0006,sms_nudge,sms,delivered,Reminder: your next input redemption window is open. Visit your agrodealer this week.,2026-10-06T06:45:11+00:00
F103232,low,0.0011,sms_nudge,sms,delivered,Reminder: your next input redemption window is open. Visit your agrodealer this week.,2026-10-06T06:45:11+00:00
F103233,low,0.0009,sms_nudge,sms,delivered,Reminder: your next input redemption window is open. Visit your agrodealer this week.,2026-10-06T06:45:11+00:00
F103234,high,0.9759,supervisor_escalation,escalation,sent,High default risk (score=0.98) - low input redemption rate; long gap since last farm visit,2026-10-06T06:45:11+00:00
F103235,high,0.9874,supervisor_escalation,escalation,sent,High default risk (score=0.99) - long gap since last farm visit; below-average prior yield,2026-10-06T06:45:11+00:00
F103236,low,0.0167,sms_nudge,sms,delivered,Reminder: your next input redemption window is open. Visit your agrodealer this week.,2026-10-06T06:45:11+00:00
F103237,low,0.0007,sms_nudge,sms,delivered,Reminder: your next input redemption window is open. Visit your agrodealer this week.,2026-10-06T06:45:11+00:00
F103238,high,0.8446,supervisor_escalation,escalation,sent,High default risk (score=0.84) - no active mobile money usage; long gap since last farm visit,2026-10-06T06:45:11+00:00
F103239,low,0.0026,sms_nudge,sms,delivered,Reminder: your next input redemption window is open. Visit your agrodealer this week.,2026-10-06T06:45:11+00:00
F103240,high,0.9372,supervisor_escalation,escalation,sent,High default risk (score=0.94) - low input redemption rate; long distance to nearest agrodealer,2026-10-06T06:45:11+00:00
F103241,low,0.0093,sms_nudge,sms,delivered,Reminder: your next input redemption window is open. Visit your agrodealer this week.,2026-10-06T06:45:11+00:00
F103242,low,0.0581,sms_nudge,sms,delivered,Reminder: your next input redemption window is open. Visit your agrodealer this week.,2026-10-06T06:45:11+00:00
F103243,low,0.0318,sms_nudge,sms,delivered,Reminder: your next input redemption window is open. Visit your agrodealer this week.,2026-10-06T06:45:11+00:00
F103244,low,0.001,sms_nudge,sms,delivered,Reminder: your next input redemption window is open. Visit your agrodealer this week.,2026-10-06T06:45:11+00:00
F103245,low,0.0036,sms_nudge,sms,delivered,Reminder: your next input redemption window is open. Visit your agrodealer this week.,2026-10-06T06:45:11+00:00
F103246,low,0.0011,sms_nudge,sms,delivered,Reminder: your next input redemption window is open. Visit your agrodealer this week.,2026-10-06T06:45:11+00:00
F103247,low,0.1,sms_nudge,sms,delivered,Reminder: your next input redemption window is open. Visit your agrodealer this week.,2026-10-06T06:45:11+00:00
F103248,high,0.9996,supervisor_escalation,escalation,sent,High default risk (score=1.00) - long gap since last farm visit; low training attendance,2026-10-06T06:45:11+00:00
F103249,low,0.0319,sms_nudge,sms,delivered,Reminder: your next input redemption window is open. Visit your agrodealer this week.,2026-10-06T06:45:11+00:00
F103250,low,0.0069,sms_nudge,sms,delivered,Reminder: your next input redemption window is open. Visit your agrodealer this week.,2026-10-06T06:45:11+00:00
F103251,low,0.0007,sms_nudge,sms,failed,Reminder: your next input redemption window is open. Visit your agrodealer this week.,2026-10-06T06:45:11+00:00
F103252,low,0.0439,sms_nudge,sms,delivered,Reminder: your next input redemption window is open. Visit your agrodealer this week.,2026-10-06T06:45:11+00:00
F103253,high,0.9956,supervisor_escalation,escalation,sent,High default risk (score=1.00) - weak repayment among peer group; low input redemption rate,2026-10-06T06:45:11+00:00
F103254,high,0.987,supervisor_escalation,escalation,sent,High default risk (score=0.99) - low training attendance; long distance to nearest agrodealer,2026-10-06T06:45:11+00:00
F103255,low,0.0004,sms_nudge,sms,delivered,Reminder: your next input redemption window is open. Visit your agrodealer this week.,2026-10-06T06:45:11+00:00
F103256,low,0.0066,sms_nudge,sms,delivered,Reminder: your next input redemption window is open. Visit your agrodealer this week.,2026-10-06T06:45:11+00:00
F103257,low,0.0004,sms_nudge,sms,delivered,Reminder: your next input redemption window is open. Visit your agrodealer this week.,2026-10-06T06:45:11+00:00
F103258,low,0.0005,sms_nudge,sms,delivered,Reminder: your next input redemption window is open. Visit your agrodealer this week.,2026-10-06T06:45:11+00:00
F103259,low,0.0001,sms_nudge,sms,delivered,Reminder: your next input redemption window is open. Visit your agrodealer this week.,2026-10-06T06:45:11+00:00
F103260,low,0.0003,sms_nudge,sms,delivered,Reminder: your next input redemption window is open. Visit your agrodealer this week.,2026-10-06T06:45:11+00:00
F103261,low,0.001,sms_nudge,sms,delivered,Reminder: your next input redemption window is open. Visit your agrodealer this week.,2026-10-06T06:45:11+00:00
F103262,low,0.0005,sms_nudge,sms,delivered,Reminder: your next input redemption window is open. Visit your agrodealer this week.,2026-10-06T06:45:11+00:00
F103263,low,0.0497,sms_nudge,sms,delivered,Reminder: your next input redemption window is open. Visit your agrodealer this week.,2026-10-06T06:45:11+00:00
F103264,high,0.9251,supervisor_escalation,escalation,sent,High default risk (score=0.93) - long gap since last farm visit; no active mobile money usage,2026-10-06T06:45:11+00:00
F103265,low,0.0001,sms_nudge,sms,delivered,Reminder: your next input redemption window is open. Visit your agrodealer this week.,2026-10-06T06:45:11+00:00
F103266,high,0.9875,supervisor_escalation,escalation,sent,High default risk (score=0.99) - low input redemption rate; low training attendance,2026-10-06T06:45:11+00:00
F103267,high,0.9748,supervisor_escalation,escalation,sent,High default risk (score=0.97) - low training attendance; no active mobile money usage,2026-10-06T06:45:11+00:00
F103268,low,0.0035,sms_nudge,sms,delivered,Reminder: your next input redemption window is open. Visit your agrodealer this week.,2026-10-06T06:45:11+00:00
F103269,low,0.0005,sms_nudge,sms,delivered,Reminder: your next input redemption window is open. Visit your agrodealer this week.,2026-10-06T06:45:11+00:00
F103270,low,0.0004,sms_nudge,sms,delivered,Reminder: your next input redemption window is open. Visit your agrodealer this week.,2026-10-06T06:45:11+00:00
F103271,low,0.0001,sms_nudge,sms,delivered,Reminder: your next input redemption window is open. Visit your agrodealer this week.,2026-10-06T06:45:11+00:00
F103272,high,0.9645,supervisor_escalation,escalation,sent,High default risk (score=0.96) - long gap since last farm visit; low input redemption rate,2026-10-06T06:45:11+00:00
F103273,low,0.0002,sms_nudge,sms,delivered,Reminder: your next input redemption window is open. Visit your agrodealer this week.,2026-10-06T06:45:11+00:00
F103274,low,0.0939,sms_nudge,sms,delivered,Reminder: your next input redemption window is open. Visit your agrodealer this week.,2026-10-06T06:45:11+00:00
F103275,low,0.0403,sms_nudge,sms,delivered,Reminder: your next input redemption window is open. Visit your agrodealer this week.,2026-10-06T06:45:11+00:00
F103276,low,0.0082,sms_nudge,sms,delivered,Reminder: your next input redemption window is open. Visit your agrodealer this week.,2026-10-06T06:45:11+00:00
F103277,low,0.0002,sms_nudge,sms,delivered,Reminder: your next input redemption window is open. Visit your agrodealer this week.,2026-10-06T06:45:11+00:00
F103278,low,0.0004,sms_nudge,sms,delivered,Reminder: your next input redemption window is open. Visit your agrodealer this week.,2026-10-06T06:45:11+00:00
F103279,low,0.0007,sms_nudge,sms,delivered,Reminder: your next input redemption window is open. Visit your agrodealer this week.,2026-10-06T06:45:11+00:00
F103280,high,0.9458,supervisor_escalation,escalation,sent,High default risk (score=0.95) - no active mobile money usage; long gap since last farm visit,2026-10-06T06:45:11+00:00
F103281,low,0.0004,sms_nudge,sms,delivered,Reminder: your next input redemption window is open. Visit your agrodealer this week.,2026-10-06T06:45:11+00:00
F103282,high,0.898,supervisor_escalation,escalation,sent,High default risk (score=0.90) - long distance to nearest agrodealer; weak repayment among peer group,2026-10-06T06:45:11+00:00
F103283,low,0.1477,sms_nudge,sms,delivered,Reminder: your next input redemption window is open. Visit your agrodealer this week.,2026-10-06T06:45:11+00:00
F103284,low,0.0181,sms_nudge,sms,delivered,Reminder: your next input redemption window is open. Visit your agrodealer this week.,2026-10-06T06:45:11+00:00
F103285,low,0.0091,sms_nudge,sms,delivered,Reminder: your next input redemption window is open. Visit your agrodealer this week.,2026-10-06T06:45:11+00:00
F103286,low,0.0002,sms_nudge,sms,delivered,Reminder: your next input redemption window is open. Visit your agrodealer this week.,2026-10-06T06:45:11+00:00
F103287,low,0.0053,sms_nudge,sms,delivered,Reminder: your next input redemption window is open. Visit your agrodealer this week.,2026-10-06T06:45:11+00:00
F103288,high,0.9566,supervisor_escalation,escalation,sent,High default risk (score=0.96) - long gap since last farm visit; weak repayment among peer group,2026-10-06T06:45:11+00:00
F103289,low,0.0229,sms_nudge,sms,delivered,Reminder: your next input redemption window is open. Visit your agrodealer this week.,2026-10-06T06:45:11+00:00
F103290,medium,0.4536,field_agent_task,crm_task,created,Field visit follow-up (medium),2026-10-06T06:45:11+00:00
F103291,low,0.0036,sms_nudge,sms,delivered,Reminder: your next input redemption window is open. Visit your agrodealer this week.,2026-10-06T06:45:11+00:00
F103292,high,0.7921,supervisor_escalation,escalation,sent,High default risk (score=0.79) - below-average prior yield; long gap since last farm visit,2026-10-06T06:45:11+00:00
F103293,low,0.0119,sms_nudge,sms,delivered,Reminder: your next input redemption window is open. Visit your agrodealer this week.,2026-10-06T06:45:11+00:00
F103294,low,0.022,sms_nudge,sms,delivered,Reminder: your next input redemption window is open. Visit your agrodealer this week.,2026-10-06T06:45:11+00:00
F103295,low,0.0786,sms_nudge,sms,delivered,Reminder: your next input redemption window is open. Visit your agrodealer this week.,2026-10-06T06:45:11+00:00
F103296,high,0.9843,supervisor_escalation,escalation,sent,High default risk (score=0.98) - long gap since last farm visit; no active mobile money usage,2026-10-06T06:45:11+00:00
F103297,low,0.0493,sms_nudge,sms,delivered,Reminder: your next input redemption window is open. Visit your agrodealer this week.,2026-10-06T06:45:11+00:00
F103298,low,0.0068,sms_nudge,sms,delivered,Reminder: your next input redemption window is open. Visit your agrodealer this week.,2026-10-06T06:45:11+00:00
F103299,low,0.011,sms_nudge,sms,delivered,Reminder: your next input redemption window is open. Visit your agrodealer this week.,2026-10-06T06:45:11+00:00
F103300,low,0.0354,sms_nudge,sms,delivered,Reminder: your next input redemption window is open. Visit your agrodealer this week.,2026-10-06T06:45:11+00:00
F103301,high,0.9884,supervisor_escalation,escalation,sent,High default risk (score=0.99) - long gap since last farm visit; weak repayment among peer group,2026-10-06T06:45:11+00:00
F103302,high,0.9937,supervisor_escalation,escalation,sent,High default risk (score=0.99) - low input redemption rate; long gap since last farm visit,2026-10-06T06:45:11+00:00
F103303,low,0.0749,sms_nudge,sms,delivered,Reminder: your next input redemption window is open. Visit your agrodealer this week.,2026-10-06T06:45:11+00:00
F103304,high,0.9623,supervisor_escalation,escalation,sent,High default risk (score=0.96) - long gap since last farm visit; low input redemption rate,2026-10-06T06:45:11+00:00
F103305,low,0.0005,sms_nudge,sms,delivered,Reminder: your next input redemption window is open. Visit your agrodealer this week.,2026-10-06T06:45:11+00:00
F103306,high,0.7723,supervisor_escalation,escalation,sent,High default risk (score=0.77) - no active mobile money usage; weak repayment among peer group,2026-10-06T06:45:11+00:00
F103307,high,0.922,supervisor_escalation,escalation,sent,High default risk (score=0.92) - no active mobile money usage; low input redemption rate,2026-10-06T06:45:11+00:00
F103308,high,0.9903,supervisor_escalation,escalation,sent,High default risk (score=0.99) - low training attendance; long gap since last farm visit,2026-10-06T06:45:11+00:00
F103309,low,0.0023,sms_nudge,sms,delivered,Reminder: your next input redemption window is open. Visit your agrodealer this week.,2026-10-06T06:45:11+00:00
F103310,high,1.0,supervisor_escalation,escalation,sent,High default risk (score=1.00) - low training attendance; long gap since last farm visit,2026-10-06T06:45:11+00:00
F103311,low,0.0013,sms_nudge,sms,delivered,Reminder: your next input redemption window is open. Visit your agrodealer this week.,2026-10-06T06:45:11+00:00
F103312,low,0.0083,sms_nudge,sms,delivered,Reminder: your next input redemption window is open. Visit your agrodealer this week.,2026-10-06T06:45:11+00:00
F103313,low,0.0078,sms_nudge,sms,delivered,Reminder: your next input redemption window is open. Visit your agrodealer this week.,2026-10-06T06:45:11+00:00
F103314,low,0.0531,sms_nudge,sms,delivered,Reminder: your next input redemption window is open. Visit your agrodealer this week.,2026-10-06T06:45:11+00:00
F103315,low,0.004,sms_nudge,sms,delivered,Reminder: your next input redemption window is open. Visit your agrodealer this week.,2026-10-06T06:45:11+00:00
F103316,high,0.987,supervisor_escalation,escalation,sent,High default risk (score=0.99) - low training attendance; weak repayment among peer group,2026-10-06T06:45:11+00:00
F103317,low,0.0005,sms_nudge,sms,delivered,Reminder: your next input redemption window is open. Visit your agrodealer this week.,2026-10-06T06:45:11+00:00
F103318,high,0.8118,supervisor_escalation,escalation,sent,High default risk (score=0.81) - no active mobile money usage; long gap since last farm visit,2026-10-06T06:45:11+00:00
F103319,low,0.0008,sms_nudge,sms,delivered,Reminder: your next input redemption window is open. Visit your agrodealer this week.,2026-10-06T06:45:11+00:00
F103320,low,0.0003,sms_nudge,sms,delivered,Reminder: your next input redemption window is open. Visit your agrodealer this week.,2026-10-06T06:45:11+00:00
F103321,low,0.0193,sms_nudge,sms,delivered,Reminder: your next input redemption window is open. Visit your agrodealer this week.,2026-10-06T06:45:11+00:00
F103322,low,0.0101,sms_nudge,sms,delivered,Reminder: your next input redemption window is open. Visit your agrodealer this week.,2026-10-06T06:45:11+00:00
F103323,low,0.001,sms_nudge,sms,delivered,Reminder: your next input redemption window is open. Visit your agrodealer this week.,2026-10-06T06:45:11+00:00
F103324,low,0.0132,sms_nudge,sms,failed,Reminder: your next input redemption window is open. Visit your agrodealer this week.,2026-10-06T06:45:11+00:00
F103325,low,0.007,sms_nudge,sms,delivered,Reminder: your next input redemption window is open. Visit your agrodealer this week.,2026-10-06T06:45:11+00:00
F103326,low,0.0006,sms_nudge,sms,delivered,Reminder: your next input redemption window is open. Visit your agrodealer this week.,2026-10-06T06:45:11+00:00
F103327,low,0.0028,sms_nudge,sms,delivered,Reminder: your next input redemption window is open. Visit your agrodealer this week.,2026-10-06T06:45:11+00:00
F103328,low,0.0492,sms_nudge,sms,delivered,Reminder: your next input redemption window is open. Visit your agrodealer this week.,2026-10-06T06:45:11+00:00
F103329,low,0.0259,sms_nudge,sms,delivered,Reminder: your next input redemption window is open. Visit your agrodealer this week.,2026-10-06T06:45:11+00:00
F103330,high,0.839,supervisor_escalation,escalation,sent,High default risk (score=0.84) - long gap since last farm visit; low training attendance,2026-10-06T06:45:11+00:00
F103331,low,0.0012,sms_nudge,sms,delivered,Reminder: your next input redemption window is open. Visit your agrodealer this week.,2026-10-06T06:45:11+00:00
F103332,low,0.0137,sms_nudge,sms,delivered,Reminder: your next input redemption window is open. Visit your agrodealer this week.,2026-10-06T06:45:11+00:00
F103333,high,0.9715,supervisor_escalation,escalation,sent,High default risk (score=0.97) - long gap since last farm visit; long distance to nearest agrodealer,2026-10-06T06:45:11+00:00
F103334,low,0.0047,sms_nudge,sms,delivered,Reminder: your next input redemption window is open. Visit your agrodealer this week.,2026-10-06T06:45:11+00:00
F103335,low,0.0,sms_nudge,sms,delivered,Reminder: your next input redemption window is open. Visit your agrodealer this week.,2026-10-06T06:45:11+00:00
F103336,high,0.9997,supervisor_escalation,escalation,sent,High default risk (score=1.00) - low training attendance; no active mobile money usage,2026-10-06T06:45:11+00:00
F103337,low,0.002,sms_nudge,sms,delivered,Reminder: your next input redemption window is open. Visit your agrodealer this week.,2026-10-06T06:45:11+00:00
F103338,high,0.9214,supervisor_escalation,escalation,sent,High default risk (score=0.92) - long gap since last farm visit; long distance to nearest agrodealer,2026-10-06T06:45:11+00:00
F103339,medium,0.333,field_agent_task,crm_task,created,Field visit follow-up (medium),2026-10-06T06:45:11+00:00
F103340,low,0.0046,sms_nudge,sms,delivered,Reminder: your next input redemption window is open. Visit your agrodealer this week.,2026-10-06T06:45:11+00:00
F103341,high,0.9164,supervisor_escalation,escalation,sent,High default risk (score=0.92) - low input redemption rate; no active mobile money usage,2026-10-06T06:45:11+00:00
F103342,low,0.0019,sms_nudge,sms,failed,Reminder: your next input redemption window is open. Visit your agrodealer this week.,2026-10-06T06:45:11+00:00
F103343,low,0.0007,sms_nudge,sms,delivered,Reminder: your next input redemption window is open. Visit your agrodealer this week.,2026-10-06T06:45:11+00:00
F103344,low,0.0059,sms_nudge,sms,delivered,Reminder: your next input redemption window is open. Visit your agrodealer this week.,2026-10-06T06:45:11+00:00
F103345,low,0.0033,sms_nudge,sms,delivered,Reminder: your next input redemption window is open. Visit your agrodealer this week.,2026-10-06T06:45:11+00:00
F103346,low,0.0064,sms_nudge,sms,delivered,Reminder: your next input redemption window is open. Visit your agrodealer this week.,2026-10-06T06:45:11+00:00
F103347,low,0.0002,sms_nudge,sms,delivered,Reminder: your next input redemption window is open. Visit your agrodealer this week.,2026-10-06T06:45:11+00:00
F103348,high,0.9996,supervisor_escalation,escalation,sent,High default risk (score=1.00) - weak repayment among peer group; long gap since last farm visit,2026-10-06T06:45:11+00:00
F103349,low,0.0017,sms_nudge,sms,delivered,Reminder: your next input redemption window is open. Visit your agrodealer this week.,2026-10-06T06:45:11+00:00
F103350,high,0.9708,supervisor_escalation,escalation,sent,High default risk (score=0.97) - low input redemption rate; low training attendance,2026-10-06T06:45:11+00:00
F103351,high,1.0,supervisor_escalation,escalation,sent,High default risk (score=1.00) - long gap since last farm visit; below-average prior yield,2026-10-06T06:45:11+00:00
F103352,high,0.6144,supervisor_escalation,escalation,sent,High default risk (score=0.61) - low training attendance; long gap since last farm visit,2026-10-06T06:45:11+00:00
F103353,low,0.0332,sms_nudge,sms,delivered,Reminder: your next input redemption window is open. Visit your agrodealer this week.,2026-10-06T06:45:11+00:00
F103354,low,0.0019,sms_nudge,sms,delivered,Reminder: your next input redemption window is open. Visit your agrodealer this week.,2026-10-06T06:45:11+00:00
F103355,low,0.0389,sms_nudge,sms,failed,Reminder: your next input redemption window is open. Visit your agrodealer this week.,2026-10-06T06:45:11+00:00
F103356,low,0.0003,sms_nudge,sms,delivered,Reminder: your next input redemption window is open. Visit your agrodealer this week.,2026-10-06T06:45:11+00:00
F103357,low,0.0026,sms_nudge,sms,delivered,Reminder: your next input redemption window is open. Visit your agrodealer this week.,2026-10-06T06:45:11+00:00
F103358,low,0.0083,sms_nudge,sms,delivered,Reminder: your next input redemption window is open. Visit your agrodealer this week.,2026-10-06T06:45:11+00:00
F103359,high,0.9666,supervisor_escalation,escalation,sent,High default risk (score=0.97) - weak repayment among peer group; below-average prior yield,2026-10-06T06:45:11+00:00
F103360,low,0.0018,sms_nudge,sms,delivered,Reminder: your next input redemption window is open. Visit your agrodealer this week.,2026-10-06T06:45:11+00:00
F103361,low,0.0056,sms_nudge,sms,delivered,Reminder: your next input redemption window is open. Visit your agrodealer this week.,2026-10-06T06:45:11+00:00
F103362,high,0.9112,supervisor_escalation,escalation,sent,High default risk (score=0.91) - low training attendance; long gap since last farm visit,2026-10-06T06:45:11+00:00
F103363,high,0.9315,supervisor_escalation,escalation,sent,High default risk (score=0.93) - no active mobile money usage; weak repayment among peer group,2026-10-06T06:45:11+00:00
F103364,low,0.0008,sms_nudge,sms,delivered,Reminder: your next input redemption window is open. Visit your agrodealer this week.,2026-10-06T06:45:11+00:00
F103365,low,0.0064,sms_nudge,sms,delivered,Reminder: your next input redemption window is open. Visit your agrodealer this week.,2026-10-06T06:45:11+00:00
F103366,low,0.0003,sms_nudge,sms,delivered,Reminder: your next input redemption window is open. Visit your agrodealer this week.,2026-10-06T06:45:11+00:00
F103367,low,0.0373,sms_nudge,sms,delivered,Reminder: your next input redemption window is open. Visit your agrodealer this week.,2026-10-06T06:45:11+00:00
F103368,high,0.9608,supervisor_escalation,escalation,sent,High default risk (score=0.96) - low training attendance; no active mobile money usage,2026-10-06T06:45:11+00:00
F103369,low,0.0135,sms_nudge,sms,delivered,Reminder: your next input redemption window is open. Visit your agrodealer this week.,2026-10-06T06:45:11+00:00
F103370,low,0.0026,sms_nudge,sms,delivered,Reminder: your next input redemption window is open. Visit your agrodealer this week.,2026-10-06T06:45:11+00:00
F103371,low,0.0063,sms_nudge,sms,delivered,Reminder: your next input redemption window is open. Visit your agrodealer this week.,2026-10-06T06:45:11+00:00
F103372,low,0.0232,sms_nudge,sms,delivered,Reminder: your next input redemption window is open. Visit your agrodealer this week.,2026-10-06T06:45:11+00:00
F103373,low,0.0212,sms_nudge,sms,delivered,Reminder: your next input redemption window is open. Visit your agrodealer this week.,2026-10-06T06:45:11+00:00
F103374,low,0.0216,sms_nudge,sms,delivered,Reminder: your next input redemption window is open. Visit your agrodealer this week.,2026-10-06T06:45:11+00:00
F103375,low,0.0034,sms_nudge,sms,delivered,Reminder: your next input redemption window is open. Visit your agrodealer this week.,2026-10-06T06:45:11+00:00
F103376,low,0.0008,sms_nudge,sms,delivered,Reminder: your next input redemption window is open. Visit your agrodealer this week.,2026-10-06T06:45:11+00:00
F103377,low,0.0008,sms_nudge,sms,delivered,Reminder: your next input redemption window is open. Visit your agrodealer this week.,2026-10-06T06:45:11+00:00
F103378,high,0.9486,supervisor_escalation,escalation,sent,High default risk (score=0.95) - low training attendance; low input redemption rate,2026-10-06T06:45:11+00:00
F103379,low,0.0222,sms_nudge,sms,delivered,Reminder: your next input redemption window is open. Visit your agrodealer this week.,2026-10-06T06:45:11+00:00
F103380,low,0.0398,sms_nudge,sms,delivered,Reminder: your next input redemption window is open. Visit your agrodealer this week.,2026-10-06T06:45:11+00:00
F103381,low,0.0037,sms_nudge,sms,failed,Reminder: your next input redemption window is open. Visit your agrodealer this week.,2026-10-06T06:45:11+00:00
F103382,high,0.9998,supervisor_escalation,escalation,sent,High default risk (score=1.00) - long gap since last farm visit; low training attendance,2026-10-06T06:45:11+00:00
F103383,medium,0.4669,field_agent_task,crm_task,created,Field visit follow-up (medium),2026-10-06T06:45:11+00:00
F103384,low,0.0019,sms_nudge,sms,delivered,Reminder: your next input redemption window is open. Visit your agrodealer this week.,2026-10-06T06:45:11+00:00
F103385,low,0.0282,sms_nudge,sms,delivered,Reminder: your next input redemption window is open. Visit your agrodealer this week.,2026-10-06T06:45:11+00:00
F103386,low,0.0039,sms_nudge,sms,delivered,Reminder: your next input redemption window is open. Visit your agrodealer this week.,2026-10-06T06:45:11+00:00
F103387,low,0.0011,sms_nudge,sms,delivered,Reminder: your next input redemption window is open. Visit your agrodealer this week.,2026-10-06T06:45:11+00:00
F103388,low,0.0001,sms_nudge,sms,delivered,Reminder: your next input redemption window is open. Visit your agrodealer this week.,2026-10-06T06:45:11+00:00
F103389,low,0.0008,sms_nudge,sms,delivered,Reminder: your next input redemption window is open. Visit your agrodealer this week.,2026-10-06T06:45:11+00:00
F103390,low,0.0162,sms_nudge,sms,delivered,Reminder: your next input redemption window is open. Visit your agrodealer this week.,2026-10-06T06:45:11+00:00
F103391,low,0.0001,sms_nudge,sms,delivered,Reminder: your next input redemption window is open. Visit your agrodealer this week.,2026-10-06T06:45:11+00:00
F103392,medium,0.3161,field_agent_task,crm_task,created,Field visit follow-up (medium),2026-10-06T06:45:11+00:00
F103393,low,0.0011,sms_nudge,sms,delivered,Reminder: your next input redemption window is open. Visit your agrodealer this week.,2026-10-06T06:45:11+00:00
F103394,low,0.032,sms_nudge,sms,delivered,Reminder: your next input redemption window is open. Visit your agrodealer this week.,2026-10-06T06:45:11+00:00
F103395,low,0.0049,sms_nudge,sms,delivered,Reminder: your next input redemption window is open. Visit your agrodealer this week.,2026-10-06T06:45:11+00:00
F103396,low,0.0699,sms_nudge,sms,delivered,Reminder: your next input redemption window is open. Visit your agrodealer this week.,2026-10-06T06:45:11+00:00
F103397,low,0.0062,sms_nudge,sms,delivered,Reminder: your next input redemption window is open. Visit your agrodealer this week.,2026-10-06T06:45:11+00:00
F103398,low,0.0062,sms_nudge,sms,delivered,Reminder: your next input redemption window is open. Visit your agrodealer this week.,2026-10-06T06:45:11+00:00
F103399,high,0.9342,supervisor_escalation,escalation,sent,High default risk (score=0.93) - long gap since last farm visit; low input redemption rate,2026-10-06T06:45:11+00:00
F103400,low,0.0248,sms_nudge,sms,delivered,Reminder: your next input redemption window is open. Visit your agrodealer this week.,2026-10-06T06:45:11+00:00
F103401,medium,0.5165,field_agent_task,crm_task,created,Field visit follow-up (medium),2026-10-06T06:45:11+00:00
F103402,low,0.0458,sms_nudge,sms,delivered,Reminder: your next input redemption window is open. Visit your agrodealer this week.,2026-10-06T06:45:11+00:00
F103403,low,0.0012,sms_nudge,sms,delivered,Reminder: your next input redemption window is open. Visit your agrodealer this week.,2026-10-06T06:45:11+00:00
F103404,low,0.0015,sms_nudge,sms,failed,Reminder: your next input redemption window is open. Visit your agrodealer this week.,2026-10-06T06:45:11+00:00
F103405,low,0.0261,sms_nudge,sms,delivered,Reminder: your next input redemption window is open. Visit your agrodealer this week.,2026-10-06T06:45:11+00:00
F103406,low,0.0082,sms_nudge,sms,delivered,Reminder: your next input redemption window is open. Visit your agrodealer this week.,2026-10-06T06:45:11+00:00
F103407,low,0.0013,sms_nudge,sms,delivered,Reminder: your next input redemption window is open. Visit your agrodealer this week.,2026-10-06T06:45:11+00:00
F103408,low,0.0181,sms_nudge,sms,failed,Reminder: your next input redemption window is open. Visit your agrodealer this week.,2026-10-06T06:45:11+00:00
F103409,high,0.9247,supervisor_escalation,escalation,sent,High default risk (score=0.92) - weak repayment among peer group; long gap since last farm visit,2026-10-06T06:45:11+00:00
F103410,low,0.0439,sms_nudge,sms,delivered,Reminder: your next input redemption window is open. Visit your agrodealer this week.,2026-10-06T06:45:11+00:00
F103411,low,0.0012,sms_nudge,sms,delivered,Reminder: your next input redemption window is open. Visit your agrodealer this week.,2026-10-06T06:45:11+00:00
F103412,low,0.0506,sms_nudge,sms,delivered,Reminder: your next input redemption window is open. Visit your agrodealer this week.,2026-10-06T06:45:11+00:00
F103413,low,0.0011,sms_nudge,sms,delivered,Reminder: your next input redemption window is open. Visit your agrodealer this week.,2026-10-06T06:45:11+00:00
F103414,high,0.9975,supervisor_escalation,escalation,sent,High default risk (score=1.00) - low input redemption rate; weak repayment among peer group,2026-10-06T06:45:11+00:00
F103415,low,0.0208,sms_nudge,sms,delivered,Reminder: your next input redemption window is open. Visit your agrodealer this week.,2026-10-06T06:45:11+00:00
F103416,low,0.0039,sms_nudge,sms,delivered,Reminder: your next input redemption window is open. Visit your agrodealer this week.,2026-10-06T06:45:11+00:00
F103417,low,0.004,sms_nudge,sms,delivered,Reminder: your next input redemption window is open. Visit your agrodealer this week.,2026-10-06T06:45:11+00:00
F103418,low,0.0121,sms_nudge,sms,delivered,Reminder: your next input redemption window is open. Visit your agrodealer this week.,2026-10-06T06:45:11+00:00
F103419,low,0.0056,sms_nudge,sms,delivered,Reminder: your next input redemption window is open. Visit your agrodealer this week.,2026-10-06T06:45:11+00:00
F103420,high,0.8712,supervisor_escalation,escalation,sent,High default risk (score=0.87) - no active mobile money usage; long gap since last farm visit,2026-10-06T06:45:11+00:00
F103421,low,0.0006,sms_nudge,sms,delivered,Reminder: your next input redemption window is open. Visit your agrodealer this week.,2026-10-06T06:45:11+00:00
F103422,low,0.0366,sms_nudge,sms,delivered,Reminder: your next input redemption window is open. Visit your agrodealer this week.,2026-10-06T06:45:11+00:00
F103423,low,0.0003,sms_nudge,sms,delivered,Reminder: your next input redemption window is open. Visit your agrodealer this week.,2026-10-06T06:45:11+00:00
F103424,high,0.9988,supervisor_escalation,escalation,sent,High default risk (score=1.00) - long distance to nearest agrodealer; below-average prior yield,2026-10-06T06:45:11+00:00
F103425,low,0.002,sms_nudge,sms,delivered,Reminder: your next input redemption window is open. Visit your agrodealer this week.,2026-10-06T06:45:11+00:00
F103426,high,0.9179,supervisor_escalation,escalation,sent,High default risk (score=0.92) - low training attendance; weak repayment among peer group,2026-10-06T06:45:11+00:00
F103427,low,0.0008,sms_nudge,sms,delivered,Reminder: your next input redemption window is open. Visit your agrodealer this week.,2026-10-06T06:45:11+00:00
F103428,low,0.0001,sms_nudge,sms,delivered,Reminder: your next input redemption window is open. Visit your agrodealer this week.,2026-10-06T06:45:11+00:00
F103429,low,0.0016,sms_nudge,sms,delivered,Reminder: your next input redemption window is open. Visit your agrodealer this week.,2026-10-06T06:45:11+00:00
F103430,low,0.0098,sms_nudge,sms,delivered,Reminder: your next input redemption window is open. Visit your agrodealer this week.,2026-10-06T06:45:11+00:00
F103431,low,0.0002,sms_nudge,sms,delivered,Reminder: your next input redemption window is open. Visit your agrodealer this week.,2026-10-06T06:45:11+00:00
F103432,low,0.0006,sms_nudge,sms,delivered,Reminder: your next input redemption window is open. Visit your agrodealer this week.,2026-10-06T06:45:11+00:00
F103433,high,0.9999,supervisor_escalation,escalation,sent,High default risk (score=1.00) - below-average prior yield; no active mobile money usage,2026-10-06T06:45:11+00:00
F103434,low,0.0001,sms_nudge,sms,delivered,Reminder: your next input redemption window is open. Visit your agrodealer this week.,2026-10-06T06:45:11+00:00
F103435,low,0.0044,sms_nudge,sms,delivered,Reminder: your next input redemption window is open. Visit your agrodealer this week.,2026-10-06T06:45:11+00:00
F103436,high,0.9808,supervisor_escalation,escalation,sent,High default risk (score=0.98) - low input redemption rate; long gap since last farm visit,2026-10-06T06:45:11+00:00
F103437,low,0.0073,sms_nudge,sms,delivered,Reminder: your next input redemption window is open. Visit your agrodealer this week.,2026-10-06T06:45:11+00:00
F103438,high,0.9278,supervisor_escalation,escalation,sent,High default risk (score=0.93) - low training attendance; below-average prior yield,2026-10-06T06:45:11+00:00
F103439,high,0.9121,supervisor_escalation,escalation,sent,High default risk (score=0.91) - low training attendance; long gap since last farm visit,2026-10-06T06:45:11+00:00
F103440,low,0.0073,sms_nudge,sms,delivered,Reminder: your next input redemption window is open. Visit your agrodealer this week.,2026-10-06T06:45:11+00:00
F103441,high,0.9696,supervisor_escalation,escalation,sent,High default risk (score=0.97) - long gap since last farm visit; low training attendance,2026-10-06T06:45:11+00:00
F103442,low,0.0057,sms_nudge,sms,delivered,Reminder: your next input redemption window is open. Visit your agrodealer this week.,2026-10-06T06:45:11+00:00
F103443,low,0.0009,sms_nudge,sms,delivered,Reminder: your next input redemption window is open. Visit your agrodealer this week.,2026-10-06T06:45:11+00:00
F103444,high,0.9962,supervisor_escalation,escalation,sent,High default risk (score=1.00) - low input redemption rate; long gap since last farm visit,2026-10-06T06:45:11+00:00
F103445,low,0.0022,sms_nudge,sms,delivered,Reminder: your next input redemption window is open. Visit your agrodealer this week.,2026-10-06T06:45:11+00:00
F103446,low,0.1519,sms_nudge,sms,delivered,Reminder: your next input redemption window is open. Visit your agrodealer this week.,2026-10-06T06:45:11+00:00
F103447,low,0.0035,sms_nudge,sms,delivered,Reminder: your next input redemption window is open. Visit your agrodealer this week.,2026-10-06T06:45:11+00:00
F103448,low,0.0162,sms_nudge,sms,delivered,Reminder: your next input redemption window is open. Visit your agrodealer this week.,2026-10-06T06:45:11+00:00
F103449,low,0.0071,sms_nudge,sms,delivered,Reminder: your next input redemption window is open. Visit your agrodealer this week.,2026-10-06T06:45:11+00:00
F103450,low,0.0033,sms_nudge,sms,delivered,Reminder: your next input redemption window is open. Visit your agrodealer this week.,2026-10-06T06:45:11+00:00
F103451,high,0.6304,supervisor_escalation,escalation,sent,High default risk (score=0.63) - low training attendance; weak repayment among peer group,2026-10-06T06:45:11+00:00
F103452,low,0.0133,sms_nudge,sms,delivered,Reminder: your next input redemption window is open. Visit your agrodealer this week.,2026-10-06T06:45:11+00:00
F103453,high,0.9765,supervisor_escalation,escalation,sent,High default risk (score=0.98) - no active mobile money usage; long gap since last farm visit,2026-10-06T06:45:11+00:00
F103454,low,0.0013,sms_nudge,sms,delivered,Reminder: your next input redemption window is open. Visit your agrodealer this week.,2026-10-06T06:45:11+00:00
F103455,low,0.0099,sms_nudge,sms,delivered,Reminder: your next input redemption window is open. Visit your agrodealer this week.,2026-10-06T06:45:11+00:00
F103456,medium,0.5244,field_agent_task,crm_task,created,Field visit follow-up (medium),2026-10-06T06:45:11+00:00
F103457,low,0.0583,sms_nudge,sms,delivered,Reminder: your next input redemption window is open. Visit your agrodealer this week.,2026-10-06T06:45:11+00:00
F103458,low,0.0705,sms_nudge,sms,delivered,Reminder: your next input redemption window is open. Visit your agrodealer this week.,2026-10-06T06:45:11+00:00
F103459,low,0.0008,sms_nudge,sms,delivered,Reminder: your next input redemption window is open. Visit your agrodealer this week.,2026-10-06T06:45:11+00:00
F103460,low,0.0034,sms_nudge,sms,delivered,Reminder: your next input redemption window is open. Visit your agrodealer this week.,2026-10-06T06:45:11+00:00
F103461,high,0.963,supervisor_escalation,escalation,sent,High default risk (score=0.96) - long gap since last farm visit; below-average prior yield,2026-10-06T06:45:11+00:00
F103462,low,0.0078,sms_nudge,sms,delivered,Reminder: your next input redemption window is open. Visit your agrodealer this week.,2026-10-06T06:45:11+00:00
F103463,low,0.0011,sms_nudge,sms,delivered,Reminder: your next input redemption window is open. Visit your agrodealer this week.,2026-10-06T06:45:11+00:00
F103464,high,0.9286,supervisor_escalation,escalation,sent,High default risk (score=0.93) - long gap since last farm visit; low training attendance,2026-10-06T06:45:11+00:00
F103465,low,0.0011,sms_nudge,sms,failed,Reminder: your next input redemption window is open. Visit your agrodealer this week.,2026-10-06T06:45:11+00:00
F103466,low,0.0014,sms_nudge,sms,delivered,Reminder: your next input redemption window is open. Visit your agrodealer this week.,2026-10-06T06:45:11+00:00
F103467,low,0.0044,sms_nudge,sms,delivered,Reminder: your next input redemption window is open. Visit your agrodealer this week.,2026-10-06T06:45:11+00:00
F103468,low,0.0001,sms_nudge,sms,delivered,Reminder: your next input redemption window is open. Visit your agrodealer this week.,2026-10-06T06:45:11+00:00
F103469,low,0.0375,sms_nudge,sms,delivered,Reminder: your next input redemption window is open. Visit your agrodealer this week.,2026-10-06T06:45:11+00:00
F103470,low,0.0182,sms_nudge,sms,delivered,Reminder: your next input redemption window is open. Visit your agrodealer this week.,2026-10-06T06:45:11+00:00
F103471,low,0.0109,sms_nudge,sms,delivered,Reminder: your next input redemption window is open. Visit your agrodealer this week.,2026-10-06T06:45:11+00:00
F103472,low,0.2679,sms_nudge,sms,delivered,Reminder: your next input redemption window is open. Visit your agrodealer this week.,2026-10-06T06:45:11+00:00
F103473,low,0.0068,sms_nudge,sms,delivered,Reminder: your next input redemption window is open. Visit your agrodealer this week.,2026-10-06T06:45:11+00:00
F103474,high,0.9985,supervisor_escalation,escalation,sent,High default risk (score=1.00) - long gap since last farm visit; below-average prior yield,2026-10-06T06:45:11+00:00
F103475,low,0.013,sms_nudge,sms,delivered,Reminder: your next input redemption window is open. Visit your agrodealer this week.,2026-10-06T06:45:11+00:00
F103476,low,0.0243,sms_nudge,sms,delivered,Reminder: your next input redemption window is open. Visit your agrodealer this week.,2026-10-06T06:45:11+00:00
F103477,low,0.009,sms_nudge,sms,delivered,Reminder: your next input redemption window is open. Visit your agrodealer this week.,2026-10-06T06:45:11+00:00
F103478,low,0.1026,sms_nudge,sms,delivered,Reminder: your next input redemption window is open. Visit your agrodealer this week.,2026-10-06T06:45:11+00:00
F103479,high,0.8997,supervisor_escalation,escalation,sent,High default risk (score=0.90) - long gap since last farm visit; low input redemption rate,2026-10-06T06:45:11+00:00
F103480,low,0.0644,sms_nudge,sms,delivered,Reminder: your next input redemption window is open. Visit your agrodealer this week.,2026-10-06T06:45:11+00:00
F103481,low,0.0002,sms_nudge,sms,delivered,Reminder: your next input redemption window is open. Visit your agrodealer this week.,2026-10-06T06:45:11+00:00
F103482,high,0.997,supervisor_escalation,escalation,sent,High default risk (score=1.00) - long distance to nearest agrodealer; long gap since last farm visit,2026-10-06T06:45:11+00:00
F103483,high,0.9971,supervisor_escalation,escalation,sent,High default risk (score=1.00) - no active mobile money usage; long gap since last farm visit,2026-10-06T06:45:11+00:00
F103484,low,0.0004,sms_nudge,sms,delivered,Reminder: your next input redemption window is open. Visit your agrodealer this week.,2026-10-06T06:45:11+00:00
F103485,low,0.001,sms_nudge,sms,delivered,Reminder: your next input redemption window is open. Visit your agrodealer this week.,2026-10-06T06:45:11+00:00
F103486,low,0.0005,sms_nudge,sms,delivered,Reminder: your next input redemption window is open. Visit your agrodealer this week.,2026-10-06T06:45:11+00:00
F103487,low,0.0159,sms_nudge,sms,delivered,Reminder: your next input redemption window is open. Visit your agrodealer this week.,2026-10-06T06:45:11+00:00
F103488,low,0.0027,sms_nudge,sms,delivered,Reminder: your next input redemption window is open. Visit your agrodealer this week.,2026-10-06T06:45:11+00:00
F103489,low,0.0011,sms_nudge,sms,delivered,Reminder: your next input redemption window is open. Visit your agrodealer this week.,2026-10-06T06:45:11+00:00
F103490,low,0.2623,sms_nudge,sms,delivered,Reminder: your next input redemption window is open. Visit your agrodealer this week.,2026-10-06T06:45:11+00:00
F103491,low,0.0008,sms_nudge,sms,delivered,Reminder: your next input redemption window is open. Visit your agrodealer this week.,2026-10-06T06:45:11+00:00
F103492,high,0.8361,supervisor_escalation,escalation,sent,High default risk (score=0.84) - low training attendance; weak repayment among peer group,2026-10-06T06:45:11+00:00
F103493,low,0.0002,sms_nudge,sms,delivered,Reminder: your next input redemption window is open. Visit your agrodealer this week.,2026-10-06T06:45:11+00:00
F103494,low,0.0023,sms_nudge,sms,delivered,Reminder: your next input redemption window is open. Visit your agrodealer this week.,2026-10-06T06:45:11+00:00
F103495,high,0.9994,supervisor_escalation,escalation,sent,High default risk (score=1.00) - long gap since last farm visit; low training attendance,2026-10-06T06:45:11+00:00
F103496,high,0.9484,supervisor_escalation,escalation,sent,High default risk (score=0.95) - below-average prior yield; no active mobile money usage,2026-10-06T06:45:11+00:00
F103497,low,0.0017,sms_nudge,sms,delivered,Reminder: your next input redemption window is open. Visit your agrodealer this week.,2026-10-06T06:45:11+00:00
F103498,low,0.0527,sms_nudge,sms,delivered,Reminder: your next input redemption window is open. Visit your agrodealer this week.,2026-10-06T06:45:11+00:00
F103499,low,0.0008,sms_nudge,sms,delivered,Reminder: your next input redemption window is open. Visit your agrodealer this week.,2026-10-06T06:45:11+00:00
F103500,low,0.0016,sms_nudge,sms,delivered,Reminder: your next input redemption window is open. Visit your agrodealer this week.,2026-10-06T06:45:11+00:00
F103501,low,0.0007,sms_nudge,sms,delivered,Reminder: your next input redemption window is open. Visit your agrodealer this week.,2026-10-06T06:45:11+00:00
F103502,low,0.0007,sms_nudge,sms,delivered,Reminder: your next input redemption window is open. Visit your agrodealer this week.,2026-10-06T06:45:11+00:00
F103503,low,0.0043,sms_nudge,sms,delivered,Reminder: your next input redemption window is open. Visit your agrodealer this week.,2026-10-06T06:45:11+00:00
F103504,low,0.0536,sms_nudge,sms,delivered,Reminder: your next input redemption window is open. Visit your agrodealer this week.,2026-10-06T06:45:11+00:00
F103505,low,0.0015,sms_nudge,sms,delivered,Reminder: your next input redemption window is open. Visit your agrodealer this week.,2026-10-06T06:45:11+00:00
F103506,low,0.0224,sms_nudge,sms,delivered,Reminder: your next input redemption window is open. Visit your agrodealer this week.,2026-10-06T06:45:11+00:00
F103507,high,0.8704,supervisor_escalation,escalation,sent,High default risk (score=0.87) - weak repayment among peer group; below-average prior yield,2026-10-06T06:45:11+00:00
F103508,low,0.0412,sms_nudge,sms,delivered,Reminder: your next input redemption window is open. Visit your agrodealer this week.,2026-10-06T06:45:11+00:00
F103509,low,0.0003,sms_nudge,sms,delivered,Reminder: your next input redemption window is open. Visit your agrodealer this week.,2026-10-06T06:45:11+00:00
F103510,low,0.0004,sms_nudge,sms,delivered,Reminder: your next input redemption window is open. Visit your agrodealer this week.,2026-10-06T06:45:11+00:00
F103511,low,0.0098,sms_nudge,sms,delivered,Reminder: your next input redemption window is open. Visit your agrodealer this week.,2026-10-06T06:45:11+00:00
F103512,low,0.0011,sms_nudge,sms,delivered,Reminder: your next input redemption window is open. Visit your agrodealer this week.,2026-10-06T06:45:11+00:00
F103513,low,0.099,sms_nudge,sms,delivered,Reminder: your next input redemption window is open. Visit your agrodealer this week.,2026-10-06T06:45:11+00:00
F103514,low,0.0024,sms_nudge,sms,delivered,Reminder: your next input redemption window is open. Visit your agrodealer this week.,2026-10-06T06:45:11+00:00
F103515,low,0.0018,sms_nudge,sms,delivered,Reminder: your next input redemption window is open. Visit your agrodealer this week.,2026-10-06T06:45:11+00:00
F103516,low,0.001,sms_nudge,sms,delivered,Reminder: your next input redemption window is open. Visit your agrodealer this week.,2026-10-06T06:45:11+00:00
F103517,low,0.0803,sms_nudge,sms,delivered,Reminder: your next input redemption window is open. Visit your agrodealer this week.,2026-10-06T06:45:11+00:00
F103518,low,0.0005,sms_nudge,sms,delivered,Reminder: your next input redemption window is open. Visit your agrodealer this week.,2026-10-06T06:45:11+00:00
F103519,low,0.003,sms_nudge,sms,delivered,Reminder: your next input redemption window is open. Visit your agrodealer this week.,2026-10-06T06:45:11+00:00
F103520,high,0.9118,supervisor_escalation,escalation,sent,High default risk (score=0.91) - low input redemption rate; low training attendance,2026-10-06T06:45:11+00:00
F103521,low,0.007,sms_nudge,sms,delivered,Reminder: your next input redemption window is open. Visit your agrodealer this week.,2026-10-06T06:45:11+00:00
F103522,high,0.9418,supervisor_escalation,escalation,sent,High default risk (score=0.94) - low input redemption rate; long gap since last farm visit,2026-10-06T06:45:11+00:00
F103523,high,0.9113,supervisor_escalation,escalation,sent,High default risk (score=0.91) - long gap since last farm visit; low training attendance,2026-10-06T06:45:11+00:00
F103524,low,0.0015,sms_nudge,sms,delivered,Reminder: your next input redemption window is open. Visit your agrodealer this week.,2026-10-06T06:45:11+00:00
F103525,low,0.0039,sms_nudge,sms,delivered,Reminder: your next input redemption window is open. Visit your agrodealer this week.,2026-10-06T06:45:11+00:00
F103526,low,0.1649,sms_nudge,sms,delivered,Reminder: your next input redemption window is open. Visit your agrodealer this week.,2026-10-06T06:45:11+00:00
F103527,low,0.0018,sms_nudge,sms,delivered,Reminder: your next input redemption window is open. Visit your agrodealer this week.,2026-10-06T06:45:11+00:00
F103528,low,0.0006,sms_nudge,sms,failed,Reminder: your next input redemption window is open. Visit your agrodealer this week.,2026-10-06T06:45:11+00:00
F103529,high,0.9684,supervisor_escalation,escalation,sent,High default risk (score=0.97) - weak repayment among peer group; no active mobile money usage,2026-10-06T06:45:11+00:00
F103530,medium,0.398,field_agent_task,crm_task,created,Field visit follow-up (medium),2026-10-06T06:45:11+00:00
F103531,high,0.9832,supervisor_escalation,escalation,sent,High default risk (score=0.98) - long gap since last farm visit; below-average prior yield,2026-10-06T06:45:11+00:00
F103532,low,0.0009,sms_nudge,sms,delivered,Reminder: your next input redemption window is open. Visit your agrodealer this week.,2026-10-06T06:45:11+00:00
F103533,low,0.0387,sms_nudge,sms,delivered,Reminder: your next input redemption window is open. Visit your agrodealer this week.,2026-10-06T06:45:11+00:00
F103534,low,0.0232,sms_nudge,sms,delivered,Reminder: your next input redemption window is open. Visit your agrodealer this week.,2026-10-06T06:45:11+00:00
F103535,low,0.0001,sms_nudge,sms,delivered,Reminder: your next input redemption window is open. Visit your agrodealer this week.,2026-10-06T06:45:11+00:00
F103536,low,0.0005,sms_nudge,sms,delivered,Reminder: your next input redemption window is open. Visit your agrodealer this week.,2026-10-06T06:45:11+00:00
F103537,low,0.0005,sms_nudge,sms,delivered,Reminder: your next input redemption window is open. Visit your agrodealer this week.,2026-10-06T06:45:11+00:00
F103538,low,0.0039,sms_nudge,sms,delivered,Reminder: your next input redemption window is open. Visit your agrodealer this week.,2026-10-06T06:45:11+00:00
F103539,low,0.0013,sms_nudge,sms,delivered,Reminder: your next input redemption window is open. Visit your agrodealer this week.,2026-10-06T06:45:11+00:00
F103540,high,0.9966,supervisor_escalation,escalation,sent,High default risk (score=1.00) - low training attendance; long gap since last farm visit,2026-10-06T06:45:11+00:00
F103541,low,0.0006,sms_nudge,sms,delivered,Reminder: your next input redemption window is open. Visit your agrodealer this week.,2026-10-06T06:45:11+00:00
F103542,high,0.9953,supervisor_escalation,escalation,sent,High default risk (score=1.00) - below-average prior yield; low training attendance,2026-10-06T06:45:11+00:00
F103543,low,0.0206,sms_nudge,sms,delivered,Reminder: your next input redemption window is open. Visit your agrodealer this week.,2026-10-06T06:45:11+00:00
F103544,high,0.8701,supervisor_escalation,escalation,sent,High default risk (score=0.87) - low input redemption rate; low training attendance,2026-10-06T06:45:11+00:00
F103545,low,0.0038,sms_nudge,sms,delivered,Reminder: your next input redemption window is open. Visit your agrodealer this week.,2026-10-06T06:45:11+00:00
F103546,low,0.0314,sms_nudge,sms,delivered,Reminder: your next input redemption window is open. Visit your agrodealer this week.,2026-10-06T06:45:11+00:00
F103547,low,0.0015,sms_nudge,sms,delivered,Reminder: your next input redemption window is open. Visit your agrodealer this week.,2026-10-06T06:45:11+00:00
F103548,low,0.0304,sms_nudge,sms,delivered,Reminder: your next input redemption window is open. Visit your agrodealer this week.,2026-10-06T06:45:11+00:00
F103549,high,0.9899,supervisor_escalation,escalation,sent,High default risk (score=0.99) - long gap since last farm visit; low input redemption rate,2026-10-06T06:45:11+00:00
F103550,low,0.001,sms_nudge,sms,delivered,Reminder: your next input redemption window is open. Visit your agrodealer this week.,2026-10-06T06:45:11+00:00
F103551,high,0.9077,supervisor_escalation,escalation,sent,High default risk (score=0.91) - low input redemption rate; still early in program tenure,2026-10-06T06:45:11+00:00
F103552,low,0.0003,sms_nudge,sms,delivered,Reminder: your next input redemption window is open. Visit your agrodealer this week.,2026-10-06T06:45:11+00:00
F103553,high,0.9816,supervisor_escalation,escalation,sent,High default risk (score=0.98) - long gap since last farm visit; no active mobile money usage,2026-10-06T06:45:11+00:00
F103554,low,0.0045,sms_nudge,sms,delivered,Reminder: your next input redemption window is open. Visit your agrodealer this week.,2026-10-06T06:45:11+00:00
F103555,high,0.9089,supervisor_escalation,escalation,sent,High default risk (score=0.91) - weak repayment among peer group; no active mobile money usage,2026-10-06T06:45:11+00:00
F103556,low,0.0395,sms_nudge,sms,delivered,Reminder: your next input redemption window is open. Visit your agrodealer this week.,2026-10-06T06:45:11+00:00
F103557,low,0.0132,sms_nudge,sms,delivered,Reminder: your next input redemption window is open. Visit your agrodealer this week.,2026-10-06T06:45:11+00:00
F103558,high,0.9407,supervisor_escalation,escalation,sent,High default risk (score=0.94) - below-average prior yield; long gap since last farm visit,2026-10-06T06:45:11+00:00
F103559,high,0.9634,supervisor_escalation,escalation,sent,High default risk (score=0.96) - low input redemption rate; long distance to nearest agrodealer,2026-10-06T06:45:11+00:00
F103560,high,0.9863,supervisor_escalation,escalation,sent,High default risk (score=0.99) - below-average prior yield; no active mobile money usage,2026-10-06T06:45:11+00:00
F103561,high,0.9994,supervisor_escalation,escalation,sent,High default risk (score=1.00) - long gap since last farm visit; weak repayment among peer group,2026-10-06T06:45:11+00:00
F103562,low,0.0007,sms_nudge,sms,delivered,Reminder: your next input redemption window is open. Visit your agrodealer this week.,2026-10-06T06:45:11+00:00
F103563,low,0.0009,sms_nudge,sms,delivered,Reminder: your next input redemption window is open. Visit your agrodealer this week.,2026-10-06T06:45:11+00:00
F103564,low,0.0004,sms_nudge,sms,delivered,Reminder: your next input redemption window is open. Visit your agrodealer this week.,2026-10-06T06:45:11+00:00
F103565,low,0.1209,sms_nudge,sms,failed,Reminder: your next input redemption window is open. Visit your agrodealer this week.,2026-10-06T06:45:11+00:00
F103566,low,0.0001,sms_nudge,sms,delivered,Reminder: your next input redemption window is open. Visit your agrodealer this week.,2026-10-06T06:45:11+00:00
F103567,low,0.0003,sms_nudge,sms,delivered,Reminder: your next input redemption window is open. Visit your agrodealer this week.,2026-10-06T06:45:11+00:00
F103568,high,0.9142,supervisor_escalation,escalation,sent,High default risk (score=0.91) - below-average prior yield; no active mobile money usage,2026-10-06T06:45:11+00:00
F103569,high,0.9996,supervisor_escalation,escalation,sent,High default risk (score=1.00) - long gap since last farm visit; no active mobile money usage,2026-10-06T06:45:11+00:00
F103570,low,0.0021,sms_nudge,sms,delivered,Reminder: your next input redemption window is open. Visit your agrodealer this week.,2026-10-06T06:45:11+00:00
F103571,low,0.0003,sms_nudge,sms,delivered,Reminder: your next input redemption window is open. Visit your agrodealer this week.,2026-10-06T06:45:11+00:00
F103572,low,0.0,sms_nudge,sms,delivered,Reminder: your next input redemption window is open. Visit your agrodealer this week.,2026-10-06T06:45:11+00:00
F103573,low,0.0002,sms_nudge,sms,delivered,Reminder: your next input redemption window is open. Visit your agrodealer this week.,2026-10-06T06:45:11+00:00
F103574,high,0.8298,supervisor_escalation,escalation,sent,High default risk (score=0.83) - long gap since last farm visit; weak repayment among peer group,2026-10-06T06:45:11+00:00
F103575,low,0.0062,sms_nudge,sms,delivered,Reminder: your next input redemption window is open. Visit your agrodealer this week.,2026-10-06T06:45:11+00:00
F103576,low,0.0,sms_nudge,sms,delivered,Reminder: your next input redemption window is open. Visit your agrodealer this week.,2026-10-06T06:45:11+00:00
F103577,high,0.9486,supervisor_escalation,escalation,sent,High default risk (score=0.95) - no active mobile money usage; low training attendance,2026-10-06T06:45:11+00:00
F103578,low,0.0009,sms_nudge,sms,delivered,Reminder: your next input redemption window is open. Visit your agrodealer this week.,2026-10-06T06:45:11+00:00
F103579,low,0.0005,sms_nudge,sms,delivered,Reminder: your next input redemption window is open. Visit your agrodealer this week.,2026-10-06T06:45:11+00:00
F103580,low,0.0159,sms_nudge,sms,delivered,Reminder: your next input redemption window is open. Visit your agrodealer this week.,2026-10-06T06:45:11+00:00
F103581,low,0.0448,sms_nudge,sms,delivered,Reminder: your next input redemption window is open. Visit your agrodealer this week.,2026-10-06T06:45:11+00:00
F103582,high,0.9765,supervisor_escalation,escalation,sent,High default risk (score=0.98) - long gap since last farm visit; low input redemption rate,2026-10-06T06:45:11+00:00
F103583,high,0.8823,supervisor_escalation,escalation,sent,High default risk (score=0.88) - low input redemption rate; weak repayment among peer group,2026-10-06T06:45:11+00:00
F103584,low,0.0089,sms_nudge,sms,delivered,Reminder: your next input redemption window is open. Visit your agrodealer this week.,2026-10-06T06:45:11+00:00
F103585,low,0.0004,sms_nudge,sms,failed,Reminder: your next input redemption window is open. Visit your agrodealer this week.,2026-10-06T06:45:11+00:00
F103586,low,0.0038,sms_nudge,sms,delivered,Reminder: your next input redemption window is open. Visit your agrodealer this week.,2026-10-06T06:45:11+00:00
F103587,low,0.0034,sms_nudge,sms,delivered,Reminder: your next input redemption window is open. Visit your agrodealer this week.,2026-10-06T06:45:11+00:00
F103588,low,0.0073,sms_nudge,sms,delivered,Reminder: your next input redemption window is open. Visit your agrodealer this week.,2026-10-06T06:45:11+00:00
F103589,high,0.9851,supervisor_escalation,escalation,sent,High default risk (score=0.99) - weak repayment among peer group; no active mobile money usage,2026-10-06T06:45:11+00:00
F103590,low,0.0034,sms_nudge,sms,delivered,Reminder: your next input redemption window is open. Visit your agrodealer this week.,2026-10-06T06:45:11+00:00
F103591,low,0.0002,sms_nudge,sms,delivered,Reminder: your next input redemption window is open. Visit your agrodealer this week.,2026-10-06T06:45:11+00:00
F103592,low,0.0003,sms_nudge,sms,delivered,Reminder: your next input redemption window is open. Visit your agrodealer this week.,2026-10-06T06:45:11+00:00
F103593,high,0.9671,supervisor_escalation,escalation,sent,High default risk (score=0.97) - weak repayment among peer group; low input redemption rate,2026-10-06T06:45:11+00:00
F103594,low,0.0664,sms_nudge,sms,delivered,Reminder: your next input redemption window is open. Visit your agrodealer this week.,2026-10-06T06:45:11+00:00
F103595,high,1.0,supervisor_escalation,escalation,sent,High default risk (score=1.00) - long gap since last farm visit; weak repayment among peer group,2026-10-06T06:45:11+00:00
F103596,low,0.0162,sms_nudge,sms,delivered,Reminder: your next input redemption window is open. Visit your agrodealer this week.,2026-10-06T06:45:11+00:00
F103597,low,0.016,sms_nudge,sms,delivered,Reminder: your next input redemption window is open. Visit your agrodealer this week.,2026-10-06T06:45:11+00:00
F103598,low,0.089,sms_nudge,sms,delivered,Reminder: your next input redemption window is open. Visit your agrodealer this week.,2026-10-06T06:45:11+00:00
F103599,high,0.9997,supervisor_escalation,escalation,sent,High default risk (score=1.00) - long gap since last farm visit; below-average prior yield,2026-10-06T06:45:11+00:00
F103600,low,0.0065,sms_nudge,sms,delivered,Reminder: your next input redemption window is open. Visit your agrodealer this week.,2026-10-06T06:45:11+00:00
F103601,low,0.0021,sms_nudge,sms,delivered,Reminder: your next input redemption window is open. Visit your agrodealer this week.,2026-10-06T06:45:11+00:00
F103602,low,0.0158,sms_nudge,sms,delivered,Reminder: your next input redemption window is open. Visit your agrodealer this week.,2026-10-06T06:45:11+00:00
F103603,low,0.0009,sms_nudge,sms,failed,Reminder: your next input redemption window is open. Visit your agrodealer this week.,2026-10-06T06:45:11+00:00
F103604,low,0.0052,sms_nudge,sms,delivered,Reminder: your next input redemption window is open. Visit your agrodealer this week.,2026-10-06T06:45:11+00:00
F103605,high,0.9456,supervisor_escalation,escalation,sent,High default risk (score=0.95) - no active mobile money usage; long gap since last farm visit,2026-10-06T06:45:11+00:00
F103606,high,0.8658,supervisor_escalation,escalation,sent,High default risk (score=0.87) - below-average prior yield; long gap since last farm visit,2026-10-06T06:45:11+00:00
F103607,low,0.1105,sms_nudge,sms,delivered,Reminder: your next input redemption window is open. Visit your agrodealer this week.,2026-10-06T06:45:11+00:00
F103608,low,0.0793,sms_nudge,sms,delivered,Reminder: your next input redemption window is open. Visit your agrodealer this week.,2026-10-06T06:45:11+00:00
F103609,high,0.9343,supervisor_escalation,escalation,sent,High default risk (score=0.93) - long gap since last farm visit; low training attendance,2026-10-06T06:45:11+00:00
F103610,low,0.004,sms_nudge,sms,delivered,Reminder: your next input redemption window is open. Visit your agrodealer this week.,2026-10-06T06:45:11+00:00
F103611,low,0.0018,sms_nudge,sms,delivered,Reminder: your next input redemption window is open. Visit your agrodealer this week.,2026-10-06T06:45:11+00:00
F103612,low,0.0001,sms_nudge,sms,failed,Reminder: your next input redemption window is open. Visit your agrodealer this week.,2026-10-06T06:45:11+00:00
F103613,high,0.9012,supervisor_escalation,escalation,sent,High default risk (score=0.90) - long gap since last farm visit; weak repayment among peer group,2026-10-06T06:45:11+00:00
F103614,low,0.058,sms_nudge,sms,delivered,Reminder: your next input redemption window is open. Visit your agrodealer this week.,2026-10-06T06:45:11+00:00
F103615,high,0.943,supervisor_escalation,escalation,sent,High default risk (score=0.94) - low input redemption rate; below-average prior yield,2026-10-06T06:45:11+00:00
F103616,high,0.9803,supervisor_escalation,escalation,sent,High default risk (score=0.98) - low input redemption rate; long distance to nearest agrodealer,2026-10-06T06:45:11+00:00
F103617,high,0.9752,supervisor_escalation,escalation,sent,High default risk (score=0.98) - long gap since last farm visit; no active mobile money usage,2026-10-06T06:45:11+00:00
F103618,low,0.0725,sms_nudge,sms,delivered,Reminder: your next input redemption window is open. Visit your agrodealer this week.,2026-10-06T06:45:11+00:00
F103619,low,0.0001,sms_nudge,sms,delivered,Reminder: your next input redemption window is open. Visit your agrodealer this week.,2026-10-06T06:45:11+00:00
F103620,low,0.008,sms_nudge,sms,delivered,Reminder: your next input redemption window is open. Visit your agrodealer this week.,2026-10-06T06:45:11+00:00
F103621,medium,0.3837,field_agent_task,crm_task,created,Field visit follow-up (medium),2026-10-06T06:45:11+00:00
F103622,high,0.9701,supervisor_escalation,escalation,sent,High default risk (score=0.97) - long gap since last farm visit; below-average prior yield,2026-10-06T06:45:11+00:00
F103623,low,0.0019,sms_nudge,sms,delivered,Reminder: your next input redemption window is open. Visit your agrodealer this week.,2026-10-06T06:45:11+00:00
F103624,medium,0.3338,field_agent_task,crm_task,created,Field visit follow-up (medium),2026-10-06T06:45:11+00:00
F103625,low,0.0002,sms_nudge,sms,delivered,Reminder: your next input redemption window is open. Visit your agrodealer this week.,2026-10-06T06:45:11+00:00
F103626,low,0.0038,sms_nudge,sms,delivered,Reminder: your next input redemption window is open. Visit your agrodealer this week.,2026-10-06T06:45:11+00:00
F103627,low,0.0007,sms_nudge,sms,delivered,Reminder: your next input redemption window is open. Visit your agrodealer this week.,2026-10-06T06:45:11+00:00
F103628,low,0.0017,sms_nudge,sms,delivered,Reminder: your next input redemption window is open. Visit your agrodealer this week.,2026-10-06T06:45:11+00:00
F103629,high,0.9193,supervisor_escalation,escalation,sent,High default risk (score=0.92) - low training attendance; no active mobile money usage,2026-10-06T06:45:11+00:00
F103630,low,0.0035,sms_nudge,sms,delivered,Reminder: your next input redemption window is open. Visit your agrodealer this week.,2026-10-06T06:45:11+00:00
F103631,low,0.1008,sms_nudge,sms,delivered,Reminder: your next input redemption window is open. Visit your agrodealer this week.,2026-10-06T06:45:11+00:00
F103632,high,0.9854,supervisor_escalation,escalation,sent,High default risk (score=0.99) - long gap since last farm visit; below-average prior yield,2026-10-06T06:45:11+00:00
F103633,low,0.0062,sms_nudge,sms,delivered,Reminder: your next input redemption window is open. Visit your agrodealer this week.,2026-10-06T06:45:11+00:00
F103634,high,0.9946,supervisor_escalation,escalation,sent,High default risk (score=0.99) - low input redemption rate; no active mobile money usage,2026-10-06T06:45:11+00:00
F103635,high,1.0,supervisor_escalation,escalation,sent,High default risk (score=1.00) - low training attendance; long gap since last farm visit,2026-10-06T06:45:11+00:00
F103636,low,0.009,sms_nudge,sms,delivered,Reminder: your next input redemption window is open. Visit your agrodealer this week.,2026-10-06T06:45:11+00:00
F103637,high,0.8625,supervisor_escalation,escalation,sent,High default risk (score=0.86) - weak repayment among peer group; below-average prior yield,2026-10-06T06:45:11+00:00
F103638,low,0.0002,sms_nudge,sms,delivered,Reminder: your next input redemption window is open. Visit your agrodealer this week.,2026-10-06T06:45:11+00:00
F103639,low,0.0167,sms_nudge,sms,delivered,Reminder: your next input redemption window is open. Visit your agrodealer this week.,2026-10-06T06:45:11+00:00
F103640,medium,0.3426,field_agent_task,crm_task,created,Field visit follow-up (medium),2026-10-06T06:45:11+00:00
F103641,high,0.999,supervisor_escalation,escalation,sent,High default risk (score=1.00) - low input redemption rate; long gap since last farm visit,2026-10-06T06:45:11+00:00
F103642,high,0.9968,supervisor_escalation,escalation,sent,High default risk (score=1.00) - long gap since last farm visit; weak repayment among peer group,2026-10-06T06:45:11+00:00
F103643,low,0.001,sms_nudge,sms,failed,Reminder: your next input redemption window is open. Visit your agrodealer this week.,2026-10-06T06:45:11+00:00
F103644,low,0.147,sms_nudge,sms,delivered,Reminder: your next input redemption window is open. Visit your agrodealer this week.,2026-10-06T06:45:11+00:00
F103645,high,0.9399,supervisor_escalation,escalation,sent,High default risk (score=0.94) - low input redemption rate; below-average prior yield,2026-10-06T06:45:11+00:00
F103646,low,0.0008,sms_nudge,sms,delivered,Reminder: your next input redemption window is open. Visit your agrodealer this week.,2026-10-06T06:45:11+00:00
F103647,low,0.0012,sms_nudge,sms,delivered,Reminder: your next input redemption window is open. Visit your agrodealer this week.,2026-10-06T06:45:11+00:00
F103648,low,0.0742,sms_nudge,sms,delivered,Reminder: your next input redemption window is open. Visit your agrodealer this week.,2026-10-06T06:45:11+00:00
F103649,low,0.0125,sms_nudge,sms,delivered,Reminder: your next input redemption window is open. Visit your agrodealer this week.,2026-10-06T06:45:11+00:00
F103650,low,0.0038,sms_nudge,sms,delivered,Reminder: your next input redemption window is open. Visit your agrodealer this week.,2026-10-06T06:45:11+00:00
F103651,low,0.0828,sms_nudge,sms,failed,Reminder: your next input redemption window is open. Visit your agrodealer this week.,2026-10-06T06:45:11+00:00
F103652,low,0.0015,sms_nudge,sms,delivered,Reminder: your next input redemption window is open. Visit your agrodealer this week.,2026-10-06T06:45:11+00:00
F103653,high,0.9845,supervisor_escalation,escalation,sent,High default risk (score=0.98) - long gap since last farm visit; no active mobile money usage,2026-10-06T06:45:11+00:00
F103654,low,0.0517,sms_nudge,sms,delivered,Reminder: your next input redemption window is open. Visit your agrodealer this week.,2026-10-06T06:45:11+00:00
F103655,low,0.0118,sms_nudge,sms,failed,Reminder: your next input redemption window is open. Visit your agrodealer this week.,2026-10-06T06:45:11+00:00
F103656,low,0.0025,sms_nudge,sms,delivered,Reminder: your next input redemption window is open. Visit your agrodealer this week.,2026-10-06T06:45:11+00:00
F103657,high,0.9921,supervisor_escalation,escalation,sent,High default risk (score=0.99) - below-average prior yield; low input redemption rate,2026-10-06T06:45:11+00:00
F103658,low,0.0034,sms_nudge,sms,delivered,Reminder: your next input redemption window is open. Visit your agrodealer this week.,2026-10-06T06:45:11+00:00
F103659,low,0.0182,sms_nudge,sms,failed,Reminder: your next input redemption window is open. Visit your agrodealer this week.,2026-10-06T06:45:11+00:00
F103660,low,0.0728,sms_nudge,sms,delivered,Reminder: your next input redemption window is open. Visit your agrodealer this week.,2026-10-06T06:45:11+00:00
F103661,low,0.0112,sms_nudge,sms,delivered,Reminder: your next input redemption window is open. Visit your agrodealer this week.,2026-10-06T06:45:11+00:00
F103662,low,0.0024,sms_nudge,sms,delivered,Reminder: your next input redemption window is open. Visit your agrodealer this week.,2026-10-06T06:45:11+00:00
F103663,low,0.0004,sms_nudge,sms,delivered,Reminder: your next input redemption window is open. Visit your agrodealer this week.,2026-10-06T06:45:11+00:00
F103664,low,0.0032,sms_nudge,sms,delivered,Reminder: your next input redemption window is open. Visit your agrodealer this week.,2026-10-06T06:45:11+00:00
F103665,low,0.0145,sms_nudge,sms,delivered,Reminder: your next input redemption window is open. Visit your agrodealer this week.,2026-10-06T06:45:11+00:00
F103666,low,0.0335,sms_nudge,sms,delivered,Reminder: your next input redemption window is open. Visit your agrodealer this week.,2026-10-06T06:45:11+00:00
F103667,low,0.0006,sms_nudge,sms,delivered,Reminder: your next input redemption window is open. Visit your agrodealer this week.,2026-10-06T06:45:11+00:00
F103668,high,0.8396,supervisor_escalation,escalation,sent,High default risk (score=0.84) - weak repayment among peer group; long gap since last farm visit,2026-10-06T06:45:11+00:00
F103669,low,0.0793,sms_nudge,sms,delivered,Reminder: your next input redemption window is open. Visit your agrodealer this week.,2026-10-06T06:45:11+00:00
F103670,low,0.0011,sms_nudge,sms,delivered,Reminder: your next input redemption window is open. Visit your agrodealer this week.,2026-10-06T06:45:11+00:00
F103671,low,0.0316,sms_nudge,sms,failed,Reminder: your next input redemption window is open. Visit your agrodealer this week.,2026-10-06T06:45:11+00:00
F103672,low,0.2259,sms_nudge,sms,delivered,Reminder: your next input redemption window is open. Visit your agrodealer this week.,2026-10-06T06:45:11+00:00
F103673,high,0.9769,supervisor_escalation,escalation,sent,High default risk (score=0.98) - low training attendance; low input redemption rate,2026-10-06T06:45:11+00:00
F103674,low,0.0001,sms_nudge,sms,delivered,Reminder: your next input redemption window is open. Visit your agrodealer this week.,2026-10-06T06:45:11+00:00
F103675,low,0.0381,sms_nudge,sms,delivered,Reminder: your next input redemption window is open. Visit your agrodealer this week.,2026-10-06T06:45:11+00:00
F103676,high,0.9974,supervisor_escalation,escalation,sent,High default risk (score=1.00) - long gap since last farm visit; low input redemption rate,2026-10-06T06:45:11+00:00
F103677,low,0.0032,sms_nudge,sms,delivered,Reminder: your next input redemption window is open. Visit your agrodealer this week.,2026-10-06T06:45:11+00:00
F103678,low,0.0053,sms_nudge,sms,delivered,Reminder: your next input redemption window is open. Visit your agrodealer this week.,2026-10-06T06:45:11+00:00
F103679,low,0.0005,sms_nudge,sms,delivered,Reminder: your next input redemption window is open. Visit your agrodealer this week.,2026-10-06T06:45:11+00:00
F103680,low,0.0667,sms_nudge,sms,delivered,Reminder: your next input redemption window is open. Visit your agrodealer this week.,2026-10-06T06:45:11+00:00
F103681,low,0.0162,sms_nudge,sms,delivered,Reminder: your next input redemption window is open. Visit your agrodealer this week.,2026-10-06T06:45:11+00:00
F103682,low,0.003,sms_nudge,sms,delivered,Reminder: your next input redemption window is open. Visit your agrodealer this week.,2026-10-06T06:45:11+00:00
F103683,high,0.997,supervisor_escalation,escalation,sent,High default risk (score=1.00) - long gap since last farm visit; below-average prior yield,2026-10-06T06:45:11+00:00
F103684,low,0.0001,sms_nudge,sms,delivered,Reminder: your next input redemption window is open. Visit your agrodealer this week.,2026-10-06T06:45:11+00:00
F103685,low,0.0003,sms_nudge,sms,delivered,Reminder: your next input redemption window is open. Visit your agrodealer this week.,2026-10-06T06:45:11+00:00
F103686,low,0.0255,sms_nudge,sms,delivered,Reminder: your next input redemption window is open. Visit your agrodealer this week.,2026-10-06T06:45:11+00:00
F103687,low,0.0023,sms_nudge,sms,delivered,Reminder: your next input redemption window is open. Visit your agrodealer this week.,2026-10-06T06:45:11+00:00
F103688,low,0.0193,sms_nudge,sms,delivered,Reminder: your next input redemption window is open. Visit your agrodealer this week.,2026-10-06T06:45:11+00:00
F103689,low,0.0014,sms_nudge,sms,delivered,Reminder: your next input redemption window is open. Visit your agrodealer this week.,2026-10-06T06:45:11+00:00
F103690,high,0.9962,supervisor_escalation,escalation,sent,High default risk (score=1.00) - low training attendance; below-average prior yield,2026-10-06T06:45:11+00:00
F103691,low,0.0053,sms_nudge,sms,delivered,Reminder: your next input redemption window is open. Visit your agrodealer this week.,2026-10-06T06:45:11+00:00
F103692,low,0.0002,sms_nudge,sms,delivered,Reminder: your next input redemption window is open. Visit your agrodealer this week.,2026-10-06T06:45:11+00:00
F103693,low,0.0003,sms_nudge,sms,delivered,Reminder: your next input redemption window is open. Visit your agrodealer this week.,2026-10-06T06:45:11+00:00
F103694,low,0.0048,sms_nudge,sms,delivered,Reminder: your next input redemption window is open. Visit your agrodealer this week.,2026-10-06T06:45:11+00:00
F103695,low,0.0751,sms_nudge,sms,delivered,Reminder: your next input redemption window is open. Visit your agrodealer this week.,2026-10-06T06:45:11+00:00
F103696,low,0.0154,sms_nudge,sms,delivered,Reminder: your next input redemption window is open. Visit your agrodealer this week.,2026-10-06T06:45:11+00:00
F103697,low,0.0132,sms_nudge,sms,delivered,Reminder: your next input redemption window is open. Visit your agrodealer this week.,2026-10-06T06:45:11+00:00
F103698,low,0.002,sms_nudge,sms,delivered,Reminder: your next input redemption window is open. Visit your agrodealer this week.,2026-10-06T06:45:11+00:00
F103699,high,0.9979,supervisor_escalation,escalation,sent,High default risk (score=1.00) - long gap since last farm visit; low training attendance,2026-10-06T06:45:11+00:00
F103700,high,0.9861,supervisor_escalation,escalation,sent,High default risk (score=0.99) - low input redemption rate; weak repayment among peer group,2026-10-06T06:45:11+00:00
F103701,high,0.9958,supervisor_escalation,escalation,sent,High default risk (score=1.00) - low input redemption rate; weak repayment among peer group,2026-10-06T06:45:11+00:00
F103702,low,0.0004,sms_nudge,sms,delivered,Reminder: your next input redemption window is open. Visit your agrodealer this week.,2026-10-06T06:45:11+00:00
F103703,low,0.1414,sms_nudge,sms,delivered,Reminder: your next input redemption window is open. Visit your agrodealer this week.,2026-10-06T06:45:11+00:00
F103704,low,0.0024,sms_nudge,sms,delivered,Reminder: your next input redemption window is open. Visit your agrodealer this week.,2026-10-06T06:45:11+00:00
F103705,low,0.0026,sms_nudge,sms,delivered,Reminder: your next input redemption window is open. Visit your agrodealer this week.,2026-10-06T06:45:11+00:00
F103706,low,0.0171,sms_nudge,sms,delivered,Reminder: your next input redemption window is open. Visit your agrodealer this week.,2026-10-06T06:45:11+00:00
F103707,low,0.2817,sms_nudge,sms,delivered,Reminder: your next input redemption window is open. Visit your agrodealer this week.,2026-10-06T06:45:11+00:00
F103708,high,0.9968,supervisor_escalation,escalation,sent,High default risk (score=1.00) - weak repayment among peer group; no active mobile money usage,2026-10-06T06:45:11+00:00
F103709,high,0.8971,supervisor_escalation,escalation,sent,High default risk (score=0.90) - low input redemption rate; long distance to nearest agrodealer,2026-10-06T06:45:11+00:00
F103710,high,0.918,supervisor_escalation,escalation,sent,High default risk (score=0.92) - weak repayment among peer group; long gap since last farm visit,2026-10-06T06:45:11+00:00
F103711,low,0.0035,sms_nudge,sms,delivered,Reminder: your next input redemption window is open. Visit your agrodealer this week.,2026-10-06T06:45:11+00:00
F103712,high,0.9887,supervisor_escalation,escalation,sent,High default risk (score=0.99) - long gap since last farm visit; low input redemption rate,2026-10-06T06:45:11+00:00
F103713,low,0.0032,sms_nudge,sms,failed,Reminder: your next input redemption window is open. Visit your agrodealer this week.,2026-10-06T06:45:11+00:00
F103714,low,0.0616,sms_nudge,sms,delivered,Reminder: your next input redemption window is open. Visit your agrodealer this week.,2026-10-06T06:45:11+00:00
F103715,low,0.0001,sms_nudge,sms,delivered,Reminder: your next input redemption window is open. Visit your agrodealer this week.,2026-10-06T06:45:11+00:00
F103716,low,0.0205,sms_nudge,sms,delivered,Reminder: your next input redemption window is open. Visit your agrodealer this week.,2026-10-06T06:45:11+00:00
F103717,low,0.0003,sms_nudge,sms,delivered,Reminder: your next input redemption window is open. Visit your agrodealer this week.,2026-10-06T06:45:11+00:00
F103718,high,0.9905,supervisor_escalation,escalation,sent,High default risk (score=0.99) - long gap since last farm visit; no active mobile money usage,2026-10-06T06:45:11+00:00
F103719,low,0.0338,sms_nudge,sms,delivered,Reminder: your next input redemption window is open. Visit your agrodealer this week.,2026-10-06T06:45:11+00:00
F103720,low,0.0773,sms_nudge,sms,delivered,Reminder: your next input redemption window is open. Visit your agrodealer this week.,2026-10-06T06:45:11+00:00
F103721,low,0.0149,sms_nudge,sms,delivered,Reminder: your next input redemption window is open. Visit your agrodealer this week.,2026-10-06T06:45:11+00:00
F103722,low,0.1047,sms_nudge,sms,delivered,Reminder: your next input redemption window is open. Visit your agrodealer this week.,2026-10-06T06:45:11+00:00
F103723,low,0.0007,sms_nudge,sms,delivered,Reminder: your next input redemption window is open. Visit your agrodealer this week.,2026-10-06T06:45:11+00:00
F103724,low,0.0003,sms_nudge,sms,delivered,Reminder: your next input redemption window is open. Visit your agrodealer this week.,2026-10-06T06:45:11+00:00
F103725,high,0.9351,supervisor_escalation,escalation,sent,High default risk (score=0.94) - long gap since last farm visit; weak repayment among peer group,2026-10-06T06:45:11+00:00
F103726,low,0.0,sms_nudge,sms,delivered,Reminder: your next input redemption window is open. Visit your agrodealer this week.,2026-10-06T06:45:11+00:00
F103727,low,0.0002,sms_nudge,sms,delivered,Reminder: your next input redemption window is open. Visit your agrodealer this week.,2026-10-06T06:45:11+00:00
F103728,low,0.0032,sms_nudge,sms,delivered,Reminder: your next input redemption window is open. Visit your agrodealer this week.,2026-10-06T06:45:11+00:00
F103729,high,0.9967,supervisor_escalation,escalation,sent,High default risk (score=1.00) - weak repayment among peer group; low training attendance,2026-10-06T06:45:11+00:00
F103730,low,0.0134,sms_nudge,sms,delivered,Reminder: your next input redemption window is open. Visit your agrodealer this week.,2026-10-06T06:45:11+00:00
F103731,low,0.0011,sms_nudge,sms,delivered,Reminder: your next input redemption window is open. Visit your agrodealer this week.,2026-10-06T06:45:11+00:00
F103732,high,0.9807,supervisor_escalation,escalation,sent,High default risk (score=0.98) - long gap since last farm visit; weak repayment among peer group,2026-10-06T06:45:11+00:00
F103733,low,0.2071,sms_nudge,sms,delivered,Reminder: your next input redemption window is open. Visit your agrodealer this week.,2026-10-06T06:45:11+00:00
F103734,low,0.0004,sms_nudge,sms,delivered,Reminder: your next input redemption window is open. Visit your agrodealer this week.,2026-10-06T06:45:11+00:00
F103735,low,0.0171,sms_nudge,sms,delivered,Reminder: your next input redemption window is open. Visit your agrodealer this week.,2026-10-06T06:45:11+00:00
F103736,low,0.1185,sms_nudge,sms,delivered,Reminder: your next input redemption window is open. Visit your agrodealer this week.,2026-10-06T06:45:11+00:00
F103737,high,0.9766,supervisor_escalation,escalation,sent,High default risk (score=0.98) - weak repayment among peer group; no active mobile money usage,2026-10-06T06:45:11+00:00
F103738,low,0.0833,sms_nudge,sms,delivered,Reminder: your next input redemption window is open. Visit your agrodealer this week.,2026-10-06T06:45:11+00:00
F103739,low,0.0066,sms_nudge,sms,delivered,Reminder: your next input redemption window is open. Visit your agrodealer this week.,2026-10-06T06:45:11+00:00
F103740,low,0.0038,sms_nudge,sms,delivered,Reminder: your next input redemption window is open. Visit your agrodealer this week.,2026-10-06T06:45:11+00:00
F103741,low,0.0065,sms_nudge,sms,delivered,Reminder: your next input redemption window is open. Visit your agrodealer this week.,2026-10-06T06:45:11+00:00
F103742,low,0.0322,sms_nudge,sms,delivered,Reminder: your next input redemption window is open. Visit your agrodealer this week.,2026-10-06T06:45:11+00:00
F103743,low,0.0002,sms_nudge,sms,delivered,Reminder: your next input redemption window is open. Visit your agrodealer this week.,2026-10-06T06:45:11+00:00
F103744,low,0.0003,sms_nudge,sms,delivered,Reminder: your next input redemption window is open. Visit your agrodealer this week.,2026-10-06T06:45:11+00:00
F103745,low,0.0067,sms_nudge,sms,delivered,Reminder: your next input redemption window is open. Visit your agrodealer this week.,2026-10-06T06:45:11+00:00
F103746,low,0.0004,sms_nudge,sms,delivered,Reminder: your next input redemption window is open. Visit your agrodealer this week.,2026-10-06T06:45:11+00:00
F103747,high,0.9727,supervisor_escalation,escalation,sent,High default risk (score=0.97) - long gap since last farm visit; long distance to nearest agrodealer,2026-10-06T06:45:11+00:00
F103748,medium,0.41,field_agent_task,crm_task,created,Field visit follow-up (medium),2026-10-06T06:45:11+00:00
F103749,high,0.9169,supervisor_escalation,escalation,sent,High default risk (score=0.92) - long distance to nearest agrodealer; long gap since last farm visit,2026-10-06T06:45:11+00:00
F103750,low,0.0008,sms_nudge,sms,failed,Reminder: your next input redemption window is open. Visit your agrodealer this week.,2026-10-06T06:45:11+00:00
F103751,low,0.0016,sms_nudge,sms,delivered,Reminder: your next input redemption window is open. Visit your agrodealer this week.,2026-10-06T06:45:11+00:00
F103752,low,0.0005,sms_nudge,sms,delivered,Reminder: your next input redemption window is open. Visit your agrodealer this week.,2026-10-06T06:45:11+00:00
F103753,low,0.0461,sms_nudge,sms,delivered,Reminder: your next input redemption window is open. Visit your agrodealer this week.,2026-10-06T06:45:11+00:00
F103754,low,0.0011,sms_nudge,sms,delivered,Reminder: your next input redemption window is open. Visit your agrodealer this week.,2026-10-06T06:45:11+00:00
F103755,low,0.0062,sms_nudge,sms,delivered,Reminder: your next input redemption window is open. Visit your agrodealer this week.,2026-10-06T06:45:11+00:00
F103756,low,0.0043,sms_nudge,sms,delivered,Reminder: your next input redemption window is open. Visit your agrodealer this week.,2026-10-06T06:45:11+00:00
F103757,high,0.9579,supervisor_escalation,escalation,sent,High default risk (score=0.96) - low training attendance; long distance to nearest agrodealer,2026-10-06T06:45:11+00:00
F103758,high,0.9978,supervisor_escalation,escalation,sent,High default risk (score=1.00) - long distance to nearest agrodealer; long gap since last farm visit,2026-10-06T06:45:11+00:00
F103759,high,0.9058,supervisor_escalation,escalation,sent,High default risk (score=0.91) - low training attendance; weak repayment among peer group,2026-10-06T06:45:11+00:00
F103760,high,0.9887,supervisor_escalation,escalation,sent,High default risk (score=0.99) - low input redemption rate; long gap since last farm visit,2026-10-06T06:45:11+00:00
F103761,low,0.0099,sms_nudge,sms,delivered,Reminder: your next input redemption window is open. Visit your agrodealer this week.,2026-10-06T06:45:11+00:00
F103762,low,0.0001,sms_nudge,sms,delivered,Reminder: your next input redemption window is open. Visit your agrodealer this week.,2026-10-06T06:45:11+00:00
F103763,low,0.0329,sms_nudge,sms,delivered,Reminder: your next input redemption window is open. Visit your agrodealer this week.,2026-10-06T06:45:11+00:00
F103764,low,0.0002,sms_nudge,sms,delivered,Reminder: your next input redemption window is open. Visit your agrodealer this week.,2026-10-06T06:45:11+00:00
F103765,high,0.9652,supervisor_escalation,escalation,sent,High default risk (score=0.97) - long gap since last farm visit; below-average prior yield,2026-10-06T06:45:11+00:00
F103766,low,0.0003,sms_nudge,sms,delivered,Reminder: your next input redemption window is open. Visit your agrodealer this week.,2026-10-06T06:45:11+00:00
F103767,high,0.9851,supervisor_escalation,escalation,sent,High default risk (score=0.99) - long gap since last farm visit; low training attendance,2026-10-06T06:45:11+00:00
F103768,low,0.0049,sms_nudge,sms,delivered,Reminder: your next input redemption window is open. Visit your agrodealer this week.,2026-10-06T06:45:11+00:00
F103769,low,0.0012,sms_nudge,sms,delivered,Reminder: your next input redemption window is open. Visit your agrodealer this week.,2026-10-06T06:45:11+00:00
F103770,high,0.9992,supervisor_escalation,escalation,sent,High default risk (score=1.00) - low input redemption rate; no active mobile money usage,2026-10-06T06:45:11+00:00
F103771,low,0.0006,sms_nudge,sms,delivered,Reminder: your next input redemption window is open. Visit your agrodealer this week.,2026-10-06T06:45:11+00:00
F103772,low,0.0092,sms_nudge,sms,delivered,Reminder: your next input redemption window is open. Visit your agrodealer this week.,2026-10-06T06:45:11+00:00
F103773,low,0.0003,sms_nudge,sms,delivered,Reminder: your next input redemption window is open. Visit your agrodealer this week.,2026-10-06T06:45:11+00:00
F103774,high,0.8921,supervisor_escalation,escalation,sent,High default risk (score=0.89) - long gap since last farm visit; below-average prior yield,2026-10-06T06:45:11+00:00
F103775,low,0.0004,sms_nudge,sms,delivered,Reminder: your next input redemption window is open. Visit your agrodealer this week.,2026-10-06T06:45:11+00:00
F103776,low,0.0003,sms_nudge,sms,delivered,Reminder: your next input redemption window is open. Visit your agrodealer this week.,2026-10-06T06:45:11+00:00
F103777,low,0.0123,sms_nudge,sms,delivered,Reminder: your next input redemption window is open. Visit your agrodealer this week.,2026-10-06T06:45:11+00:00
F103778,high,0.9914,supervisor_escalation,escalation,sent,High default risk (score=0.99) - below-average prior yield; low input redemption rate,2026-10-06T06:45:11+00:00
F103779,low,0.0001,sms_nudge,sms,delivered,Reminder: your next input redemption window is open. Visit your agrodealer this week.,2026-10-06T06:45:11+00:00
F103780,low,0.003,sms_nudge,sms,delivered,Reminder: your next input redemption window is open. Visit your agrodealer this week.,2026-10-06T06:45:11+00:00
F103781,low,0.0288,sms_nudge,sms,delivered,Reminder: your next input redemption window is open. Visit your agrodealer this week.,2026-10-06T06:45:11+00:00
F103782,high,0.9734,supervisor_escalation,escalation,sent,High default risk (score=0.97) - weak repayment among peer group; no active mobile money usage,2026-10-06T06:45:11+00:00
F103783,low,0.0004,sms_nudge,sms,delivered,Reminder: your next input redemption window is open. Visit your agrodealer this week.,2026-10-06T06:45:11+00:00
F103784,high,0.9991,supervisor_escalation,escalation,sent,High default risk (score=1.00) - long gap since last farm visit; low input redemption rate,2026-10-06T06:45:11+00:00
F103785,low,0.0004,sms_nudge,sms,delivered,Reminder: your next input redemption window is open. Visit your agrodealer this week.,2026-10-06T06:45:11+00:00
F103786,low,0.0288,sms_nudge,sms,delivered,Reminder: your next input redemption window is open. Visit your agrodealer this week.,2026-10-06T06:45:11+00:00
F103787,low,0.0003,sms_nudge,sms,delivered,Reminder: your next input redemption window is open. Visit your agrodealer this week.,2026-10-06T06:45:11+00:00
F103788,low,0.0051,sms_nudge,sms,delivered,Reminder: your next input redemption window is open. Visit your agrodealer this week.,2026-10-06T06:45:11+00:00
F103789,low,0.006,sms_nudge,sms,delivered,Reminder: your next input redemption window is open. Visit your agrodealer this week.,2026-10-06T06:45:11+00:00
F103790,low,0.0029,sms_nudge,sms,delivered,Reminder: your next input redemption window is open. Visit your agrodealer this week.,2026-10-06T06:45:11+00:00
F103791,low,0.0008,sms_nudge,sms,delivered,Reminder: your next input redemption window is open. Visit your agrodealer this week.,2026-10-06T06:45:11+00:00
F103792,high,0.9547,supervisor_escalation,escalation,sent,High default risk (score=0.95) - low input redemption rate; weak repayment among peer group,2026-10-06T06:45:11+00:00
F103793,high,0.9997,supervisor_escalation,escalation,sent,High default risk (score=1.00) - long gap since last farm visit; no active mobile money usage,2026-10-06T06:45:11+00:00
F103794,high,0.9992,supervisor_escalation,escalation,sent,High default risk (score=1.00) - weak repayment among peer group; low training attendance,2026-10-06T06:45:11+00:00
F103795,low,0.0006,sms_nudge,sms,delivered,Reminder: your next input redemption window is open. Visit your agrodealer this week.,2026-10-06T06:45:11+00:00
F103796,low,0.0013,sms_nudge,sms,delivered,Reminder: your next input redemption window is open. Visit your agrodealer this week.,2026-10-06T06:45:11+00:00
F103797,low,0.0342,sms_nudge,sms,failed,Reminder: your next input redemption window is open. Visit your agrodealer this week.,2026-10-06T06:45:11+00:00
F103798,low,0.0018,sms_nudge,sms,delivered,Reminder: your next input redemption window is open. Visit your agrodealer this week.,2026-10-06T06:45:11+00:00
F103799,low,0.0,sms_nudge,sms,delivered,Reminder: your next input redemption window is open. Visit your agrodealer this week.,2026-10-06T06:45:11+00:00
F103800,low,0.0474,sms_nudge,sms,delivered,Reminder: your next input redemption window is open. Visit your agrodealer this week.,2026-10-06T06:45:11+00:00
F103801,low,0.0003,sms_nudge,sms,delivered,Reminder: your next input redemption window is open. Visit your agrodealer this week.,2026-10-06T06:45:11+00:00
F103802,low,0.0008,sms_nudge,sms,delivered,Reminder: your next input redemption window is open. Visit your agrodealer this week.,2026-10-06T06:45:11+00:00
F103803,low,0.0016,sms_nudge,sms,delivered,Reminder: your next input redemption window is open. Visit your agrodealer this week.,2026-10-06T06:45:11+00:00
F103804,high,0.9397,supervisor_escalation,escalation,sent,High default risk (score=0.94) - long gap since last farm visit; below-average prior yield,2026-10-06T06:45:11+00:00
F103805,high,0.9772,supervisor_escalation,escalation,sent,High default risk (score=0.98) - long gap since last farm visit; weak repayment among peer group,2026-10-06T06:45:11+00:00
F103806,low,0.003,sms_nudge,sms,failed,Reminder: your next input redemption window is open. Visit your agrodealer this week.,2026-10-06T06:45:11+00:00
F103807,low,0.0143,sms_nudge,sms,delivered,Reminder: your next input redemption window is open. Visit your agrodealer this week.,2026-10-06T06:45:11+00:00
F103808,low,0.0001,sms_nudge,sms,delivered,Reminder: your next input redemption window is open. Visit your agrodealer this week.,2026-10-06T06:45:11+00:00
F103809,high,0.9997,supervisor_escalation,escalation,sent,High default risk (score=1.00) - long gap since last farm visit; low input redemption rate,2026-10-06T06:45:11+00:00
F103810,low,0.0217,sms_nudge,sms,delivered,Reminder: your next input redemption window is open. Visit your agrodealer this week.,2026-10-06T06:45:11+00:00
F103811,low,0.0051,sms_nudge,sms,delivered,Reminder: your next input redemption window is open. Visit your agrodealer this week.,2026-10-06T06:45:11+00:00
F103812,high,0.9564,supervisor_escalation,escalation,sent,High default risk (score=0.96) - weak repayment among peer group; long gap since last farm visit,2026-10-06T06:45:11+00:00
F103813,low,0.0006,sms_nudge,sms,delivered,Reminder: your next input redemption window is open. Visit your agrodealer this week.,2026-10-06T06:45:11+00:00
F103814,low,0.0035,sms_nudge,sms,delivered,Reminder: your next input redemption window is open. Visit your agrodealer this week.,2026-10-06T06:45:11+00:00
F103815,low,0.0033,sms_nudge,sms,delivered,Reminder: your next input redemption window is open. Visit your agrodealer this week.,2026-10-06T06:45:11+00:00
F103816,low,0.0132,sms_nudge,sms,delivered,Reminder: your next input redemption window is open. Visit your agrodealer this week.,2026-10-06T06:45:11+00:00
F103817,low,0.0,sms_nudge,sms,delivered,Reminder: your next input redemption window is open. Visit your agrodealer this week.,2026-10-06T06:45:11+00:00
F103818,low,0.1113,sms_nudge,sms,delivered,Reminder: your next input redemption window is open. Visit your agrodealer this week.,2026-10-06T06:45:11+00:00
F103819,low,0.0015,sms_nudge,sms,delivered,Reminder: your next input redemption window is open. Visit your agrodealer this week.,2026-10-06T06:45:11+00:00
F103820,low,0.0027,sms_nudge,sms,delivered,Reminder: your next input redemption window is open. Visit your agrodealer this week.,2026-10-06T06:45:11+00:00
F103821,low,0.008,sms_nudge,sms,delivered,Reminder: your next input redemption window is open. Visit your agrodealer this week.,2026-10-06T06:45:11+00:00
F103822,low,0.0005,sms_nudge,sms,delivered,Reminder: your next input redemption window is open. Visit your agrodealer this week.,2026-10-06T06:45:11+00:00
F103823,high,0.9236,supervisor_escalation,escalation,sent,High default risk (score=0.92) - long distance to nearest agrodealer; low input redemption rate,2026-10-06T06:45:11+00:00
F103824,low,0.0001,sms_nudge,sms,delivered,Reminder: your next input redemption window is open. Visit your agrodealer this week.,2026-10-06T06:45:11+00:00
F103825,low,0.001,sms_nudge,sms,delivered,Reminder: your next input redemption window is open. Visit your agrodealer this week.,2026-10-06T06:45:11+00:00
F103826,high,0.9998,supervisor_escalation,escalation,sent,High default risk (score=1.00) - weak repayment among peer group; low input redemption rate,2026-10-06T06:45:11+00:00
F103827,low,0.2604,sms_nudge,sms,delivered,Reminder: your next input redemption window is open. Visit your agrodealer this week.,2026-10-06T06:45:11+00:00
F103828,low,0.0814,sms_nudge,sms,delivered,Reminder: your next input redemption window is open. Visit your agrodealer this week.,2026-10-06T06:45:11+00:00
F103829,high,0.793,supervisor_escalation,escalation,sent,High default risk (score=0.79) - weak repayment among peer group; low input redemption rate,2026-10-06T06:45:11+00:00
F103830,medium,0.5892,field_agent_task,crm_task,created,Field visit follow-up (medium),2026-10-06T06:45:11+00:00
F103831,high,0.9431,supervisor_escalation,escalation,sent,High default risk (score=0.94) - low input redemption rate; long gap since last farm visit,2026-10-06T06:45:11+00:00
F103832,low,0.0867,sms_nudge,sms,delivered,Reminder: your next input redemption window is open. Visit your agrodealer this week.,2026-10-06T06:45:11+00:00
F103833,low,0.0077,sms_nudge,sms,delivered,Reminder: your next input redemption window is open. Visit your agrodealer this week.,2026-10-06T06:45:11+00:00
F103834,low,0.0021,sms_nudge,sms,delivered,Reminder: your next input redemption window is open. Visit your agrodealer this week.,2026-10-06T06:45:11+00:00
F103835,low,0.0212,sms_nudge,sms,delivered,Reminder: your next input redemption window is open. Visit your agrodealer this week.,2026-10-06T06:45:11+00:00
F103836,low,0.0086,sms_nudge,sms,delivered,Reminder: your next input redemption window is open. Visit your agrodealer this week.,2026-10-06T06:45:11+00:00
F103837,low,0.022,sms_nudge,sms,delivered,Reminder: your next input redemption window is open. Visit your agrodealer this week.,2026-10-06T06:45:11+00:00
F103838,low,0.0006,sms_nudge,sms,delivered,Reminder: your next input redemption window is open. Visit your agrodealer this week.,2026-10-06T06:45:11+00:00
F103839,low,0.0014,sms_nudge,sms,delivered,Reminder: your next input redemption window is open. Visit your agrodealer this week.,2026-10-06T06:45:11+00:00
F103840,low,0.013,sms_nudge,sms,delivered,Reminder: your next input redemption window is open. Visit your agrodealer this week.,2026-10-06T06:45:11+00:00
F103841,low,0.004,sms_nudge,sms,delivered,Reminder: your next input redemption window is open. Visit your agrodealer this week.,2026-10-06T06:45:11+00:00
F103842,low,0.0169,sms_nudge,sms,delivered,Reminder: your next input redemption window is open. Visit your agrodealer this week.,2026-10-06T06:45:11+00:00
F103843,low,0.0073,sms_nudge,sms,delivered,Reminder: your next input redemption window is open. Visit your agrodealer this week.,2026-10-06T06:45:11+00:00
F103844,low,0.0438,sms_nudge,sms,delivered,Reminder: your next input redemption window is open. Visit your agrodealer this week.,2026-10-06T06:45:11+00:00
F103845,low,0.0172,sms_nudge,sms,delivered,Reminder: your next input redemption window is open. Visit your agrodealer this week.,2026-10-06T06:45:11+00:00
F103846,low,0.0113,sms_nudge,sms,delivered,Reminder: your next input redemption window is open. Visit your agrodealer this week.,2026-10-06T06:45:11+00:00
F103847,high,0.9747,supervisor_escalation,escalation,sent,High default risk (score=0.97) - below-average prior yield; low training attendance,2026-10-06T06:45:11+00:00
F103848,low,0.0458,sms_nudge,sms,failed,Reminder: your next input redemption window is open. Visit your agrodealer this week.,2026-10-06T06:45:11+00:00
F103849,high,0.9999,supervisor_escalation,escalation,sent,High default risk (score=1.00) - low training attendance; long gap since last farm visit,2026-10-06T06:45:11+00:00
F103850,high,0.7389,supervisor_escalation,escalation,sent,High default risk (score=0.74) - low training attendance; long distance to nearest agrodealer,2026-10-06T06:45:11+00:00
F103851,low,0.003,sms_nudge,sms,delivered,Reminder: your next input redemption window is open. Visit your agrodealer this week.,2026-10-06T06:45:11+00:00
F103852,low,0.0004,sms_nudge,sms,delivered,Reminder: your next input redemption window is open. Visit your agrodealer this week.,2026-10-06T06:45:11+00:00
F103853,low,0.0002,sms_nudge,sms,delivered,Reminder: your next input redemption window is open. Visit your agrodealer this week.,2026-10-06T06:45:11+00:00
F103854,low,0.0006,sms_nudge,sms,delivered,Reminder: your next input redemption window is open. Visit your agrodealer this week.,2026-10-06T06:45:11+00:00
F103855,low,0.0002,sms_nudge,sms,delivered,Reminder: your next input redemption window is open. Visit your agrodealer this week.,2026-10-06T06:45:11+00:00
F103856,low,0.0278,sms_nudge,sms,delivered,Reminder: your next input redemption window is open. Visit your agrodealer this week.,2026-10-06T06:45:11+00:00
F103857,low,0.1939,sms_nudge,sms,delivered,Reminder: your next input redemption window is open. Visit your agrodealer this week.,2026-10-06T06:45:11+00:00
F103858,low,0.0013,sms_nudge,sms,delivered,Reminder: your next input redemption window is open. Visit your agrodealer this week.,2026-10-06T06:45:11+00:00
F103859,low,0.0033,sms_nudge,sms,failed,Reminder: your next input redemption window is open. Visit your agrodealer this week.,2026-10-06T06:45:11+00:00
F103860,low,0.0089,sms_nudge,sms,delivered,Reminder: your next input redemption window is open. Visit your agrodealer this week.,2026-10-06T06:45:11+00:00
F103861,low,0.029,sms_nudge,sms,delivered,Reminder: your next input redemption window is open. Visit your agrodealer this week.,2026-10-06T06:45:11+00:00
F103862,low,0.0009,sms_nudge,sms,delivered,Reminder: your next input redemption window is open. Visit your agrodealer this week.,2026-10-06T06:45:11+00:00
F103863,low,0.0,sms_nudge,sms,delivered,Reminder: your next input redemption window is open. Visit your agrodealer this week.,2026-10-06T06:45:11+00:00
F103864,low,0.0013,sms_nudge,sms,delivered,Reminder: your next input redemption window is open. Visit your agrodealer this week.,2026-10-06T06:45:11+00:00
F103865,low,0.1022,sms_nudge,sms,delivered,Reminder: your next input redemption window is open. Visit your agrodealer this week.,2026-10-06T06:45:11+00:00
F103866,low,0.0417,sms_nudge,sms,delivered,Reminder: your next input redemption window is open. Visit your agrodealer this week.,2026-10-06T06:45:11+00:00
F103867,low,0.064,sms_nudge,sms,delivered,Reminder: your next input redemption window is open. Visit your agrodealer this week.,2026-10-06T06:45:11+00:00
F103868,high,0.9205,supervisor_escalation,escalation,sent,High default risk (score=0.92) - long gap since last farm visit; low training attendance,2026-10-06T06:45:11+00:00
F103869,low,0.0002,sms_nudge,sms,delivered,Reminder: your next input redemption window is open. Visit your agrodealer this week.,2026-10-06T06:45:11+00:00
F103870,high,0.9999,supervisor_escalation,escalation,sent,High default risk (score=1.00) - long gap since last farm visit; weak repayment among peer group,2026-10-06T06:45:11+00:00
F103871,low,0.0025,sms_nudge,sms,delivered,Reminder: your next input redemption window is open. Visit your agrodealer this week.,2026-10-06T06:45:11+00:00
F103872,low,0.0087,sms_nudge,sms,delivered,Reminder: your next input redemption window is open. Visit your agrodealer this week.,2026-10-06T06:45:11+00:00
F103873,low,0.0018,sms_nudge,sms,delivered,Reminder: your next input redemption window is open. Visit your agrodealer this week.,2026-10-06T06:45:11+00:00
F103874,low,0.0043,sms_nudge,sms,failed,Reminder: your next input redemption window is open. Visit your agrodealer this week.,2026-10-06T06:45:11+00:00
F103875,low,0.0002,sms_nudge,sms,delivered,Reminder: your next input redemption window is open. Visit your agrodealer this week.,2026-10-06T06:45:11+00:00
F103876,low,0.0196,sms_nudge,sms,delivered,Reminder: your next input redemption window is open. Visit your agrodealer this week.,2026-10-06T06:45:11+00:00
F103877,high,0.9969,supervisor_escalation,escalation,sent,High default risk (score=1.00) - long gap since last farm visit; long distance to nearest agrodealer,2026-10-06T06:45:11+00:00
F103878,low,0.0003,sms_nudge,sms,delivered,Reminder: your next input redemption window is open. Visit your agrodealer this week.,2026-10-06T06:45:11+00:00
F103879,high,0.9392,supervisor_escalation,escalation,sent,High default risk (score=0.94) - long gap since last farm visit; below-average prior yield,2026-10-06T06:45:11+00:00
F103880,low,0.0601,sms_nudge,sms,delivered,Reminder: your next input redemption window is open. Visit your agrodealer this week.,2026-10-06T06:45:11+00:00
F103881,low,0.0386,sms_nudge,sms,delivered,Reminder: your next input redemption window is open. Visit your agrodealer this week.,2026-10-06T06:45:11+00:00
F103882,low,0.0164,sms_nudge,sms,delivered,Reminder: your next input redemption window is open. Visit your agrodealer this week.,2026-10-06T06:45:11+00:00
F103883,high,0.8918,supervisor_escalation,escalation,sent,High default risk (score=0.89) - long gap since last farm visit; long distance to nearest agrodealer,2026-10-06T06:45:11+00:00
F103884,low,0.0001,sms_nudge,sms,delivered,Reminder: your next input redemption window is open. Visit your agrodealer this week.,2026-10-06T06:45:11+00:00
F103885,high,0.9428,supervisor_escalation,escalation,sent,High default risk (score=0.94) - no active mobile money usage; long gap since last farm visit,2026-10-06T06:45:11+00:00
F103886,low,0.0436,sms_nudge,sms,delivered,Reminder: your next input redemption window is open. Visit your agrodealer this week.,2026-10-06T06:45:11+00:00
F103887,high,0.9593,supervisor_escalation,escalation,sent,High default risk (score=0.96) - weak repayment among peer group; low input redemption rate,2026-10-06T06:45:11+00:00
F103888,medium,0.371,field_agent_task,crm_task,created,Field visit follow-up (medium),2026-10-06T06:45:11+00:00
F103889,low,0.0013,sms_nudge,sms,delivered,Reminder: your next input redemption window is open. Visit your agrodealer this week.,2026-10-06T06:45:11+00:00
F103890,low,0.0735,sms_nudge,sms,delivered,Reminder: your next input redemption window is open. Visit your agrodealer this week.,2026-10-06T06:45:11+00:00
F103891,low,0.0283,sms_nudge,sms,delivered,Reminder: your next input redemption window is open. Visit your agrodealer this week.,2026-10-06T06:45:11+00:00
F103892,high,0.7732,supervisor_escalation,escalation,sent,High default risk (score=0.77) - below-average prior yield; long gap since last farm visit,2026-10-06T06:45:11+00:00
F103893,low,0.0003,sms_nudge,sms,delivered,Reminder: your next input redemption window is open. Visit your agrodealer this week.,2026-10-06T06:45:11+00:00
F103894,low,0.0083,sms_nudge,sms,delivered,Reminder: your next input redemption window is open. Visit your agrodealer this week.,2026-10-06T06:45:11+00:00
F103895,high,0.9726,supervisor_escalation,escalation,sent,High default risk (score=0.97) - low training attendance; long distance to nearest agrodealer,2026-10-06T06:45:11+00:00
F103896,low,0.007,sms_nudge,sms,delivered,Reminder: your next input redemption window is open. Visit your agrodealer this week.,2026-10-06T06:45:11+00:00
F103897,low,0.0007,sms_nudge,sms,delivered,Reminder: your next input redemption window is open. Visit your agrodealer this week.,2026-10-06T06:45:11+00:00
F103898,low,0.0008,sms_nudge,sms,delivered,Reminder: your next input redemption window is open. Visit your agrodealer this week.,2026-10-06T06:45:11+00:00
F103899,high,0.9753,supervisor_escalation,escalation,sent,High default risk (score=0.98) - long gap since last farm visit; weak repayment among peer group,2026-10-06T06:45:11+00:00
F103900,low,0.0001,sms_nudge,sms,delivered,Reminder: your next input redemption window is open. Visit your agrodealer this week.,2026-10-06T06:45:11+00:00
F103901,low,0.001,sms_nudge,sms,delivered,Reminder: your next input redemption window is open. Visit your agrodealer this week.,2026-10-06T06:45:11+00:00
F103902,medium,0.3645,field_agent_task,crm_task,created,Field visit follow-up (medium),2026-10-06T06:45:11+00:00
F103903,high,0.9485,supervisor_escalation,escalation,sent,High default risk (score=0.95) - low training attendance; long distance to nearest agrodealer,2026-10-06T06:45:11+00:00
F103904,low,0.0003,sms_nudge,sms,delivered,Reminder: your next input redemption window is open. Visit your agrodealer this week.,2026-10-06T06:45:11+00:00
F103905,low,0.0067,sms_nudge,sms,delivered,Reminder: your next input redemption window is open. Visit your agrodealer this week.,2026-10-06T06:45:11+00:00
F103906,low,0.0001,sms_nudge,sms,delivered,Reminder: your next input redemption window is open. Visit your agrodealer this week.,2026-10-06T06:45:11+00:00
F103907,high,0.9952,supervisor_escalation,escalation,sent,High default risk (score=1.00) - long gap since last farm visit; weak repayment among peer group,2026-10-06T06:45:11+00:00
F103908,low,0.0001,sms_nudge,sms,delivered,Reminder: your next input redemption window is open. Visit your agrodealer this week.,2026-10-06T06:45:11+00:00
F103909,low,0.0586,sms_nudge,sms,delivered,Reminder: your next input redemption window is open. Visit your agrodealer this week.,2026-10-06T06:45:11+00:00
F103910,low,0.0041,sms_nudge,sms,delivered,Reminder: your next input redemption window is open. Visit your agrodealer this week.,2026-10-06T06:45:11+00:00
F103911,low,0.0055,sms_nudge,sms,delivered,Reminder: your next input redemption window is open. Visit your agrodealer this week.,2026-10-06T06:45:11+00:00
F103912,high,0.9696,supervisor_escalation,escalation,sent,High default risk (score=0.97) - low input redemption rate; long gap since last farm visit,2026-10-06T06:45:11+00:00
F103913,low,0.0004,sms_nudge,sms,delivered,Reminder: your next input redemption window is open. Visit your agrodealer this week.,2026-10-06T06:45:11+00:00
F103914,low,0.002,sms_nudge,sms,delivered,Reminder: your next input redemption window is open. Visit your agrodealer this week.,2026-10-06T06:45:11+00:00
F103915,low,0.001,sms_nudge,sms,delivered,Reminder: your next input redemption window is open. Visit your agrodealer this week.,2026-10-06T06:45:11+00:00
F103916,low,0.0011,sms_nudge,sms,delivered,Reminder: your next input redemption window is open. Visit your agrodealer this week.,2026-10-06T06:45:11+00:00
F103917,low,0.0069,sms_nudge,sms,delivered,Reminder: your next input redemption window is open. Visit your agrodealer this week.,2026-10-06T06:45:11+00:00
F103918,low,0.0164,sms_nudge,sms,delivered,Reminder: your next input redemption window is open. Visit your agrodealer this week.,2026-10-06T06:45:11+00:00
F103919,low,0.0342,sms_nudge,sms,delivered,Reminder: your next input redemption window is open. Visit your agrodealer this week.,2026-10-06T06:45:11+00:00
F103920,high,0.9995,supervisor_escalation,escalation,sent,High default risk (score=1.00) - long gap since last farm visit; low input redemption rate,2026-10-06T06:45:11+00:00
F103921,low,0.0002,sms_nudge,sms,delivered,Reminder: your next input redemption window is open. Visit your agrodealer this week.,2026-10-06T06:45:11+00:00
F103922,high,0.9724,supervisor_escalation,escalation,sent,High default risk (score=0.97) - low training attendance; long distance to nearest agrodealer,2026-10-06T06:45:11+00:00
F103923,high,0.9987,supervisor_escalation,escalation,sent,High default risk (score=1.00) - long gap since last farm visit; weak repayment among peer group,2026-10-06T06:45:11+00:00
F103924,low,0.0111,sms_nudge,sms,delivered,Reminder: your next input redemption window is open. Visit your agrodealer this week.,2026-10-06T06:45:11+00:00
F103925,low,0.0682,sms_nudge,sms,delivered,Reminder: your next input redemption window is open. Visit your agrodealer this week.,2026-10-06T06:45:11+00:00
F103926,low,0.0356,sms_nudge,sms,delivered,Reminder: your next input redemption window is open. Visit your agrodealer this week.,2026-10-06T06:45:11+00:00
F103927,low,0.0006,sms_nudge,sms,delivered,Reminder: your next input redemption window is open. Visit your agrodealer this week.,2026-10-06T06:45:11+00:00
F103928,low,0.0073,sms_nudge,sms,delivered,Reminder: your next input redemption window is open. Visit your agrodealer this week.,2026-10-06T06:45:11+00:00
F103929,high,0.928,supervisor_escalation,escalation,sent,High default risk (score=0.93) - long gap since last farm visit; low training attendance,2026-10-06T06:45:11+00:00
F103930,low,0.0014,sms_nudge,sms,delivered,Reminder: your next input redemption window is open. Visit your agrodealer this week.,2026-10-06T06:45:11+00:00
F103931,low,0.0077,sms_nudge,sms,delivered,Reminder: your next input redemption window is open. Visit your agrodealer this week.,2026-10-06T06:45:11+00:00
F103932,high,0.9944,supervisor_escalation,escalation,sent,High default risk (score=0.99) - low training attendance; long distance to nearest agrodealer,2026-10-06T06:45:11+00:00
F103933,low,0.186,sms_nudge,sms,delivered,Reminder: your next input redemption window is open. Visit your agrodealer this week.,2026-10-06T06:45:11+00:00
F103934,low,0.0006,sms_nudge,sms,delivered,Reminder: your next input redemption window is open. Visit your agrodealer this week.,2026-10-06T06:45:11+00:00
F103935,low,0.0533,sms_nudge,sms,delivered,Reminder: your next input redemption window is open. Visit your agrodealer this week.,2026-10-06T06:45:11+00:00
F103936,high,0.9907,supervisor_escalation,escalation,sent,High default risk (score=0.99) - weak repayment among peer group; long gap since last farm visit,2026-10-06T06:45:11+00:00
F103937,low,0.0016,sms_nudge,sms,delivered,Reminder: your next input redemption window is open. Visit your agrodealer this week.,2026-10-06T06:45:11+00:00
F103938,low,0.0012,sms_nudge,sms,delivered,Reminder: your next input redemption window is open. Visit your agrodealer this week.,2026-10-06T06:45:11+00:00
F103939,low,0.0018,sms_nudge,sms,delivered,Reminder: your next input redemption window is open. Visit your agrodealer this week.,2026-10-06T06:45:11+00:00
F103940,high,0.987,supervisor_escalation,escalation,sent,High default risk (score=0.99) - low training attendance; long distance to nearest agrodealer,2026-10-06T06:45:11+00:00
F103941,low,0.0002,sms_nudge,sms,delivered,Reminder: your next input redemption window is open. Visit your agrodealer this week.,2026-10-06T06:45:11+00:00
F103942,high,0.8821,supervisor_escalation,escalation,sent,High default risk (score=0.88) - low training attendance; long distance to nearest agrodealer,2026-10-06T06:45:11+00:00
F103943,low,0.0228,sms_nudge,sms,delivered,Reminder: your next input redemption window is open. Visit your agrodealer this week.,2026-10-06T06:45:11+00:00
F103944,low,0.0001,sms_nudge,sms,delivered,Reminder: your next input redemption window is open. Visit your agrodealer this week.,2026-10-06T06:45:11+00:00
F103945,low,0.0105,sms_nudge,sms,delivered,Reminder: your next input redemption window is open. Visit your agrodealer this week.,2026-10-06T06:45:11+00:00
F103946,low,0.0218,sms_nudge,sms,delivered,Reminder: your next input redemption window is open. Visit your agrodealer this week.,2026-10-06T06:45:11+00:00
F103947,low,0.0059,sms_nudge,sms,delivered,Reminder: your next input redemption window is open. Visit your agrodealer this week.,2026-10-06T06:45:11+00:00
F103948,low,0.0629,sms_nudge,sms,delivered,Reminder: your next input redemption window is open. Visit your agrodealer this week.,2026-10-06T06:45:11+00:00
F103949,high,0.9822,supervisor_escalation,escalation,sent,High default risk (score=0.98) - low input redemption rate; below-average prior yield,2026-10-06T06:45:11+00:00
F103950,low,0.0001,sms_nudge,sms,delivered,Reminder: your next input redemption window is open. Visit your agrodealer this week.,2026-10-06T06:45:11+00:00
F103951,low,0.0415,sms_nudge,sms,delivered,Reminder: your next input redemption window is open. Visit your agrodealer this week.,2026-10-06T06:45:11+00:00
F103952,low,0.0001,sms_nudge,sms,delivered,Reminder: your next input redemption window is open. Visit your agrodealer this week.,2026-10-06T06:45:11+00:00
F103953,low,0.0319,sms_nudge,sms,delivered,Reminder: your next input redemption window is open. Visit your agrodealer this week.,2026-10-06T06:45:11+00:00
F103954,low,0.0055,sms_nudge,sms,delivered,Reminder: your next input redemption window is open. Visit your agrodealer this week.,2026-10-06T06:45:11+00:00
F103955,low,0.0004,sms_nudge,sms,delivered,Reminder: your next input redemption window is open. Visit your agrodealer this week.,2026-10-06T06:45:11+00:00
F103956,low,0.0209,sms_nudge,sms,failed,Reminder: your next input redemption window is open. Visit your agrodealer this week.,2026-10-06T06:45:11+00:00
F103957,low,0.0114,sms_nudge,sms,delivered,Reminder: your next input redemption window is open. Visit your agrodealer this week.,2026-10-06T06:45:11+00:00
F103958,low,0.0021,sms_nudge,sms,delivered,Reminder: your next input redemption window is open. Visit your agrodealer this week.,2026-10-06T06:45:11+00:00
F103959,low,0.0018,sms_nudge,sms,failed,Reminder: your next input redemption window is open. Visit your agrodealer this week.,2026-10-06T06:45:11+00:00
F103960,low,0.0006,sms_nudge,sms,delivered,Reminder: your next input redemption window is open. Visit your agrodealer this week.,2026-10-06T06:45:11+00:00
F103961,high,0.953,supervisor_escalation,escalation,sent,High default risk (score=0.95) - low training attendance; weak repayment among peer group,2026-10-06T06:45:11+00:00
F103962,low,0.0002,sms_nudge,sms,delivered,Reminder: your next input redemption window is open. Visit your agrodealer this week.,2026-10-06T06:45:11+00:00
F103963,high,0.9978,supervisor_escalation,escalation,sent,High default risk (score=1.00) - long gap since last farm visit; weak repayment among peer group,2026-10-06T06:45:11+00:00
F103964,low,0.0001,sms_nudge,sms,delivered,Reminder: your next input redemption window is open. Visit your agrodealer this week.,2026-10-06T06:45:11+00:00
F103965,low,0.0026,sms_nudge,sms,delivered,Reminder: your next input redemption window is open. Visit your agrodealer this week.,2026-10-06T06:45:11+00:00
F103966,high,0.9904,supervisor_escalation,escalation,sent,High default risk (score=0.99) - low training attendance; long distance to nearest agrodealer,2026-10-06T06:45:11+00:00
F103967,low,0.0016,sms_nudge,sms,delivered,Reminder: your next input redemption window is open. Visit your agrodealer this week.,2026-10-06T06:45:11+00:00
F103968,low,0.0001,sms_nudge,sms,delivered,Reminder: your next input redemption window is open. Visit your agrodealer this week.,2026-10-06T06:45:11+00:00
F103969,low,0.0169,sms_nudge,sms,delivered,Reminder: your next input redemption window is open. Visit your agrodealer this week.,2026-10-06T06:45:11+00:00
F103970,low,0.0017,sms_nudge,sms,delivered,Reminder: your next input redemption window is open. Visit your agrodealer this week.,2026-10-06T06:45:11+00:00
F103971,low,0.0006,sms_nudge,sms,delivered,Reminder: your next input redemption window is open. Visit your agrodealer this week.,2026-10-06T06:45:11+00:00
F103972,low,0.0007,sms_nudge,sms,delivered,Reminder: your next input redemption window is open. Visit your agrodealer this week.,2026-10-06T06:45:11+00:00
F103973,low,0.0149,sms_nudge,sms,delivered,Reminder: your next input redemption window is open. Visit your agrodealer this week.,2026-10-06T06:45:11+00:00
F103974,low,0.0165,sms_nudge,sms,delivered,Reminder: your next input redemption window is open. Visit your agrodealer this week.,2026-10-06T06:45:11+00:00
F103975,low,0.0185,sms_nudge,sms,failed,Reminder: your next input redemption window is open. Visit your agrodealer this week.,2026-10-06T06:45:11+00:00
F103976,low,0.0002,sms_nudge,sms,delivered,Reminder: your next input redemption window is open. Visit your agrodealer this week.,2026-10-06T06:45:11+00:00
F103977,low,0.0751,sms_nudge,sms,delivered,Reminder: your next input redemption window is open. Visit your agrodealer this week.,2026-10-06T06:45:11+00:00
F103978,low,0.001,sms_nudge,sms,delivered,Reminder: your next input redemption window is open. Visit your agrodealer this week.,2026-10-06T06:45:11+00:00
F103979,low,0.0267,sms_nudge,sms,failed,Reminder: your next input redemption window is open. Visit your agrodealer this week.,2026-10-06T06:45:11+00:00
F103980,low,0.0001,sms_nudge,sms,delivered,Reminder: your next input redemption window is open. Visit your agrodealer this week.,2026-10-06T06:45:11+00:00
F103981,low,0.0016,sms_nudge,sms,delivered,Reminder: your next input redemption window is open. Visit your agrodealer this week.,2026-10-06T06:45:11+00:00
F103982,low,0.0515,sms_nudge,sms,delivered,Reminder: your next input redemption window is open. Visit your agrodealer this week.,2026-10-06T06:45:11+00:00
F103983,high,0.9815,supervisor_escalation,escalation,sent,High default risk (score=0.98) - weak repayment among peer group; long gap since last farm visit,2026-10-06T06:45:11+00:00
F103984,high,0.9529,supervisor_escalation,escalation,sent,High default risk (score=0.95) - long gap since last farm visit; weak repayment among peer group,2026-10-06T06:45:11+00:00
F103985,high,0.9713,supervisor_escalation,escalation,sent,High default risk (score=0.97) - weak repayment among peer group; no active mobile money usage,2026-10-06T06:45:11+00:00
F103986,low,0.0448,sms_nudge,sms,delivered,Reminder: your next input redemption window is open. Visit your agrodealer this week.,2026-10-06T06:45:11+00:00
F103987,high,0.9549,supervisor_escalation,escalation,sent,High default risk (score=0.95) - long gap since last farm visit; low input redemption rate,2026-10-06T06:45:11+00:00
F103988,low,0.0121,sms_nudge,sms,failed,Reminder: your next input redemption window is open. Visit your agrodealer this week.,2026-10-06T06:45:11+00:00
F103989,low,0.0309,sms_nudge,sms,delivered,Reminder: your next input redemption window is open. Visit your agrodealer this week.,2026-10-06T06:45:11+00:00
F103990,high,0.9921,supervisor_escalation,escalation,sent,High default risk (score=0.99) - long gap since last farm visit; low training attendance,2026-10-06T06:45:11+00:00
F103991,low,0.002,sms_nudge,sms,delivered,Reminder: your next input redemption window is open. Visit your agrodealer this week.,2026-10-06T06:45:11+00:00
F103992,low,0.0002,sms_nudge,sms,delivered,Reminder: your next input redemption window is open. Visit your agrodealer this week.,2026-10-06T06:45:11+00:00
F103993,low,0.0391,sms_nudge,sms,delivered,Reminder: your next input redemption window is open. Visit your agrodealer this week.,2026-10-06T06:45:11+00:00
F103994,high,0.9347,supervisor_escalation,escalation,sent,High default risk (score=0.93) - low input redemption rate; no active mobile money usage,2026-10-06T06:45:11+00:00
F103995,high,0.9996,supervisor_escalation,escalation,sent,High default risk (score=1.00) - long gap since last farm visit; below-average prior yield,2026-10-06T06:45:11+00:00
F103996,low,0.0272,sms_nudge,sms,delivered,Reminder: your next input redemption window is open. Visit your agrodealer this week.,2026-10-06T06:45:11+00:00
F103997,low,0.0459,sms_nudge,sms,delivered,Reminder: your next input redemption window is open. Visit your agrodealer this week.,2026-10-06T06:45:11+00:00
F103998,low,0.0002,sms_nudge,sms,delivered,Reminder: your next input redemption window is open. Visit your agrodealer this week.,2026-10-06T06:45:11+00:00
F103999,low,0.0481,sms_nudge,sms,delivered,Reminder: your next input redemption window is open. Visit your agrodealer this week.,2026-10-06T06:45:11+00:00
