farmer_id,region,gender,age,years_with_program,farm_size_acres,loan_amount_kes,distance_to_agrodealer_km,days_since_last_farm_visit,input_redemption_rate,agronomic_training_attendance,group_repayment_avg,mobile_money_active,prior_season_yield_index,defaulted_or_dropped_out
F100000,Kakamega,M,45,8,0.14,18160,0.7,31,0.804,0.517,0.768,1,0.265,0
F100001,Trans Nzoia,F,42,5,2.22,7517,0.0,9,0.816,0.713,0.514,0,1.122,0
F100002,Vihiga,M,23,1,1.46,22226,0.6,165,0.448,0.652,0.706,1,1.015,1
F100003,Busia,M,25,8,1.2,22115,6.1,177,0.619,0.753,0.589,1,1.301,1
F100004,Busia,F,49,8,1.56,4786,3.4,55,0.676,0.405,0.792,0,0.84,0
F100005,Siaya,M,48,3,0.15,9694,2.8,83,0.676,0.673,0.872,1,0.931,0
F100006,Kakamega,F,47,4,0.85,15234,7.2,56,0.447,0.781,0.509,1,0.864,1
F100007,Trans Nzoia,F,27,1,0.58,13800,3.0,97,0.846,0.82,0.782,1,0.846,0
F100008,Bungoma,F,45,7,1.13,8609,0.3,100,0.724,0.515,0.899,1,1.095,0
F100009,Kakamega,M,23,7,1.16,14649,2.7,48,0.578,0.63,0.72,0,0.884,0
F100010,Vihiga,F,27,1,1.52,24181,9.4,117,0.724,0.805,0.615,1,0.578,1
F100011,Siaya,F,44,6,1.69,9768,0.5,4,0.732,0.585,0.971,0,1.327,0
F100012,Trans Nzoia,F,50,4,0.16,7818,31.1,117,0.505,0.972,0.849,1,1.054,0
F100013,Trans Nzoia,F,52,5,0.85,19245,7.4,135,0.733,0.571,0.807,1,1.163,0
F100014,Trans Nzoia,F,69,2,1.02,15554,0.8,12,0.805,0.598,0.675,0,1.326,0
F100015,Trans Nzoia,F,62,7,0.31,18225,0.6,131,0.715,0.811,0.745,0,0.946,0
F100016,Vihiga,F,38,4,0.28,17220,6.7,133,0.601,0.821,0.867,1,0.948,0
F100017,Kakamega,F,59,7,0.24,19737,16.1,175,0.753,0.731,0.918,1,0.729,1
F100018,Siaya,F,24,2,1.87,19044,0.0,145,0.578,0.807,0.581,1,1.213,1
F100019,Busia,F,62,5,0.19,16330,3.7,6,0.694,0.721,0.884,1,0.61,0
F100020,Vihiga,M,39,3,0.23,12998,2.6,17,0.822,0.597,0.84,1,1.049,0
F100021,Busia,F,58,8,1.09,13124,1.4,27,0.709,0.848,0.982,0,1.129,0
F100022,Bungoma,F,68,5,1.38,8838,1.0,105,0.808,0.493,0.754,1,0.669,0
F100023,Siaya,F,55,6,0.99,12876,0.5,129,0.447,0.92,0.815,1,1.307,0
F100024,Trans Nzoia,F,66,1,0.38,16310,1.7,119,0.813,0.264,0.778,1,0.503,1
F100025,Vihiga,F,20,6,0.29,18763,7.4,61,0.697,0.685,0.79,1,0.668,0
F100026,Busia,M,28,1,1.07,20004,0.4,38,0.785,0.789,0.875,1,0.991,0
F100027,Trans Nzoia,F,51,3,0.91,11294,10.0,14,0.877,0.732,0.653,1,1.178,0
F100028,Vihiga,F,47,2,0.73,19125,4.2,69,0.507,0.915,0.417,1,0.658,1
F100029,Busia,F,26,1,1.81,12619,0.2,56,0.831,0.922,0.795,1,1.181,0
F100030,Busia,F,55,5,0.86,10883,5.3,56,0.877,0.862,0.607,1,1.204,0
F100031,Bungoma,F,22,2,0.26,6600,1.6,18,0.696,0.904,0.827,1,0.901,0
F100032,Kakamega,F,69,5,0.73,8849,1.9,54,0.853,0.43,0.768,1,1.033,0
F100033,Vihiga,F,27,7,1.5,17951,3.7,151,0.701,0.591,0.853,1,1.292,0
F100034,Siaya,F,42,2,0.82,7761,3.4,45,0.486,0.724,0.694,0,1.382,0
F100035,Kakamega,M,61,6,1.48,4692,13.9,158,0.845,0.643,0.854,0,0.871,1
F100036,Siaya,M,45,3,1.7,8983,5.6,18,0.606,0.813,0.646,1,0.792,0
F100037,Trans Nzoia,F,57,3,0.86,24791,2.7,115,0.798,0.77,0.58,1,0.96,0
F100038,Bungoma,F,55,5,0.99,6295,2.1,22,0.9,0.778,0.641,1,0.73,0
F100039,Vihiga,M,67,6,0.77,6162,1.4,71,0.827,0.657,0.96,0,1.313,0
F100040,Kakamega,F,43,6,1.5,11869,0.1,171,0.821,0.328,0.383,1,1.122,1
F100041,Trans Nzoia,M,68,2,0.76,11425,7.0,139,0.721,0.275,0.674,1,0.999,1
F100042,Trans Nzoia,M,45,5,1.4,23246,1.5,93,0.647,0.641,0.945,1,1.28,0
F100043,Busia,M,64,3,1.18,8231,4.5,114,0.874,0.461,0.855,1,1.193,0
F100044,Kakamega,M,56,3,0.13,12179,2.6,119,0.418,0.458,0.904,1,1.244,0
F100045,Siaya,F,26,8,1.45,9394,5.5,143,0.552,0.662,0.821,0,1.139,1
F100046,Busia,F,52,1,1.09,8497,1.8,107,0.738,0.614,0.966,1,1.354,0
F100047,Siaya,F,63,4,2.35,10093,8.0,93,0.768,0.95,0.728,1,0.657,0
F100048,Trans Nzoia,F,26,4,0.33,8656,2.4,16,0.849,0.831,0.74,1,1.131,0
F100049,Trans Nzoia,F,61,2,1.19,18803,0.2,172,0.689,0.882,0.698,1,1.393,0
F100050,Trans Nzoia,M,25,7,0.67,20382,1.4,103,0.825,0.733,0.596,1,0.921,0
F100051,Bungoma,F,63,4,0.15,6888,2.8,54,0.761,0.863,0.727,1,0.857,0
F100052,Busia,F,59,6,0.1,13910,8.2,26,0.809,0.888,0.822,1,0.908,0
F100053,Busia,M,27,4,2.68,8804,2.3,109,0.927,0.708,0.599,1,1.001,0
F100054,Busia,F,56,8,1.19,22086,0.2,141,0.345,0.558,0.842,1,1.27,1
F100055,Kakamega,F,25,6,0.84,5226,2.6,146,0.488,0.785,0.838,1,1.001,0
F100056,Vihiga,M,48,3,0.21,12001,3.1,159,0.91,0.885,0.712,1,1.283,0
F100057,Kakamega,F,66,8,2.57,10292,2.6,161,0.563,0.497,0.785,1,1.121,1
F100058,Trans Nzoia,F,30,7,0.52,10996,21.2,113,0.376,0.598,0.547,1,1.234,1
F100059,Trans Nzoia,F,28,5,1.24,23707,2.0,170,0.452,0.803,0.86,1,1.012,1
F100060,Siaya,M,41,1,1.06,14896,5.7,16,0.836,0.842,0.936,1,0.939,0
F100061,Trans Nzoia,F,38,5,3.42,11362,4.9,72,0.602,0.83,0.696,1,0.668,0
F100062,Busia,F,22,6,0.97,20775,1.5,88,0.695,0.819,0.691,1,0.392,0
F100063,Siaya,F,42,3,0.63,20101,0.2,126,0.735,0.879,0.672,0,0.902,1
F100064,Busia,F,32,2,1.21,6185,4.5,55,0.68,0.802,0.907,0,0.368,0
F100065,Bungoma,M,26,5,1.31,13157,5.2,54,0.723,0.828,0.593,1,0.976,0
F100066,Siaya,F,33,7,5.04,12066,4.2,162,0.819,0.961,0.841,1,1.165,0
F100067,Busia,M,21,3,0.96,12891,3.2,117,0.925,0.66,0.559,1,1.006,0
F100068,Kakamega,F,65,4,0.32,10676,7.4,115,0.887,0.514,0.909,1,0.293,0
F100069,Busia,F,69,1,0.73,21127,2.0,35,0.824,0.679,0.693,1,0.894,0
F100070,Trans Nzoia,M,38,6,1.2,24910,1.1,91,0.912,0.537,0.73,1,1.13,0
F100071,Bungoma,F,63,7,1.37,3590,2.4,77,0.791,0.561,0.643,0,1.312,0
F100072,Busia,F,43,7,0.19,21846,9.1,112,0.802,0.738,0.912,1,1.126,0
F100073,Kakamega,M,65,4,0.66,22027,3.8,165,0.502,0.732,0.275,1,0.993,1
F100074,Trans Nzoia,F,28,1,3.29,11043,0.8,52,0.477,0.289,0.808,1,1.112,0
F100075,Busia,F,34,4,0.43,13674,0.8,146,0.865,0.258,0.819,0,1.456,1
F100076,Bungoma,M,56,8,1.84,5245,3.2,115,0.412,0.756,0.754,1,1.001,0
F100077,Bungoma,F,31,1,0.75,10724,2.2,90,0.642,0.437,0.789,1,0.623,1
F100078,Vihiga,F,61,2,1.0,8241,0.5,171,0.681,0.683,0.418,1,0.877,1
F100079,Trans Nzoia,F,41,7,0.22,22950,4.4,28,0.768,0.608,0.954,1,0.808,0
F100080,Siaya,F,40,5,0.81,5356,7.6,123,0.606,0.485,0.784,1,0.703,1
F100081,Busia,F,42,2,1.19,10476,1.2,73,0.79,0.713,0.868,1,0.816,0
F100082,Kakamega,M,59,1,0.97,13580,3.1,123,0.928,0.838,0.77,1,1.684,1
F100083,Trans Nzoia,F,20,4,0.85,24509,0.2,27,0.95,0.943,0.643,0,0.739,0
F100084,Vihiga,M,57,5,1.51,20981,1.2,133,0.694,0.752,0.931,1,0.868,0
F100085,Trans Nzoia,F,58,7,0.28,23599,22.0,15,0.612,0.539,0.487,1,1.691,0
F100086,Kakamega,F,61,8,1.24,9823,5.5,64,0.592,0.88,0.74,1,1.136,0
F100087,Bungoma,F,69,4,0.09,8894,0.5,163,0.632,0.809,0.672,1,1.078,0
F100088,Trans Nzoia,M,59,4,2.21,15569,6.1,114,0.687,0.742,0.678,1,1.126,0
F100089,Trans Nzoia,F,46,8,0.88,10493,4.4,89,0.638,0.667,0.673,1,1.039,0
F100090,Busia,F,43,7,1.75,3347,2.8,61,0.823,0.914,0.798,0,0.874,0
F100091,Trans Nzoia,M,39,2,0.02,20867,2.6,18,0.724,0.51,0.895,0,1.071,0
F100092,Siaya,F,61,6,1.58,5087,2.0,22,0.564,0.558,0.981,0,1.128,0
F100093,Busia,F,39,6,0.51,7303,0.4,129,0.881,0.776,0.96,0,0.568,0
F100094,Siaya,M,48,2,1.01,23751,7.0,51,0.421,0.808,0.746,1,0.876,0
F100095,Bungoma,F,24,8,1.6,19102,3.9,16,0.818,0.727,0.641,0,0.566,0
F100096,Bungoma,F,35,3,0.93,17134,1.2,80,0.221,0.844,0.854,0,0.765,1
F100097,Trans Nzoia,F,33,5,1.46,5841,0.1,73,0.547,0.553,0.876,1,1.12,0
F100098,Vihiga,F,41,4,0.76,8517,0.2,172,0.807,0.423,0.805,1,0.882,1
F100099,Kakamega,F,45,6,2.33,7523,0.2,43,0.629,0.853,0.852,0,0.93,0
F100100,Trans Nzoia,M,55,8,0.88,17109,2.1,50,0.921,0.482,0.499,1,0.309,0
F100101,Bungoma,F,41,4,0.89,14011,5.6,32,0.774,0.388,0.906,0,0.652,0
F100102,Trans Nzoia,M,27,4,0.9,10931,1.3,36,0.691,0.939,0.644,1,0.699,0
F100103,Kakamega,M,47,7,0.98,19409,4.9,97,0.852,0.577,0.657,1,0.561,0
F100104,Trans Nzoia,F,22,8,0.3,20115,0.0,42,0.435,0.773,0.521,1,1.037,0
F100105,Trans Nzoia,M,62,8,0.42,19267,1.6,130,0.976,0.479,0.573,1,1.011,0
F100106,Trans Nzoia,M,58,7,1.94,5327,11.2,147,0.799,0.929,0.622,1,1.2,0
F100107,Vihiga,M,31,6,1.75,16396,2.8,89,0.456,0.857,0.952,1,1.318,0
F100108,Busia,F,33,7,1.67,7620,2.2,45,0.806,0.416,0.965,1,1.343,0
F100109,Trans Nzoia,F,21,8,1.37,8986,8.5,148,0.742,0.846,0.95,1,1.088,0
F100110,Bungoma,F,38,1,0.64,24522,1.1,174,0.692,0.533,0.84,1,1.048,1
F100111,Trans Nzoia,F,21,5,0.59,12138,0.3,165,0.45,0.582,0.858,0,1.07,1
F100112,Vihiga,F,66,1,0.95,20327,4.0,165,0.401,0.702,0.873,0,0.747,1
F100113,Busia,F,26,5,2.15,8416,5.1,145,0.543,0.796,0.574,1,1.068,1
F100114,Vihiga,F,52,4,1.14,24391,3.2,133,0.596,0.728,0.209,1,0.871,1
F100115,Vihiga,M,48,3,0.4,9094,1.2,172,0.703,0.718,0.875,0,0.693,1
F100116,Kakamega,F,31,8,0.24,7003,3.5,63,0.694,0.646,0.592,1,0.55,0
F100117,Kakamega,F,60,6,1.79,10110,3.7,167,0.875,0.821,0.915,1,0.394,0
F100118,Bungoma,F,25,5,2.62,6815,2.2,6,0.637,0.176,0.789,1,0.936,0
F100119,Kakamega,F,64,8,0.18,16174,0.3,150,0.773,0.68,0.691,0,0.83,1
F100120,Busia,F,57,1,1.83,6168,8.3,62,0.542,0.767,0.439,1,0.812,1
F100121,Trans Nzoia,F,51,6,1.34,7567,10.6,54,0.742,0.382,0.759,1,0.711,0
F100122,Vihiga,F,63,2,0.49,18447,9.6,122,0.7,0.622,0.575,1,0.859,1
F100123,Busia,F,40,2,1.15,3936,3.5,33,0.474,0.623,0.813,1,0.725,0
F100124,Siaya,F,34,2,0.34,12690,0.9,178,0.609,0.836,0.521,1,1.023,1
F100125,Vihiga,F,27,5,0.82,18234,3.1,131,0.855,0.511,0.253,1,1.184,1
F100126,Kakamega,F,66,6,0.99,12800,1.1,6,0.858,0.578,0.548,1,0.878,0
F100127,Trans Nzoia,F,40,7,2.31,3479,4.5,152,0.633,0.623,0.637,1,1.272,0
F100128,Vihiga,F,61,4,0.79,6476,1.1,22,0.523,0.496,0.721,1,0.806,0
F100129,Vihiga,F,36,8,0.54,24357,5.9,148,0.808,0.75,0.827,1,0.517,0
F100130,Vihiga,F,67,3,1.27,19986,1.2,146,0.647,0.789,0.723,1,1.34,0
F100131,Vihiga,M,63,2,1.49,10706,1.0,116,0.88,0.716,0.693,1,0.489,0
F100132,Kakamega,M,35,1,0.53,22221,2.1,109,0.693,0.699,0.863,1,0.86,0
F100133,Vihiga,M,44,2,0.39,3144,3.2,149,0.546,0.771,0.484,1,1.196,1
F100134,Trans Nzoia,F,59,4,0.42,4041,9.1,153,0.677,0.375,0.613,1,1.31,1
F100135,Bungoma,F,31,4,2.32,22460,1.2,128,0.668,0.82,0.848,0,0.959,0
F100136,Vihiga,F,21,7,1.44,17832,8.8,33,0.805,0.584,0.722,1,0.857,0
F100137,Kakamega,M,34,2,0.75,16195,4.5,120,0.329,0.682,0.614,1,1.525,1
F100138,Busia,M,49,3,2.06,10579,3.8,38,0.824,0.397,0.989,1,1.23,0
F100139,Busia,M,26,8,0.52,20982,6.3,11,0.77,0.8,0.858,1,1.269,0
F100140,Siaya,M,36,1,0.92,16379,1.2,29,0.865,0.593,0.831,0,1.119,0
F100141,Bungoma,F,65,4,0.34,12570,1.7,84,0.238,0.573,0.79,1,1.151,1
F100142,Bungoma,M,23,2,2.0,11371,0.1,173,0.806,0.686,0.614,1,1.064,1
F100143,Busia,M,22,5,0.48,10792,5.2,8,0.726,0.708,0.76,0,0.967,0
F100144,Siaya,F,41,8,0.49,15656,0.4,16,0.636,0.74,0.351,0,0.537,1
F100145,Siaya,M,20,2,1.29,17414,7.6,19,0.778,0.797,0.789,1,0.665,0
F100146,Kakamega,F,21,3,0.08,20705,3.4,36,0.722,0.858,0.79,1,1.169,0
F100147,Bungoma,M,29,4,0.27,11932,5.7,98,0.739,0.938,0.968,1,1.3,0
F100148,Trans Nzoia,M,25,7,1.63,8585,2.2,148,0.87,0.875,0.898,0,1.045,0
F100149,Kakamega,F,60,8,0.41,15236,4.1,11,0.589,0.564,0.841,1,0.724,0
F100150,Siaya,M,26,1,4.16,15835,0.0,145,0.75,0.805,0.83,1,1.05,0
F100151,Bungoma,F,46,4,1.11,9112,0.2,164,0.961,0.602,0.881,1,1.094,0
F100152,Siaya,M,55,7,0.16,4612,4.2,17,0.774,0.876,0.704,1,0.523,0
F100153,Bungoma,M,51,1,2.71,10318,3.6,82,0.708,0.508,0.894,1,1.375,0
F100154,Busia,F,52,7,1.11,4552,2.7,147,0.885,0.47,0.936,1,1.215,0
F100155,Vihiga,M,37,2,0.84,4808,9.0,126,0.777,0.718,0.834,1,0.734,0
F100156,Kakamega,F,64,5,1.11,24250,0.6,35,0.872,0.805,0.59,1,0.979,0
F100157,Vihiga,F,23,8,0.16,20190,4.5,29,0.757,0.921,0.919,1,0.917,0
F100158,Vihiga,F,25,6,0.95,3779,2.4,81,0.567,0.836,0.767,1,1.322,0
F100159,Trans Nzoia,F,62,8,0.44,10674,5.2,153,0.76,0.607,0.816,1,0.858,0
F100160,Siaya,F,23,5,0.9,8601,2.9,170,0.882,0.566,0.766,0,0.7,1
F100161,Vihiga,F,29,2,0.66,24449,4.9,87,0.766,0.819,0.783,0,0.97,0
F100162,Busia,F,28,6,1.06,12627,2.1,96,0.755,0.755,0.737,0,0.738,0
F100163,Busia,F,21,5,0.75,8714,2.9,101,0.729,0.723,0.645,1,1.241,0
F100164,Busia,M,25,3,0.62,16964,4.6,89,0.766,0.634,0.568,1,0.976,0
F100165,Trans Nzoia,F,48,1,0.4,13451,1.0,117,0.855,0.563,0.598,1,0.702,1
F100166,Bungoma,M,53,6,0.17,7120,2.7,51,0.685,0.736,0.845,1,0.815,0
F100167,Bungoma,F,24,5,0.13,9721,7.2,98,0.6,0.741,0.646,1,0.882,0
F100168,Busia,F,67,7,0.28,5801,3.1,111,0.937,0.849,0.49,1,0.919,0
F100169,Kakamega,F,24,2,1.55,18266,0.3,102,0.79,0.592,0.626,1,0.586,1
F100170,Kakamega,F,54,5,0.38,24354,1.3,175,0.935,0.693,0.858,1,0.705,0
F100171,Kakamega,F,60,7,0.54,20784,9.4,134,0.508,0.862,0.86,1,1.063,0
F100172,Trans Nzoia,F,46,8,0.54,11257,1.4,132,0.67,0.979,0.979,1,1.316,0
F100173,Trans Nzoia,F,44,8,0.67,13714,3.3,145,0.758,0.664,0.8,1,0.866,0
F100174,Trans Nzoia,F,25,2,1.36,4338,4.7,96,0.634,0.818,0.736,0,1.018,0
F100175,Busia,F,32,2,0.74,11072,4.5,57,0.668,0.519,0.58,1,1.579,0
F100176,Trans Nzoia,F,62,5,1.76,3705,5.2,97,0.982,0.631,0.924,1,1.055,0
F100177,Kakamega,M,37,4,0.28,19384,3.9,166,0.833,0.724,0.66,0,0.508,1
F100178,Siaya,F,21,2,1.63,23003,2.4,158,0.846,0.498,0.433,1,1.136,1
F100179,Vihiga,M,56,1,2.5,7212,0.1,65,0.793,0.523,0.525,1,1.049,0
F100180,Siaya,M,54,2,0.94,17827,2.9,88,0.767,0.79,0.978,1,0.886,0
F100181,Kakamega,M,23,3,0.35,16188,2.2,51,0.776,0.414,0.898,1,0.712,0
F100182,Busia,M,22,6,1.38,12192,2.0,5,0.575,0.582,0.878,1,1.2,0
F100183,Trans Nzoia,F,25,1,0.95,19139,4.0,58,0.973,0.774,0.72,0,0.316,0
F100184,Busia,F,22,1,1.2,17954,1.0,20,0.937,0.703,0.6,0,0.888,0
F100185,Busia,F,50,3,1.79,8923,0.7,66,0.834,0.849,0.916,1,0.906,0
F100186,Kakamega,M,26,7,0.7,20566,2.4,12,0.817,0.411,0.562,0,0.818,0
F100187,Busia,F,50,8,0.61,17425,1.5,59,0.543,0.639,0.562,1,0.968,0
F100188,Bungoma,F,28,4,4.71,9874,3.1,129,0.726,0.781,0.809,1,0.683,0
F100189,Bungoma,M,68,1,1.39,19174,3.0,152,0.715,0.461,0.753,1,1.134,1
F100190,Trans Nzoia,F,56,1,2.02,17094,3.1,160,0.803,0.737,0.755,1,1.726,0
F100191,Vihiga,F,38,7,1.72,5583,2.4,102,0.503,0.378,0.823,1,0.77,1
F100192,Vihiga,M,41,4,2.03,6660,0.7,99,0.848,0.411,0.464,1,1.099,0
F100193,Busia,F,23,1,1.24,10125,5.9,174,0.805,0.575,0.655,1,1.036,1
F100194,Siaya,F,22,7,1.87,3975,0.2,101,0.668,0.955,0.685,1,1.049,0
F100195,Kakamega,M,46,5,0.54,11938,7.6,17,0.927,0.613,0.497,0,0.881,0
F100196,Busia,F,21,3,0.17,13154,6.5,168,0.692,0.509,0.667,1,1.001,1
F100197,Kakamega,F,51,4,0.42,20071,5.9,111,0.787,0.804,0.599,1,1.052,0
F100198,Busia,F,39,2,0.84,6772,5.1,120,0.918,0.464,0.71,0,1.199,1
F100199,Siaya,M,26,8,0.76,15485,8.3,19,0.559,0.437,0.492,1,1.182,0
F100200,Busia,F,46,7,0.95,17621,9.2,86,0.923,0.674,0.788,1,1.32,0
F100201,Siaya,M,47,2,0.51,12890,2.0,84,0.82,0.444,0.631,1,0.815,0
F100202,Busia,M,57,6,0.1,22961,14.4,147,0.842,0.422,0.624,1,1.045,1
F100203,Trans Nzoia,F,29,2,0.68,10012,2.3,70,0.972,0.656,0.814,0,0.96,0
F100204,Busia,F,47,4,0.24,11974,0.8,63,0.929,0.603,0.642,1,1.213,0
F100205,Bungoma,F,62,6,0.92,3089,10.1,123,0.969,0.94,0.625,1,0.608,0
F100206,Trans Nzoia,M,33,1,1.28,12036,0.9,5,0.586,0.839,0.716,1,1.273,0
F100207,Siaya,F,61,6,0.67,3444,0.4,134,0.784,0.7,0.77,0,1.079,0
F100208,Bungoma,F,56,2,0.33,24645,10.9,4,0.926,0.506,0.674,0,1.3,0
F100209,Trans Nzoia,F,41,6,0.99,8289,0.2,45,0.657,0.506,0.973,1,1.012,0
F100210,Bungoma,M,64,4,4.88,20867,6.1,91,0.71,0.643,0.895,1,0.955,0
F100211,Trans Nzoia,F,68,1,1.39,5567,18.7,37,0.967,0.928,0.55,1,0.835,0
F100212,Trans Nzoia,M,31,7,1.47,9032,4.7,9,0.641,0.334,0.946,1,0.898,0
F100213,Busia,F,68,3,0.61,5630,5.1,77,0.853,0.385,0.856,1,0.492,0
F100214,Trans Nzoia,M,20,8,0.45,11111,3.6,128,0.773,0.763,0.89,1,0.959,0
F100215,Bungoma,F,26,7,2.04,16260,2.0,45,0.761,0.231,0.97,1,0.867,0
F100216,Kakamega,F,22,2,0.05,12236,1.1,51,0.671,0.512,0.755,1,1.022,0
F100217,Kakamega,M,38,5,0.5,16320,17.2,122,0.687,0.574,0.56,1,0.824,1
F100218,Busia,M,66,3,2.89,20739,8.1,170,0.796,0.338,0.688,0,1.087,1
F100219,Siaya,F,50,5,0.88,3984,3.4,94,0.565,0.483,0.756,0,0.966,1
F100220,Kakamega,F,50,5,0.19,12334,0.4,101,0.77,0.927,0.583,1,0.542,0
F100221,Busia,F,24,3,1.31,16066,0.2,149,0.76,0.686,0.91,1,1.011,0
F100222,Trans Nzoia,F,45,6,0.67,14515,1.3,14,0.712,0.365,0.866,1,1.205,0
F100223,Bungoma,F,39,3,0.15,6208,0.9,176,0.428,0.889,0.726,0,1.223,1
F100224,Trans Nzoia,M,43,8,1.13,7546,15.7,87,0.928,0.845,0.789,1,0.776,0
F100225,Bungoma,F,33,8,1.01,11298,5.4,69,0.651,0.483,0.855,0,0.622,1
F100226,Trans Nzoia,M,30,2,0.96,17329,0.5,112,0.785,0.328,0.767,1,1.272,0
F100227,Vihiga,F,67,6,1.38,24773,9.8,164,0.812,0.601,0.862,1,1.102,1
F100228,Vihiga,F,47,8,0.31,11105,4.1,168,0.885,0.718,0.921,1,0.757,0
F100229,Bungoma,M,40,2,1.22,14484,2.1,140,0.796,0.513,0.709,1,0.79,1
F100230,Busia,F,23,6,1.06,9742,1.0,88,0.703,0.695,0.702,0,1.006,0
F100231,Siaya,M,58,8,2.01,3752,7.2,29,0.773,0.577,0.94,1,1.214,0
F100232,Kakamega,F,43,2,0.49,11764,4.3,36,0.366,0.728,0.827,1,0.915,0
F100233,Trans Nzoia,M,39,5,2.26,10648,0.8,150,0.904,0.632,0.421,1,0.626,1
F100234,Busia,M,53,7,1.7,6311,7.3,25,0.91,0.779,0.514,1,0.522,0
F100235,Trans Nzoia,M,26,3,0.85,17759,15.5,88,0.74,0.647,0.601,1,0.794,1
F100236,Vihiga,F,46,2,0.96,8686,0.8,75,0.937,0.574,0.862,1,0.79,0
F100237,Busia,F,63,4,0.06,7941,2.4,128,0.768,0.734,0.886,1,0.719,0
F100238,Bungoma,F,43,3,0.94,11563,0.8,63,0.984,0.897,0.539,1,1.352,0
F100239,Vihiga,F,20,6,1.62,24217,9.2,127,0.803,0.942,0.599,0,0.607,1
F100240,Kakamega,F,31,3,0.75,17000,0.7,92,0.958,0.601,0.643,0,0.814,0
F100241,Vihiga,F,22,4,2.0,12356,0.8,159,0.711,0.675,0.604,1,1.535,0
F100242,Kakamega,F,45,8,1.32,21054,9.3,36,0.624,0.966,0.661,0,0.798,0
F100243,Vihiga,F,38,5,3.49,3463,1.9,137,0.875,0.709,0.906,1,0.995,0
F100244,Vihiga,F,26,8,0.52,10409,10.5,130,0.478,0.744,0.481,1,1.353,1
F100245,Kakamega,F,54,6,1.51,14892,0.3,148,0.76,0.404,0.693,1,0.97,1
F100246,Trans Nzoia,F,28,8,0.25,13750,5.4,89,0.981,0.462,0.699,1,1.096,0
F100247,Busia,M,37,2,0.81,17876,4.9,59,0.484,0.808,0.525,1,0.832,0
F100248,Trans Nzoia,F,69,8,1.38,18438,1.1,94,0.849,0.888,0.762,1,0.782,0
F100249,Kakamega,F,23,8,1.57,13031,0.3,175,0.667,0.564,0.716,1,0.597,1
F100250,Bungoma,F,32,1,0.7,23451,0.0,37,0.456,0.76,0.785,1,0.946,0
F100251,Busia,M,35,3,2.16,23419,7.2,120,0.902,0.859,0.746,0,1.094,0
F100252,Bungoma,F,45,4,2.48,13453,10.2,42,0.805,0.41,0.699,0,1.484,0
F100253,Bungoma,F,32,4,0.53,22842,3.3,139,0.581,0.902,0.808,1,0.864,0
F100254,Vihiga,M,68,7,0.83,17098,1.7,77,0.975,0.426,0.902,1,1.298,0
F100255,Kakamega,F,20,6,0.76,6057,0.3,155,0.875,0.868,0.424,1,1.233,0
F100256,Trans Nzoia,M,67,2,0.61,5630,2.7,31,0.689,0.823,0.94,1,0.815,0
F100257,Kakamega,M,46,5,2.38,4758,11.9,24,0.725,0.79,0.929,0,1.007,0
F100258,Bungoma,F,21,8,2.36,7659,7.9,171,0.635,0.509,0.907,1,1.01,1
F100259,Vihiga,F,25,4,0.78,9870,3.2,62,0.412,0.57,0.792,0,0.653,1
F100260,Trans Nzoia,M,25,8,1.5,4520,0.4,18,0.589,0.717,0.851,0,0.937,0
F100261,Bungoma,M,34,6,1.99,16378,3.7,150,0.521,0.797,0.773,1,0.789,1
F100262,Bungoma,F,36,8,1.14,12046,0.4,76,0.333,0.647,0.972,1,0.942,0
F100263,Siaya,F,52,8,0.73,16235,8.6,166,0.503,0.356,0.577,1,0.959,1
F100264,Siaya,F,35,1,0.5,14066,7.1,80,0.748,0.609,0.683,1,0.987,0
F100265,Vihiga,F,56,7,1.61,8976,7.0,136,0.438,0.657,0.691,0,0.849,1
F100266,Busia,M,34,2,0.27,16528,0.0,105,0.317,0.494,0.445,1,0.735,1
F100267,Busia,F,33,7,0.75,23924,0.9,88,0.538,0.852,0.895,1,0.557,0
F100268,Vihiga,M,33,7,0.64,9968,7.1,89,0.46,0.862,0.88,1,1.232,0
F100269,Vihiga,M,36,3,0.26,9761,3.0,47,0.656,0.675,0.51,1,1.005,0
F100270,Bungoma,M,61,1,0.88,14354,3.9,133,0.843,0.669,0.601,1,1.255,0
F100271,Kakamega,F,32,4,0.81,20692,1.6,95,0.772,0.463,0.613,1,0.96,0
F100272,Kakamega,M,33,3,0.41,14692,5.8,3,0.739,0.304,0.652,1,0.994,0
F100273,Siaya,M,67,5,2.32,21303,3.3,73,0.729,0.502,0.771,1,0.931,0
F100274,Busia,M,52,1,1.61,4629,4.3,74,0.966,0.847,0.911,1,0.907,0
F100275,Busia,F,29,1,0.97,5165,2.1,159,0.796,0.716,0.411,1,1.058,1
F100276,Busia,F,63,4,1.79,11939,1.2,78,0.808,0.349,0.775,1,0.923,0
F100277,Trans Nzoia,F,29,7,2.1,8116,0.1,103,0.641,0.79,0.796,1,1.239,0
F100278,Kakamega,M,28,3,2.39,3510,0.3,17,0.686,0.872,0.53,1,1.346,0
F100279,Kakamega,M,42,3,0.52,7734,0.7,72,0.832,0.344,0.981,1,1.324,0
F100280,Bungoma,F,54,2,1.79,8964,0.2,53,0.777,0.796,0.801,1,1.385,0
F100281,Busia,F,29,3,0.81,23232,6.1,91,0.699,0.532,0.857,1,0.713,0
F100282,Trans Nzoia,F,57,3,1.11,20210,5.1,162,0.606,0.339,0.554,0,1.3,1
F100283,Busia,M,27,3,0.55,10724,1.3,168,0.659,0.831,0.752,1,1.022,0
F100284,Busia,F,59,3,0.94,24076,3.4,53,0.78,0.879,0.88,1,1.025,0
F100285,Siaya,F,24,3,1.81,21402,3.1,111,0.768,0.787,0.759,1,0.82,0
F100286,Kakamega,M,43,6,2.81,8514,8.7,171,0.848,0.887,0.806,1,0.906,0
F100287,Vihiga,M,52,3,0.87,13516,0.5,43,0.965,0.744,0.757,0,0.449,0
F100288,Vihiga,F,33,7,0.42,23277,12.3,80,0.745,0.895,0.388,0,1.139,1
F100289,Busia,F,50,5,3.09,13058,0.1,91,0.466,0.481,0.853,1,0.949,0
F100290,Trans Nzoia,M,54,6,0.5,11159,5.2,3,0.528,0.411,0.852,1,0.87,0
F100291,Bungoma,M,52,5,0.17,22875,0.4,85,0.562,0.799,0.808,1,1.334,0
F100292,Siaya,F,39,8,0.59,17529,6.0,24,0.776,0.282,0.683,0,1.002,0
F100293,Bungoma,F,58,3,2.03,12699,0.9,57,0.727,0.557,0.805,1,0.769,0
F100294,Vihiga,F,56,8,0.47,22133,1.5,23,0.858,0.924,0.67,1,0.996,0
F100295,Vihiga,F,36,2,0.32,19386,9.5,133,0.801,0.93,0.948,1,1.428,0
F100296,Siaya,M,56,2,1.03,10651,5.3,150,0.524,0.615,0.695,1,0.967,1
F100297,Busia,F,65,7,2.81,12336,4.0,50,0.769,0.854,0.76,1,1.202,0
F100298,Bungoma,F,60,8,1.34,4042,4.7,10,0.862,0.551,0.723,1,0.82,0
F100299,Kakamega,M,56,1,0.27,5241,2.6,90,0.484,0.582,0.649,0,1.124,1
F100300,Busia,M,58,5,3.83,23996,1.0,23,0.422,0.439,0.944,1,1.051,0
F100301,Trans Nzoia,M,60,5,1.23,4168,11.0,81,0.481,0.749,0.818,0,1.0,1
F100302,Kakamega,F,34,2,1.88,21408,9.2,99,0.591,0.758,0.687,1,0.878,1
F100303,Siaya,F,56,5,0.21,7581,7.3,85,0.569,0.906,0.683,1,0.929,0
F100304,Vihiga,F,29,6,3.41,14914,2.5,95,0.778,0.605,0.825,1,0.528,0
F100305,Kakamega,F,37,5,0.69,18889,4.6,103,0.844,0.697,0.77,0,0.596,1
F100306,Bungoma,F,66,5,0.19,24805,0.5,31,0.571,0.432,0.868,1,0.611,0
F100307,Vihiga,F,34,8,1.13,11220,1.7,123,0.578,0.743,0.558,1,0.619,1
F100308,Bungoma,F,62,2,1.88,23351,1.2,121,0.387,0.853,0.574,1,0.929,1
F100309,Kakamega,M,41,5,1.5,12990,3.9,28,0.494,0.751,0.898,1,0.874,0
F100310,Vihiga,M,30,3,1.48,22076,0.2,79,0.805,0.504,0.831,1,0.736,0
F100311,Trans Nzoia,F,24,8,1.4,5241,1.9,54,0.691,0.482,0.897,1,1.3,0
F100312,Kakamega,F,47,3,1.05,8897,1.4,73,0.811,0.393,0.645,1,0.931,0
F100313,Bungoma,F,42,7,0.21,16706,1.0,139,0.827,0.439,0.789,1,1.222,0
F100314,Bungoma,F,45,6,0.81,18534,4.2,108,0.594,0.872,0.69,1,0.63,0
F100315,Vihiga,F,22,2,0.72,20675,1.4,163,0.608,0.738,0.753,1,1.104,1
F100316,Trans Nzoia,F,33,7,2.4,10874,7.1,103,0.773,0.51,0.914,0,1.245,0
F100317,Trans Nzoia,M,20,2,2.03,16743,0.6,10,0.789,0.85,0.611,0,1.098,0
F100318,Siaya,F,35,3,0.64,16656,0.2,128,0.604,0.609,0.91,1,0.887,0
F100319,Trans Nzoia,M,66,3,1.68,24661,1.3,15,0.69,0.902,0.929,0,0.927,0
F100320,Bungoma,F,27,6,0.9,5578,0.4,63,0.976,0.938,0.652,1,1.083,0
F100321,Kakamega,F,54,4,0.17,3359,0.8,168,0.534,0.563,0.686,0,1.013,1
F100322,Vihiga,F,20,5,0.06,15649,10.4,178,0.935,0.863,0.661,1,1.272,0
F100323,Siaya,F,48,5,1.54,3344,0.6,29,0.864,0.747,0.556,1,0.763,0
F100324,Siaya,F,66,2,0.36,7308,0.4,177,0.725,0.368,0.705,1,1.239,1
F100325,Bungoma,M,37,2,0.36,14000,1.9,176,0.703,0.565,0.614,0,1.072,1
F100326,Bungoma,F,29,3,0.52,8891,0.9,158,0.967,0.629,0.847,1,1.048,0
F100327,Kakamega,F,48,2,1.56,8860,9.9,149,0.882,0.667,0.895,1,0.953,0
F100328,Kakamega,F,33,8,2.05,10617,9.4,16,0.743,0.473,0.662,1,1.264,0
F100329,Vihiga,F,64,4,2.02,18103,9.4,24,0.914,0.629,0.563,1,0.777,0
F100330,Vihiga,F,62,4,0.15,11048,6.8,111,0.72,0.995,0.936,0,0.711,0
F100331,Busia,F,52,6,0.5,20450,1.5,21,0.546,0.8,0.704,1,1.005,0
F100332,Bungoma,M,51,7,0.43,6498,1.7,47,0.688,0.436,0.711,1,0.826,0
F100333,Trans Nzoia,F,50,6,1.56,5253,4.0,175,0.775,0.572,0.672,0,1.072,1
F100334,Busia,F,56,5,0.5,6662,0.7,164,0.751,0.565,0.726,1,1.473,0
F100335,Trans Nzoia,M,43,8,0.85,23181,1.5,48,0.956,0.676,0.439,1,1.018,0
F100336,Siaya,M,68,8,1.66,9103,0.9,98,0.873,0.641,0.959,0,1.048,0
F100337,Bungoma,F,37,2,0.99,3658,3.5,98,0.927,0.864,0.788,1,1.394,0
F100338,Bungoma,F,20,2,1.22,9936,5.1,49,0.853,0.934,0.537,0,1.095,0
F100339,Siaya,F,54,4,0.82,18144,1.4,44,0.806,0.664,0.632,1,1.263,0
F100340,Vihiga,F,53,7,1.9,10963,0.2,80,0.364,0.473,0.685,0,0.931,1
F100341,Bungoma,F,69,8,2.04,11459,1.8,109,0.711,0.909,0.606,1,0.984,0
F100342,Vihiga,M,39,6,1.4,4901,1.9,145,0.589,0.789,0.871,1,0.831,0
F100343,Vihiga,F,41,6,2.04,17683,21.5,151,0.835,0.965,0.79,0,1.112,1
F100344,Siaya,M,48,2,4.68,7851,2.0,6,0.71,0.567,0.319,1,1.119,0
F100345,Bungoma,F,39,5,1.64,5147,0.7,119,0.768,0.688,0.867,1,1.177,0
F100346,Siaya,M,59,2,0.93,18726,1.1,112,0.81,0.38,0.932,1,1.106,0
F100347,Siaya,M,41,5,1.25,23615,4.8,11,0.603,0.748,0.716,1,0.963,0
F100348,Bungoma,F,59,2,2.19,16431,3.9,150,0.833,0.722,0.489,1,1.136,1
F100349,Kakamega,F,41,1,0.68,23622,6.5,108,0.71,0.409,0.783,1,1.367,0
F100350,Vihiga,F,31,8,0.64,11847,1.9,130,0.806,0.787,0.459,1,1.031,0
F100351,Kakamega,M,69,8,1.23,14426,6.8,119,0.633,0.403,0.647,1,0.667,1
F100352,Bungoma,F,46,6,0.91,10858,2.5,62,0.518,0.685,0.821,1,0.752,0
F100353,Busia,F,55,6,0.42,14210,8.0,38,0.638,0.888,0.977,1,1.059,0
F100354,Siaya,F,49,2,1.09,22643,10.1,69,0.516,0.9,0.535,1,0.784,1
F100355,Siaya,M,37,5,2.5,16965,17.7,137,0.568,0.726,0.878,1,0.874,1
F100356,Kakamega,F,68,6,1.37,3587,1.1,115,0.854,0.664,0.863,1,0.867,0
F100357,Siaya,F,38,5,0.34,15761,0.3,113,0.877,0.558,0.826,0,1.099,0
F100358,Kakamega,M,69,3,1.53,11299,0.6,26,0.629,0.598,0.552,1,1.396,0
F100359,Trans Nzoia,F,41,4,0.77,14958,20.7,4,0.898,0.867,0.341,1,0.627,0
F100360,Siaya,M,21,7,3.69,15270,1.6,121,0.754,0.961,0.805,1,1.256,0
F100361,Siaya,F,21,3,1.44,15962,0.4,171,0.633,0.573,0.61,1,1.245,1
F100362,Bungoma,F,68,8,0.58,22057,1.6,66,0.674,0.712,0.663,0,1.067,0
F100363,Siaya,M,46,7,1.61,21889,2.2,81,0.803,0.732,0.911,1,0.948,0
F100364,Kakamega,M,39,8,1.15,24373,25.2,172,0.898,0.814,0.851,1,1.19,0
F100365,Vihiga,M,60,5,2.34,16443,2.5,44,0.786,0.793,0.447,1,1.014,0
F100366,Busia,F,50,2,0.63,9276,2.3,95,0.438,0.912,0.405,1,0.96,1
F100367,Bungoma,F,53,1,1.44,7308,3.5,18,0.82,0.918,0.674,1,0.548,0
F100368,Kakamega,F,54,5,0.21,21685,0.9,49,0.433,0.614,0.906,1,1.115,0
F100369,Trans Nzoia,F,29,4,1.06,23106,1.6,69,0.426,0.826,0.848,1,1.349,0
F100370,Busia,F,24,1,0.34,3819,11.3,124,0.361,0.607,0.661,1,0.651,1
F100371,Vihiga,F,56,8,1.12,7751,4.6,57,0.848,0.655,0.756,1,0.779,0
F100372,Busia,F,21,8,1.32,17946,1.8,84,0.826,0.907,0.704,1,0.882,0
F100373,Busia,F,55,3,1.4,6633,5.6,55,0.327,0.536,0.732,1,0.93,1
F100374,Siaya,F,26,6,0.63,4100,0.4,27,0.862,0.411,0.781,1,0.82,0
F100375,Kakamega,F,33,4,1.08,24935,6.7,143,0.795,0.446,0.712,1,1.317,1
F100376,Trans Nzoia,M,55,4,2.14,5115,3.8,122,0.443,0.871,0.822,0,1.498,0
F100377,Trans Nzoia,F,51,5,3.02,7695,10.5,117,0.926,0.881,0.945,0,1.055,0
F100378,Busia,F,59,4,1.11,24756,0.1,106,0.613,0.322,0.735,1,0.834,1
F100379,Bungoma,M,50,7,2.18,5202,2.4,26,0.862,0.532,0.699,1,1.04,0
F100380,Kakamega,M,22,2,0.46,20596,2.5,94,0.851,0.738,0.481,1,0.719,0
F100381,Siaya,F,61,6,0.72,15364,16.9,128,0.719,0.445,0.743,1,0.946,1
F100382,Siaya,F,30,8,1.2,14877,10.2,90,0.68,0.497,0.9,1,1.136,0
F100383,Bungoma,F,26,7,0.92,21198,4.9,131,0.502,0.751,0.811,0,1.163,1
F100384,Kakamega,F,63,1,0.84,3469,2.5,61,0.94,0.734,0.796,1,1.139,0
F100385,Kakamega,M,29,1,2.03,4336,2.3,94,0.607,0.613,0.765,1,0.882,0
F100386,Kakamega,M,46,6,0.39,7301,4.1,70,0.564,0.571,0.868,1,1.032,0
F100387,Trans Nzoia,F,44,8,0.43,13782,1.3,179,0.808,0.748,0.684,1,0.911,0
F100388,Siaya,M,58,7,0.28,24168,3.1,34,0.728,0.764,0.732,1,1.219,0
F100389,Kakamega,F,22,8,1.23,4507,5.2,53,0.795,0.769,0.791,1,1.103,0
F100390,Trans Nzoia,F,25,2,0.77,12243,3.3,123,0.73,0.913,0.69,0,1.414,0
F100391,Bungoma,M,40,5,1.89,12431,3.2,13,0.72,0.737,0.881,1,1.081,0
F100392,Busia,F,43,6,1.15,7322,1.9,93,0.81,0.65,0.833,1,0.785,0
F100393,Vihiga,F,59,5,0.62,10567,1.3,8,0.694,0.679,0.897,1,0.697,0
F100394,Trans Nzoia,F,50,7,0.54,7421,1.4,96,0.365,0.407,0.89,1,1.039,0
F100395,Siaya,M,27,2,0.87,6016,5.0,59,0.821,0.804,0.819,1,0.417,0
F100396,Kakamega,F,68,4,0.34,14466,4.0,36,0.295,0.987,0.81,1,0.898,0
F100397,Bungoma,F,42,4,2.06,23482,1.1,91,0.484,0.701,0.932,1,0.853,0
F100398,Bungoma,F,68,8,0.74,11890,4.4,61,0.738,0.476,0.679,1,0.799,0
F100399,Bungoma,F,69,2,0.24,16967,3.5,16,0.809,0.838,0.641,1,1.034,0
F100400,Siaya,F,22,3,2.35,17743,0.1,97,0.715,0.655,0.611,1,0.74,0
F100401,Trans Nzoia,M,45,1,0.88,21547,1.5,103,0.719,0.484,0.709,1,0.604,1
F100402,Bungoma,M,41,2,1.52,21143,2.3,120,0.775,0.955,0.386,1,1.121,0
F100403,Siaya,M,44,8,0.63,22930,1.8,162,0.855,0.971,0.533,1,0.907,0
F100404,Busia,M,35,7,2.41,20918,12.7,127,0.598,0.352,0.555,1,1.082,1
F100405,Vihiga,F,47,3,0.48,23464,1.7,144,0.876,0.834,0.814,1,1.042,0
F100406,Busia,F,44,6,0.77,24253,3.5,117,0.685,0.85,0.851,0,1.131,0
F100407,Kakamega,F,29,5,0.16,19458,4.9,122,0.873,0.85,0.889,1,1.052,0
F100408,Siaya,F,34,8,2.37,13849,8.4,143,0.559,0.468,0.792,1,1.144,1
F100409,Kakamega,M,27,3,0.56,9752,2.5,120,0.853,0.794,0.915,1,1.422,0
F100410,Bungoma,M,62,8,1.25,15570,0.2,91,0.275,0.834,0.437,1,1.081,1
F100411,Bungoma,M,53,3,1.38,21236,2.5,132,0.808,0.527,0.541,1,1.138,1
F100412,Bungoma,F,39,6,2.11,19578,7.2,173,0.53,0.373,0.412,0,1.026,1
F100413,Kakamega,F,39,4,1.18,14444,0.2,90,0.715,0.709,0.825,1,0.525,0
F100414,Kakamega,F,23,6,0.93,4674,5.7,43,0.888,0.822,0.746,1,0.965,0
F100415,Trans Nzoia,F,34,3,1.96,8976,2.7,74,0.929,0.525,0.843,1,1.335,0
F100416,Siaya,F,66,7,1.37,15698,3.5,5,0.746,0.406,0.844,0,1.12,0
F100417,Kakamega,F,21,6,0.82,11487,0.4,57,0.889,0.517,0.64,0,0.878,0
F100418,Bungoma,F,27,3,2.44,13035,1.4,160,0.785,0.889,0.885,1,1.092,0
F100419,Vihiga,M,62,8,1.45,9626,0.9,20,0.782,0.5,0.796,1,0.721,0
F100420,Siaya,F,46,6,0.31,4673,0.9,160,0.961,0.47,0.767,1,1.172,0
F100421,Trans Nzoia,F,21,4,2.74,13256,7.8,102,0.765,0.533,0.705,0,0.878,1
F100422,Trans Nzoia,M,44,2,0.61,12789,1.8,59,0.778,0.698,0.68,1,1.042,0
F100423,Vihiga,F,57,8,2.1,20189,6.1,86,0.756,0.901,0.902,1,0.745,0
F100424,Busia,M,37,7,0.24,5466,12.1,158,0.576,0.889,0.701,1,1.054,1
F100425,Bungoma,M,39,6,1.95,13667,1.5,24,0.961,0.542,0.715,1,0.399,0
F100426,Siaya,F,51,7,0.33,21784,2.6,103,0.542,0.427,0.31,1,0.892,1
F100427,Trans Nzoia,M,49,5,1.16,8892,10.5,50,0.787,0.145,0.837,1,0.808,0
F100428,Kakamega,M,65,2,1.42,9958,8.2,98,0.712,0.594,0.756,1,0.817,0
F100429,Trans Nzoia,M,32,2,0.83,4922,2.2,142,0.897,0.74,0.441,1,0.139,1
F100430,Kakamega,M,33,1,1.01,15640,3.0,166,0.797,0.785,0.85,0,0.827,1
F100431,Trans Nzoia,M,27,1,0.4,21826,8.2,48,0.867,0.527,0.855,1,1.064,0
F100432,Trans Nzoia,F,53,6,1.81,13592,4.7,120,0.561,0.493,0.469,1,0.776,1
F100433,Kakamega,F,46,7,1.2,12182,0.4,78,0.851,0.842,0.957,0,1.114,0
F100434,Busia,M,37,2,0.48,19479,15.8,91,0.716,0.7,0.792,1,1.223,0
F100435,Kakamega,M,54,5,1.24,12722,2.0,31,0.545,0.782,0.836,1,1.072,0
F100436,Vihiga,F,38,1,1.27,11770,1.0,154,0.76,0.73,0.833,1,1.095,0
F100437,Siaya,M,29,4,1.05,19801,7.1,33,0.895,0.772,0.714,1,1.065,0
F100438,Kakamega,F,46,7,0.06,9248,4.4,10,0.865,0.393,0.829,1,1.135,0
F100439,Busia,M,41,7,0.74,21693,4.7,136,0.647,0.819,0.863,1,0.83,0
F100440,Siaya,M,40,8,1.79,8899,4.2,74,0.812,0.506,0.897,1,0.783,0
F100441,Bungoma,F,42,3,1.47,14245,0.6,14,0.661,0.938,0.87,0,0.79,0
F100442,Kakamega,F,65,8,1.44,8505,1.0,123,0.766,0.672,0.781,1,1.166,0
F100443,Busia,F,30,7,1.2,16912,9.1,53,0.49,0.652,0.801,1,0.786,0
F100444,Vihiga,F,33,3,1.94,12552,13.9,175,0.343,0.74,0.685,0,0.924,1
F100445,Vihiga,F,48,3,0.61,8261,0.4,176,0.729,0.838,0.694,1,0.89,0
F100446,Bungoma,F,22,1,0.5,19367,4.8,100,0.867,0.757,0.97,0,1.041,0
F100447,Siaya,F,27,8,3.21,23571,3.5,87,0.439,0.593,0.72,1,1.153,0
F100448,Vihiga,F,48,2,0.56,3616,0.4,81,0.721,0.757,0.796,1,1.153,0
F100449,Bungoma,F,45,3,0.3,15494,4.8,110,0.801,0.385,0.769,1,0.55,1
F100450,Siaya,M,52,4,0.82,18807,3.3,163,0.711,0.682,0.409,1,1.083,1
F100451,Siaya,M,25,2,1.08,18831,1.8,116,0.928,0.751,0.738,1,0.985,0
F100452,Busia,M,62,7,1.95,7852,6.3,20,0.592,0.665,0.922,1,1.04,0
F100453,Kakamega,M,44,6,0.74,5512,11.3,37,0.872,0.796,0.655,1,0.912,0
F100454,Vihiga,M,27,2,0.73,14298,8.4,114,0.6,0.589,0.815,1,0.797,1
F100455,Vihiga,F,35,2,1.01,17012,16.5,68,0.78,0.45,0.982,0,1.238,0
F100456,Kakamega,F,31,1,0.64,9368,1.1,87,0.824,0.591,0.781,1,0.946,0
F100457,Vihiga,F,42,8,0.24,11116,4.2,73,0.657,0.483,0.64,1,1.302,0
F100458,Siaya,F,43,4,0.33,14705,2.7,108,0.206,0.661,0.89,1,0.989,1
F100459,Kakamega,F,41,6,2.32,12901,3.0,43,0.829,0.563,0.763,1,0.995,0
F100460,Trans Nzoia,M,43,2,1.67,13637,0.3,16,0.608,0.55,0.494,1,0.823,0
F100461,Kakamega,M,65,2,0.98,18007,2.2,44,0.647,0.456,0.83,1,0.993,0
F100462,Trans Nzoia,F,67,5,1.47,24654,2.7,121,0.578,0.339,0.495,1,1.228,1
F100463,Busia,F,44,2,1.7,20519,2.5,110,0.934,0.545,0.81,1,0.965,0
F100464,Kakamega,F,68,5,0.58,3180,2.2,146,0.769,0.219,0.77,1,1.05,1
F100465,Siaya,M,60,8,0.4,10686,1.9,22,0.807,0.515,0.949,0,1.404,0
F100466,Kakamega,M,60,3,2.15,3213,1.6,28,0.762,0.498,0.938,1,0.698,0
F100467,Vihiga,F,31,5,0.09,22211,1.5,25,0.577,0.541,0.811,1,0.765,0
F100468,Bungoma,F,41,8,1.49,17177,9.4,102,0.718,0.64,0.712,1,1.075,0
F100469,Siaya,F,37,8,1.15,7817,6.6,104,0.697,0.901,0.795,1,0.571,0
F100470,Trans Nzoia,F,24,1,2.01,21460,3.3,31,0.881,0.717,0.655,0,1.127,0
F100471,Trans Nzoia,M,23,1,1.53,15383,2.3,82,0.84,0.835,0.822,1,0.799,0
F100472,Busia,M,51,8,1.46,4131,4.4,12,0.854,0.759,0.628,1,0.887,0
F100473,Busia,F,41,8,0.44,6327,5.9,111,0.94,0.709,0.853,0,1.211,0
F100474,Vihiga,F,61,3,1.75,20805,0.3,103,0.822,0.977,0.842,1,0.685,0
F100475,Trans Nzoia,F,53,5,1.36,9363,1.2,7,0.492,0.659,0.931,1,0.501,0
F100476,Siaya,F,24,5,0.49,14539,7.0,18,0.713,0.786,0.467,1,0.47,0
F100477,Kakamega,F,61,6,1.15,22699,3.7,127,0.542,0.216,0.572,1,1.07,1
F100478,Vihiga,F,44,7,0.36,9360,1.7,162,0.55,0.743,0.613,0,1.21,1
F100479,Kakamega,M,48,3,0.88,3254,8.4,153,0.78,0.49,0.577,1,0.731,1
F100480,Bungoma,F,68,8,4.09,4845,1.5,103,0.563,0.396,0.82,1,1.265,0
F100481,Trans Nzoia,F,52,1,0.42,23143,0.0,95,0.96,0.814,0.758,1,0.982,0
F100482,Bungoma,F,21,1,0.24,16198,1.1,146,0.41,0.483,0.914,1,1.008,1
F100483,Trans Nzoia,F,28,8,0.33,10224,8.9,151,0.444,0.471,0.933,1,1.229,1
F100484,Busia,M,41,2,0.87,4730,1.5,163,0.544,0.886,0.795,0,0.552,1
F100485,Bungoma,F,21,8,1.61,18307,2.9,73,0.93,0.777,0.701,0,1.159,0
F100486,Busia,M,28,3,1.03,3872,1.6,87,0.633,0.728,0.595,1,0.536,0
F100487,Vihiga,M,59,3,0.28,5017,4.8,16,0.738,0.968,0.875,1,0.589,0
F100488,Trans Nzoia,F,27,1,1.59,16067,3.7,34,0.755,0.813,0.828,0,0.629,0
F100489,Vihiga,F,28,8,0.14,17107,0.6,69,0.676,0.641,0.909,1,1.14,0
F100490,Siaya,M,45,3,0.31,15535,0.4,146,0.499,0.626,0.82,1,1.155,1
F100491,Siaya,F,24,2,0.62,23008,3.5,82,0.413,0.49,0.813,1,1.208,1
F100492,Trans Nzoia,F,32,4,2.1,8921,0.2,106,0.861,0.757,0.761,1,0.977,0
F100493,Vihiga,M,66,2,1.06,15214,9.1,156,0.933,0.625,0.789,1,0.892,0
F100494,Bungoma,M,51,7,1.09,9733,4.0,87,0.77,0.868,0.795,1,1.11,0
F100495,Busia,F,68,1,0.28,10966,21.4,62,0.584,0.612,0.699,1,0.947,1
F100496,Kakamega,F,37,4,0.67,6314,8.7,132,0.187,0.518,0.842,1,1.035,1
F100497,Busia,F,50,4,1.9,20458,4.5,58,0.842,0.746,0.789,1,0.965,0
F100498,Siaya,M,31,1,1.3,18481,3.6,71,0.635,0.261,0.855,1,0.969,0
F100499,Busia,F,38,1,1.63,18679,12.4,160,0.477,0.357,0.889,1,1.491,1
F100500,Kakamega,F,28,5,0.97,6128,3.2,80,0.928,0.817,0.741,1,1.209,0
F100501,Vihiga,M,61,4,1.91,5589,6.6,47,0.584,0.816,0.786,1,1.103,0
F100502,Siaya,M,29,2,0.28,20206,2.3,150,0.898,0.656,0.752,0,0.887,1
F100503,Siaya,M,30,2,0.85,17645,3.9,116,0.741,0.497,0.91,1,0.998,0
F100504,Bungoma,F,43,7,1.44,3654,5.8,138,0.946,0.249,0.715,1,1.228,0
F100505,Busia,F,41,6,0.19,17622,5.6,60,0.674,0.885,0.767,1,1.029,0
F100506,Vihiga,M,35,5,0.04,24561,5.4,141,0.717,0.718,0.807,1,0.883,0
F100507,Bungoma,M,37,7,3.21,19542,2.1,171,0.745,0.392,0.851,1,0.566,1
F100508,Bungoma,F,34,1,1.07,9109,3.6,31,0.768,0.636,0.819,1,0.891,0
F100509,Bungoma,M,65,6,0.17,9958,3.4,36,0.627,0.954,0.763,0,1.154,0
F100510,Siaya,F,49,7,1.05,19546,1.1,102,0.783,0.878,0.473,1,0.668,0
F100511,Trans Nzoia,F,65,2,0.32,11828,12.9,131,0.572,0.663,0.899,0,1.349,1
F100512,Siaya,F,69,5,0.44,19207,0.5,3,0.952,0.225,0.907,0,1.045,0
F100513,Trans Nzoia,F,52,7,2.15,24120,3.2,100,0.344,0.732,0.31,1,1.334,1
F100514,Siaya,F,61,5,0.63,11920,6.9,25,0.605,0.585,0.919,1,0.963,0
F100515,Kakamega,M,25,2,0.62,15616,0.2,176,0.476,0.667,0.656,1,0.433,1
F100516,Siaya,F,67,6,0.31,13774,0.7,131,0.524,0.663,0.65,1,0.883,1
F100517,Kakamega,F,44,7,0.75,14187,7.0,178,0.279,0.559,0.75,1,0.815,1
F100518,Busia,F,55,1,1.12,4664,2.8,41,0.78,0.744,0.66,1,0.766,0
F100519,Vihiga,F,32,5,0.63,24710,3.4,143,0.741,0.543,0.871,1,1.1,0
F100520,Busia,F,24,5,3.78,14896,4.6,70,0.853,0.788,0.75,1,0.753,0
F100521,Kakamega,F,64,3,0.39,8050,0.4,21,0.931,0.713,0.302,1,0.619,0
F100522,Bungoma,F,42,1,0.38,15626,6.6,87,0.864,0.708,0.762,1,0.821,0
F100523,Trans Nzoia,M,26,1,0.72,11754,1.0,86,0.895,0.966,0.689,1,1.186,1
F100524,Bungoma,M,52,7,3.48,21082,4.9,91,0.68,0.668,0.831,1,0.911,0
F100525,Bungoma,F,22,7,1.65,19717,5.7,154,0.612,0.818,0.579,0,0.75,1
F100526,Siaya,M,42,4,0.61,11407,9.6,52,0.827,0.538,0.951,1,0.874,0
F100527,Kakamega,M,55,8,0.61,18688,0.6,116,0.839,0.596,0.573,1,1.248,0
F100528,Siaya,M,56,8,0.37,3727,0.6,38,0.877,0.56,0.826,1,1.096,0
F100529,Siaya,M,42,6,0.7,24267,6.2,158,0.599,0.767,0.853,1,1.108,0
F100530,Vihiga,M,38,5,0.83,14239,3.3,84,0.846,0.757,0.845,1,1.093,0
F100531,Kakamega,M,61,8,1.6,17394,0.5,144,0.454,0.876,0.845,1,0.561,0
F100532,Kakamega,M,29,5,1.36,17192,1.7,50,0.669,0.351,0.672,1,0.943,0
F100533,Bungoma,F,23,8,0.69,9888,11.6,58,0.857,0.752,0.581,1,1.226,0
F100534,Vihiga,M,27,8,2.65,18177,3.0,176,0.759,0.466,0.558,1,0.427,1
F100535,Kakamega,F,60,2,0.54,11748,9.4,37,0.456,0.246,0.821,1,0.487,1
F100536,Busia,M,43,6,0.24,17974,5.3,102,0.528,0.708,0.631,1,0.703,1
F100537,Kakamega,F,21,6,1.17,4973,6.9,60,0.739,0.845,0.465,1,0.786,0
F100538,Vihiga,F,28,7,2.04,6212,1.3,72,0.618,0.853,0.715,1,0.982,0
F100539,Kakamega,F,21,3,0.94,23321,3.1,126,0.671,0.977,0.868,1,0.648,0
F100540,Trans Nzoia,F,60,7,0.29,19189,3.2,141,0.961,0.801,0.892,1,1.098,0
F100541,Kakamega,F,43,4,1.09,5830,5.7,88,0.734,0.545,0.842,1,1.53,0
F100542,Bungoma,F,23,4,1.2,7702,3.0,115,0.773,0.63,0.562,1,0.83,0
F100543,Bungoma,F,31,2,1.3,15005,4.9,10,0.88,0.515,0.825,0,0.62,0
F100544,Trans Nzoia,F,50,3,1.11,3129,8.8,44,0.684,0.546,0.938,0,0.865,0
F100545,Kakamega,F,49,8,2.23,11830,1.8,134,0.683,0.59,0.375,1,1.108,1
F100546,Busia,M,60,6,0.36,10184,1.7,120,0.778,0.527,0.837,0,1.01,0
F100547,Vihiga,F,21,6,0.02,5952,1.5,10,0.828,0.768,0.928,1,1.157,1
F100548,Vihiga,F,23,8,0.14,9596,1.4,160,0.694,0.542,0.758,1,0.903,1
F100549,Trans Nzoia,F,21,3,0.29,9445,1.8,75,0.75,0.39,0.923,1,1.055,0
F100550,Trans Nzoia,F,39,6,1.8,4476,0.7,56,0.625,0.925,0.631,1,1.614,0
F100551,Busia,F,56,3,0.75,16938,1.2,84,0.666,0.58,0.909,1,0.873,0
F100552,Trans Nzoia,M,53,7,2.79,8992,0.6,72,0.846,0.932,0.732,1,0.97,0
F100553,Bungoma,M,30,4,0.34,3687,4.8,92,0.985,0.812,0.943,1,1.085,0
F100554,Siaya,F,52,7,2.75,3486,9.1,32,0.692,0.63,0.786,1,1.597,0
F100555,Vihiga,M,52,6,0.44,24251,3.5,27,0.937,0.803,0.773,1,1.187,0
F100556,Trans Nzoia,F,29,7,0.83,5602,9.6,178,0.694,0.647,0.778,1,0.999,1
F100557,Siaya,F,57,8,0.17,23000,3.0,135,0.68,0.453,0.647,0,0.858,1
F100558,Trans Nzoia,F,41,7,2.51,6665,0.2,66,0.662,0.527,0.683,1,1.31,0
F100559,Siaya,F,22,3,0.92,4861,1.5,153,0.95,0.654,0.91,1,0.951,0
F100560,Vihiga,F,39,5,3.89,15001,2.1,143,0.901,0.693,0.561,1,1.354,0
F100561,Kakamega,M,58,4,2.11,22103,2.3,126,0.735,0.597,0.865,1,0.907,0
F100562,Busia,M,54,1,0.81,4574,5.3,130,0.94,0.72,0.804,1,0.824,0
F100563,Bungoma,F,33,5,0.51,10228,2.6,171,0.467,0.296,0.82,1,0.609,1
F100564,Siaya,F,57,4,1.86,19559,4.7,150,0.413,0.594,0.948,1,1.101,1
F100565,Bungoma,F,39,4,1.0,4485,2.1,48,0.632,0.849,0.796,1,0.52,0
F100566,Bungoma,F,43,1,0.49,6730,1.8,131,0.926,0.598,0.847,1,1.286,0
F100567,Bungoma,F,24,5,1.06,9734,9.8,31,0.77,0.787,0.647,1,0.613,0
F100568,Vihiga,M,69,5,0.11,20745,12.0,91,0.564,0.888,0.667,0,0.517,1
F100569,Vihiga,M,61,1,1.32,20795,2.8,14,0.63,0.944,0.576,1,0.961,0
F100570,Siaya,F,29,6,1.51,18607,6.9,32,0.757,0.573,0.591,1,1.212,0
F100571,Busia,F,48,2,0.33,17648,4.0,130,0.273,0.886,0.982,1,0.943,0
F100572,Bungoma,M,59,2,2.27,3575,5.4,68,0.814,0.77,0.832,1,1.164,1
F100573,Kakamega,M,45,4,1.95,8248,0.1,31,0.599,0.647,0.589,1,1.053,0
F100574,Kakamega,F,30,4,1.23,23277,0.6,176,0.891,0.48,0.886,0,1.144,1
F100575,Busia,F,68,8,0.41,18821,0.3,169,0.889,0.564,0.836,1,1.367,0
F100576,Siaya,M,33,1,1.57,8302,0.7,43,0.567,0.87,0.788,1,0.797,0
F100577,Vihiga,M,36,3,0.71,18572,2.5,108,0.668,0.713,0.781,1,1.012,0
F100578,Siaya,F,38,6,1.13,18934,6.1,55,0.842,0.481,0.733,0,0.485,1
F100579,Kakamega,M,64,2,1.68,19342,0.2,145,0.758,0.665,0.584,1,1.315,0
F100580,Kakamega,F,45,8,0.24,24562,1.0,124,0.895,0.728,0.591,1,0.888,0
F100581,Siaya,M,55,6,0.17,14894,1.4,79,0.837,0.714,0.809,1,0.987,0
F100582,Kakamega,F,65,8,0.66,4315,5.0,167,0.796,0.631,0.794,1,0.892,0
F100583,Kakamega,F,66,8,3.46,21016,0.3,133,0.539,0.915,0.862,0,0.803,1
F100584,Busia,F,62,1,4.0,3329,0.1,29,0.505,0.736,0.905,1,1.162,0
F100585,Siaya,F,65,4,1.29,17109,2.7,81,0.302,0.687,0.902,1,1.115,0
F100586,Trans Nzoia,F,67,6,1.99,20521,5.5,149,0.764,0.86,0.93,1,0.835,0
F100587,Kakamega,F,69,1,0.95,5758,1.2,98,0.87,0.307,0.932,1,1.407,0
F100588,Siaya,F,52,4,1.06,20541,2.8,20,0.886,0.506,0.525,0,1.187,0
F100589,Siaya,F,26,6,0.83,20825,1.8,139,0.58,0.749,0.642,1,1.376,0
F100590,Trans Nzoia,M,25,7,2.16,17385,6.0,88,0.85,0.806,0.739,1,0.507,0
F100591,Siaya,M,59,4,2.81,10122,2.7,45,0.699,0.424,0.904,0,0.816,0
F100592,Bungoma,M,35,7,1.04,7442,12.4,147,0.935,0.577,0.681,1,1.217,0
F100593,Siaya,F,60,6,1.05,18510,6.4,159,0.747,0.436,0.573,1,0.668,1
F100594,Bungoma,F,66,1,0.86,6453,7.8,107,0.513,0.934,0.747,1,0.87,0
F100595,Trans Nzoia,M,52,3,2.86,17852,0.5,129,0.861,0.402,0.594,1,0.717,1
F100596,Vihiga,F,58,8,1.82,6730,2.1,45,0.918,0.74,0.894,1,1.074,0
F100597,Trans Nzoia,F,33,1,0.4,10390,4.1,135,0.554,0.852,0.733,1,0.89,0
F100598,Vihiga,M,41,1,3.39,14143,12.9,163,0.744,0.817,0.752,1,0.722,1
F100599,Vihiga,M,68,3,0.06,6557,0.2,45,0.72,0.924,0.924,1,1.409,0
F100600,Vihiga,F,60,8,2.67,20479,1.8,169,0.832,0.697,0.539,1,1.139,1
F100601,Trans Nzoia,M,30,6,2.04,18289,2.6,18,0.788,0.899,0.754,1,1.133,0
F100602,Trans Nzoia,F,66,2,1.04,3359,1.1,81,0.799,0.803,0.788,1,1.026,0
F100603,Kakamega,M,44,4,1.02,21678,1.1,15,0.873,0.805,0.74,1,1.19,0
F100604,Trans Nzoia,F,62,8,0.9,18770,1.3,82,0.618,0.773,0.914,1,1.116,1
F100605,Vihiga,F,46,2,0.42,21441,8.2,117,0.928,0.789,0.545,1,0.522,1
F100606,Bungoma,F,50,5,3.21,16237,0.8,157,0.711,0.668,0.827,1,1.466,0
F100607,Vihiga,F,28,4,1.0,16783,0.5,29,0.798,0.847,0.855,0,1.425,0
F100608,Siaya,M,36,7,0.42,11438,0.1,160,0.674,0.618,0.898,1,0.874,0
F100609,Siaya,F,56,7,3.08,8002,10.7,179,0.608,0.367,0.787,0,0.572,1
F100610,Siaya,M,62,7,1.4,8178,0.9,14,0.693,0.908,0.655,0,0.717,0
F100611,Busia,M,24,1,1.47,9956,2.8,173,0.617,0.727,0.705,1,0.725,1
F100612,Trans Nzoia,F,23,4,3.55,9400,5.5,163,0.253,0.579,0.881,1,1.064,1
F100613,Busia,M,54,6,1.62,19601,3.5,8,0.735,0.584,0.669,0,0.887,0
F100614,Trans Nzoia,F,42,4,0.59,14535,1.5,14,0.736,0.591,0.895,1,0.838,0
F100615,Vihiga,F,62,6,1.62,12038,0.1,131,0.748,0.771,0.37,1,1.147,0
F100616,Bungoma,F,23,6,0.46,18955,1.3,77,0.954,0.813,0.756,0,0.963,1
F100617,Bungoma,M,37,3,0.69,19114,11.4,49,0.75,0.927,0.734,0,1.231,0
F100618,Kakamega,M,21,1,1.26,23568,0.2,74,0.876,0.581,0.723,0,0.979,0
F100619,Kakamega,M,55,8,1.97,9807,4.0,63,0.716,0.853,0.712,1,1.416,0
F100620,Busia,M,62,7,0.62,8353,2.6,175,0.6,0.324,0.391,0,1.554,1
F100621,Busia,M,27,8,0.88,3139,0.2,45,0.942,0.757,0.638,1,1.054,0
F100622,Kakamega,F,36,3,0.87,6516,2.7,18,0.41,0.715,0.921,0,0.915,0
F100623,Busia,M,62,3,2.21,16276,2.4,150,0.807,0.548,0.499,1,0.978,1
F100624,Vihiga,F,22,3,1.02,20802,0.8,151,0.968,0.998,0.981,1,1.26,0
F100625,Bungoma,F,67,1,3.36,16220,0.6,161,0.713,0.278,0.822,1,1.213,1
F100626,Busia,F,64,2,0.69,24818,0.0,174,0.909,0.514,0.646,1,0.518,1
F100627,Busia,F,27,3,0.64,16806,11.3,10,0.653,0.722,0.863,1,1.134,0
F100628,Vihiga,F,26,8,2.64,22417,1.7,139,0.591,0.819,0.693,0,0.898,1
F100629,Busia,F,54,2,1.52,8900,9.3,50,0.972,0.322,0.679,1,1.064,0
F100630,Trans Nzoia,F,20,5,2.57,10126,3.5,77,0.91,0.67,0.88,1,0.994,0
F100631,Bungoma,F,45,5,0.31,20843,5.3,82,0.463,0.801,0.71,0,0.895,1
F100632,Busia,M,23,3,1.0,17540,7.8,177,0.57,0.762,0.566,1,0.578,1
F100633,Busia,M,46,8,1.26,13724,0.6,95,0.815,0.592,0.791,1,0.598,0
F100634,Bungoma,F,37,1,1.2,24026,2.1,42,0.932,0.822,0.809,1,0.925,0
F100635,Trans Nzoia,F,55,7,0.89,19772,1.1,18,0.972,0.954,0.831,1,0.96,0
F100636,Bungoma,F,64,6,1.18,9498,3.5,107,0.785,0.843,0.844,1,0.978,0
F100637,Bungoma,F,44,3,1.23,16444,0.1,149,0.787,0.588,0.924,1,1.06,0
F100638,Trans Nzoia,M,52,7,0.62,11712,2.7,128,0.878,0.983,0.885,1,0.789,0
F100639,Siaya,F,50,4,2.15,12153,1.7,168,0.606,0.455,0.804,0,0.645,1
F100640,Trans Nzoia,M,69,8,3.1,20710,1.1,10,0.836,0.837,0.498,1,1.242,0
F100641,Siaya,M,31,1,1.72,17951,2.6,74,0.829,0.44,0.881,1,1.135,0
F100642,Siaya,F,31,1,1.37,3271,2.6,111,0.359,0.393,0.534,1,0.819,1
F100643,Busia,M,38,5,0.95,15649,1.9,154,0.486,0.651,0.878,1,1.213,0
F100644,Trans Nzoia,F,56,8,1.25,17234,3.0,58,0.958,0.533,0.59,1,0.744,0
F100645,Bungoma,M,63,1,1.35,14235,0.5,122,0.909,0.618,0.873,1,1.052,0
F100646,Busia,M,33,7,0.43,9599,5.8,39,0.698,0.796,0.866,1,1.055,0
F100647,Vihiga,M,25,8,2.07,17268,6.2,107,0.965,0.633,0.718,0,0.837,0
F100648,Siaya,M,50,4,0.73,23848,8.8,140,0.941,0.835,0.743,1,1.12,0
F100649,Siaya,M,49,7,2.73,4890,3.6,147,0.598,0.794,0.877,1,0.671,0
F100650,Busia,M,38,7,1.15,16263,1.2,82,0.586,0.32,0.698,1,0.989,1
F100651,Vihiga,F,29,2,2.1,23025,11.5,86,0.824,0.473,0.423,1,0.99,1
F100652,Bungoma,M,62,7,1.7,11811,2.8,159,0.515,0.698,0.922,1,0.72,1
F100653,Trans Nzoia,M,62,6,0.32,10371,2.3,99,0.842,0.843,0.798,0,1.155,0
F100654,Vihiga,F,57,1,2.57,8447,0.9,64,0.951,0.774,0.64,1,1.278,0
F100655,Vihiga,M,48,5,0.54,7943,3.3,51,0.703,0.557,0.701,1,0.982,0
F100656,Trans Nzoia,F,33,6,0.69,11604,11.5,128,0.546,0.674,0.824,1,1.017,1
F100657,Vihiga,F,40,7,0.74,19979,2.7,129,0.662,0.497,0.88,1,0.927,0
F100658,Kakamega,F,23,7,0.21,6998,9.8,98,0.787,0.919,0.765,0,0.973,0
F100659,Bungoma,F,32,4,1.19,8086,7.2,31,0.453,0.512,0.479,1,0.869,1
F100660,Bungoma,M,42,3,2.19,24973,13.4,31,0.708,0.7,0.65,1,0.998,0
F100661,Trans Nzoia,F,41,2,2.69,24906,6.8,46,0.878,0.571,0.921,1,0.931,0
F100662,Kakamega,F,24,1,0.89,7991,1.6,5,0.559,0.493,0.613,1,1.404,0
F100663,Bungoma,F,67,6,1.01,12250,7.3,87,0.873,0.654,0.835,1,0.938,0
F100664,Vihiga,F,33,8,1.78,11877,0.9,76,0.764,0.614,0.784,1,0.756,0
F100665,Trans Nzoia,M,45,1,0.91,9525,0.3,71,0.746,0.558,0.715,0,0.561,1
F100666,Vihiga,M,43,6,2.33,6362,3.1,168,0.983,0.411,0.696,1,1.244,0
F100667,Siaya,F,43,5,0.98,4365,5.2,45,0.902,0.434,0.907,1,1.353,0
F100668,Siaya,F,62,2,0.47,16503,10.1,146,0.888,0.751,0.798,1,0.699,0
F100669,Kakamega,F,57,2,1.21,3919,0.2,36,0.403,0.688,0.746,1,1.145,0
F100670,Siaya,F,63,3,0.26,16661,2.1,111,0.669,0.49,0.937,1,1.124,0
F100671,Vihiga,F,38,6,1.2,5093,4.0,155,0.556,0.716,0.807,1,0.996,0
F100672,Vihiga,F,33,3,1.38,6396,1.3,151,0.332,0.699,0.918,1,0.713,1
F100673,Kakamega,F,41,7,0.54,3110,5.8,107,0.731,0.484,0.928,1,1.118,0
F100674,Vihiga,F,48,3,1.34,11752,0.6,39,0.784,0.557,0.761,1,1.321,0
F100675,Trans Nzoia,F,36,1,0.82,10195,8.6,69,0.326,0.438,0.592,1,1.344,1
F100676,Vihiga,F,43,1,0.52,10309,6.6,78,0.704,0.708,0.533,1,1.122,0
F100677,Kakamega,M,27,4,0.22,9829,1.7,152,0.836,0.365,0.772,1,1.21,0
F100678,Vihiga,M,49,4,0.29,23642,2.7,69,0.466,0.857,0.882,1,0.539,0
F100679,Siaya,F,55,6,2.92,12462,0.6,149,0.794,0.532,0.698,1,1.144,0
F100680,Trans Nzoia,M,46,4,0.8,20803,9.8,171,0.695,0.595,0.587,0,1.148,0
F100681,Kakamega,M,63,2,1.35,8124,2.6,22,0.626,0.609,0.804,0,0.912,0
F100682,Siaya,F,69,2,0.88,13629,1.8,168,0.437,0.723,0.709,0,1.016,1
F100683,Siaya,F,65,5,2.97,4380,7.8,103,0.679,0.531,0.926,1,0.862,1
F100684,Bungoma,F,24,3,0.52,8689,2.1,109,0.637,0.788,0.727,1,0.606,0
F100685,Trans Nzoia,M,64,6,1.08,4565,0.3,57,0.654,0.412,0.732,0,1.148,0
F100686,Busia,F,36,8,0.68,3455,3.8,62,0.732,0.702,0.431,1,1.467,0
F100687,Vihiga,M,42,3,2.08,7007,1.1,98,0.712,0.616,0.779,1,0.777,0
F100688,Busia,F,40,5,1.34,6497,3.7,38,0.788,0.616,0.54,1,1.014,0
F100689,Trans Nzoia,F,34,7,1.05,9964,2.7,130,0.852,0.661,0.561,1,0.663,0
F100690,Siaya,M,63,2,0.33,19359,0.3,121,0.781,0.402,0.768,1,1.053,0
F100691,Trans Nzoia,F,51,5,3.88,6255,8.4,4,0.622,0.489,0.886,0,0.836,0
F100692,Siaya,M,68,3,0.9,16434,3.5,40,0.759,0.66,0.749,0,0.961,0
F100693,Siaya,M,67,6,0.45,11032,5.6,93,0.559,0.688,0.752,0,1.244,0
F100694,Kakamega,M,40,6,0.22,11860,17.9,134,0.783,0.862,0.87,1,1.07,0
F100695,Bungoma,F,56,2,0.28,23288,3.1,54,0.647,0.767,0.9,1,0.967,0
F100696,Trans Nzoia,M,45,2,1.04,13227,0.5,159,0.413,0.643,0.591,1,0.764,1
F100697,Vihiga,F,44,1,2.11,8755,9.1,97,0.954,0.743,0.496,1,1.171,0
F100698,Kakamega,F,56,1,1.28,8237,9.5,98,0.859,0.94,0.795,0,0.719,0
F100699,Kakamega,M,54,1,0.23,6704,1.0,22,0.951,0.723,0.792,1,1.33,0
F100700,Vihiga,M,65,6,1.04,20644,2.0,114,0.828,0.481,0.769,1,1.026,0
F100701,Vihiga,F,58,8,2.55,17625,1.3,147,0.648,0.967,0.943,1,0.741,0
F100702,Bungoma,F,51,4,0.77,8890,1.0,40,0.741,0.48,0.808,1,0.621,0
F100703,Bungoma,M,65,8,1.28,13799,8.3,99,0.675,0.266,0.451,1,0.917,1
F100704,Kakamega,M,25,6,0.8,14119,0.8,4,0.906,0.834,0.875,1,0.91,0
F100705,Vihiga,F,58,7,1.49,4039,3.1,40,0.643,0.697,0.917,1,1.114,0
F100706,Kakamega,M,39,6,0.51,22990,1.4,15,0.724,0.8,0.703,1,0.743,0
F100707,Vihiga,F,41,2,0.01,20331,2.7,139,0.792,0.574,0.655,1,1.197,0
F100708,Busia,F,59,5,0.35,14779,12.7,179,0.735,0.514,0.844,1,0.367,1
F100709,Busia,M,33,5,0.7,18737,3.8,9,0.707,0.627,0.697,0,1.02,0
F100710,Trans Nzoia,M,64,6,0.96,5401,2.3,127,0.414,0.703,0.517,1,0.819,1
F100711,Vihiga,F,44,7,0.72,24500,1.4,107,0.743,0.631,0.832,0,1.023,0
F100712,Trans Nzoia,F,37,1,0.71,17088,4.7,127,0.508,0.541,0.848,1,1.301,1
F100713,Trans Nzoia,F,36,6,2.12,23642,4.9,91,0.529,0.963,0.768,1,1.226,0
F100714,Siaya,M,41,7,0.4,22013,5.5,178,0.529,0.364,0.847,1,1.083,1
F100715,Trans Nzoia,F,67,1,1.05,15853,1.6,10,0.45,0.738,0.726,1,1.332,0
F100716,Vihiga,F,25,4,0.25,9343,1.1,29,0.851,0.673,0.897,1,1.342,0
F100717,Busia,M,45,8,1.72,18092,1.3,47,0.711,0.501,0.772,1,1.384,0
F100718,Bungoma,F,61,1,1.25,14269,3.6,141,0.852,0.619,0.672,1,0.848,1
F100719,Vihiga,F,43,2,3.83,12009,4.8,16,0.383,0.482,0.538,1,1.186,0
F100720,Kakamega,F,48,7,0.39,18650,4.5,24,0.716,0.785,0.566,0,1.192,0
F100721,Siaya,M,37,2,3.07,22546,3.0,132,0.593,0.622,0.934,1,1.002,0
F100722,Siaya,F,26,6,0.44,6770,13.6,77,0.697,0.534,0.676,1,1.258,0
F100723,Kakamega,F,51,8,0.77,15161,1.8,127,0.703,0.685,0.767,1,1.009,0
F100724,Trans Nzoia,F,65,4,0.3,20125,10.4,67,0.701,0.895,0.708,1,0.628,0
F100725,Kakamega,M,46,4,3.79,10162,2.3,18,0.64,0.416,0.735,1,1.317,0
F100726,Trans Nzoia,M,41,4,1.39,10521,2.9,108,0.785,0.766,0.692,1,0.847,0
F100727,Kakamega,F,26,3,1.41,3208,26.2,22,0.89,0.737,0.649,1,0.561,0
F100728,Busia,F,67,4,0.48,10108,4.0,87,0.849,0.684,0.615,1,1.797,0
F100729,Vihiga,M,63,5,0.07,15901,9.0,158,0.549,0.776,0.766,1,0.73,1
F100730,Trans Nzoia,F,65,8,0.74,24373,6.5,35,0.82,0.744,0.921,1,1.16,0
F100731,Busia,F,37,8,0.63,14559,3.2,38,0.625,0.528,0.447,1,0.735,0
F100732,Siaya,F,51,7,0.15,9397,2.4,170,0.865,0.508,0.505,1,0.894,1
F100733,Trans Nzoia,F,41,1,0.79,20861,4.7,56,0.911,0.897,0.863,1,0.825,0
F100734,Bungoma,F,31,3,1.05,7129,4.6,68,0.812,0.551,0.859,1,0.751,0
F100735,Trans Nzoia,F,30,7,1.47,7114,7.8,124,0.862,0.568,0.872,1,1.217,0
F100736,Trans Nzoia,F,39,5,0.09,14467,5.5,25,0.886,0.841,0.849,1,1.568,0
F100737,Busia,F,47,3,0.32,20938,2.6,13,0.73,0.959,0.746,1,1.001,0
F100738,Trans Nzoia,M,26,3,0.5,7674,5.5,152,0.433,0.342,0.397,0,0.556,1
F100739,Siaya,F,55,1,2.18,3336,2.1,170,0.74,0.397,0.926,1,0.739,1
F100740,Trans Nzoia,F,42,3,2.16,18920,0.6,177,0.911,0.739,0.883,1,0.791,0
F100741,Trans Nzoia,M,64,4,1.34,15920,4.3,7,0.584,0.792,0.752,1,1.025,0
F100742,Vihiga,F,33,4,0.77,18088,0.8,96,0.494,0.899,0.878,1,0.896,0
F100743,Bungoma,M,22,5,2.28,11730,0.4,153,0.724,0.723,0.925,0,1.529,0
F100744,Trans Nzoia,F,35,3,1.22,5605,3.7,152,0.829,0.73,0.966,1,0.976,0
F100745,Busia,M,68,2,2.19,10293,4.3,66,0.811,0.378,0.904,1,1.202,0
F100746,Vihiga,F,36,8,1.39,13334,0.8,89,0.747,0.526,0.861,1,0.957,0
F100747,Bungoma,F,55,4,0.18,12532,4.3,29,0.684,0.875,0.775,0,0.99,0
F100748,Bungoma,F,62,3,0.07,22559,4.6,27,0.956,0.645,0.855,1,0.91,0
F100749,Kakamega,F,34,6,0.71,7919,1.8,69,0.333,0.637,0.794,0,0.999,1
F100750,Siaya,F,52,5,1.87,9860,6.4,43,0.636,0.859,0.569,1,0.876,0
F100751,Kakamega,M,30,5,0.62,7035,0.3,175,0.862,0.844,0.918,1,1.009,0
F100752,Kakamega,M,38,2,2.59,15555,4.5,17,0.854,0.597,0.653,1,0.861,0
F100753,Siaya,F,34,6,1.75,20712,0.3,96,0.572,0.616,0.78,1,1.567,0
F100754,Vihiga,M,53,2,2.43,22429,0.6,101,0.903,0.758,0.481,1,1.098,0
F100755,Busia,M,63,7,0.73,8010,1.2,13,0.686,0.839,0.641,1,1.145,0
F100756,Trans Nzoia,M,32,4,0.42,12455,7.3,81,0.621,0.635,0.699,1,0.958,0
F100757,Busia,M,34,4,0.36,19213,0.4,169,0.798,0.805,0.527,0,0.631,1
F100758,Kakamega,M,61,4,1.48,4008,4.7,22,0.751,0.592,0.869,1,0.663,0
F100759,Trans Nzoia,F,43,4,0.19,18649,3.3,28,0.779,0.781,0.603,1,0.956,0
F100760,Bungoma,M,45,6,0.21,5956,0.2,32,0.8,0.626,0.595,0,0.948,0
F100761,Vihiga,M,55,4,0.59,3734,1.2,12,0.693,0.493,0.7,0,1.098,0
F100762,Siaya,F,26,2,1.19,5487,7.0,159,0.924,0.826,0.683,1,1.046,0
F100763,Siaya,F,63,5,0.5,22383,1.7,11,0.638,0.573,0.499,1,0.882,0
F100764,Busia,F,38,3,2.16,17979,6.4,52,0.701,0.874,0.783,0,1.663,0
F100765,Trans Nzoia,M,52,1,2.46,20365,0.9,149,0.406,0.309,0.933,1,1.087,1
F100766,Vihiga,F,41,7,0.03,18182,5.0,179,0.869,0.691,0.894,1,0.89,0
F100767,Busia,M,57,3,1.41,20513,1.3,30,0.422,0.738,0.824,1,0.906,0
F100768,Kakamega,M,50,5,0.63,13924,0.8,66,0.692,0.662,0.674,1,1.18,0
F100769,Busia,M,28,2,1.93,20802,2.0,34,0.594,0.722,0.641,1,0.944,0
F100770,Vihiga,F,29,3,1.44,4245,3.5,37,0.899,0.758,0.921,1,1.238,0
F100771,Siaya,M,63,4,1.14,15816,0.3,170,0.584,0.545,0.814,1,0.978,1
F100772,Kakamega,M,45,2,0.9,19611,1.4,62,0.81,0.749,0.932,1,0.904,0
F100773,Trans Nzoia,F,33,8,0.21,24854,1.3,111,0.729,0.799,0.802,1,0.641,0
F100774,Siaya,M,27,3,4.2,10899,1.1,30,0.83,0.866,0.905,0,1.26,0
F100775,Siaya,F,26,5,0.31,6941,2.1,53,0.584,0.774,0.486,1,0.728,0
F100776,Busia,M,65,5,3.09,18844,0.2,66,0.779,0.636,0.695,1,1.188,0
F100777,Kakamega,F,68,4,1.65,4591,8.6,106,0.611,0.763,0.594,1,0.851,1
F100778,Bungoma,F,39,5,0.65,20085,4.6,162,0.498,0.895,0.84,1,1.215,0
F100779,Siaya,F,30,5,0.57,18491,0.3,46,0.797,0.568,0.92,0,1.321,0
F100780,Siaya,F,40,1,0.2,18203,0.7,117,0.83,0.769,0.684,1,0.812,0
F100781,Vihiga,F,26,6,1.03,9466,1.2,90,0.72,0.593,0.715,1,0.79,0
F100782,Kakamega,M,47,1,0.19,5644,1.7,143,0.678,0.606,0.6,1,1.555,0
F100783,Kakamega,F,51,4,2.25,16381,19.6,62,0.719,0.712,0.873,1,1.115,0
F100784,Busia,F,69,3,1.23,10981,4.6,77,0.634,0.53,0.922,1,1.181,0
F100785,Vihiga,M,35,4,0.98,11617,0.6,113,0.886,0.979,0.634,1,0.662,0
F100786,Kakamega,M,29,1,1.08,7130,1.7,81,0.733,0.77,0.378,0,0.745,1
F100787,Trans Nzoia,F,26,6,1.27,10337,1.8,137,0.624,0.694,0.597,1,1.053,0
F100788,Vihiga,M,38,4,0.76,21303,6.3,5,0.403,0.66,0.927,1,0.905,0
F100789,Kakamega,F,50,1,0.84,22651,1.9,64,0.663,0.856,0.55,0,0.749,1
F100790,Kakamega,M,23,1,3.32,10677,2.7,33,0.833,0.607,0.649,1,1.07,0
F100791,Busia,F,57,5,2.09,6124,8.4,28,0.656,0.666,0.852,1,0.573,0
F100792,Trans Nzoia,M,43,6,1.6,3745,1.3,12,0.538,0.638,0.837,1,1.076,0
F100793,Trans Nzoia,M,59,5,0.65,7157,7.2,65,0.827,0.355,0.745,1,0.775,1
F100794,Busia,M,43,6,0.12,3214,2.3,41,0.644,0.701,0.466,0,1.177,0
F100795,Bungoma,F,27,7,1.47,17692,1.2,137,0.964,0.719,0.918,1,1.025,0
F100796,Siaya,M,21,7,1.08,17139,2.4,91,0.851,0.744,0.763,1,1.132,0
F100797,Busia,F,47,8,0.83,20217,3.6,142,0.829,0.692,0.78,1,1.335,0
F100798,Bungoma,M,46,8,0.94,10314,3.4,159,0.746,0.292,0.549,1,0.833,1
F100799,Busia,M,60,7,0.33,21308,2.7,142,0.469,0.431,0.885,1,0.755,1
F100800,Kakamega,M,63,4,0.44,6732,0.7,77,0.916,0.756,0.634,1,1.3,0
F100801,Bungoma,F,28,5,2.1,8085,9.7,175,0.578,0.641,0.827,0,1.423,1
F100802,Vihiga,F,35,5,0.08,23151,1.5,71,0.516,0.787,0.74,0,1.32,0
F100803,Siaya,F,30,2,1.89,22406,3.9,148,0.768,0.824,0.929,1,0.417,0
F100804,Trans Nzoia,F,25,6,2.67,16173,3.4,33,0.822,0.757,0.578,1,1.151,0
F100805,Trans Nzoia,F,20,5,1.44,16410,1.5,174,0.45,0.33,0.956,0,0.766,1
F100806,Vihiga,F,24,5,1.39,18414,8.9,56,0.901,0.928,0.707,1,1.224,0
F100807,Kakamega,M,46,7,0.43,21110,0.4,113,0.8,0.637,0.655,0,0.937,1
F100808,Busia,F,27,6,0.5,8088,2.2,65,0.736,0.963,0.47,1,0.916,0
F100809,Siaya,F,29,8,0.7,4507,8.6,43,0.658,0.391,0.826,1,0.902,0
F100810,Kakamega,F,25,8,0.26,7070,0.2,61,0.684,0.62,0.961,1,0.85,0
F100811,Siaya,M,56,7,0.46,10851,8.3,110,0.524,0.768,0.967,1,0.68,0
F100812,Trans Nzoia,M,51,3,1.07,8184,2.0,22,0.611,0.646,0.925,1,0.904,0
F100813,Bungoma,F,68,2,0.67,14547,2.5,38,0.706,0.806,0.757,0,1.033,0
F100814,Trans Nzoia,F,25,3,1.15,6038,3.0,165,0.521,0.913,0.532,1,1.374,0
F100815,Siaya,F,30,6,2.09,15693,0.2,18,0.546,0.849,0.469,1,1.128,0
F100816,Kakamega,F,42,7,1.14,18630,1.7,130,0.646,0.335,0.751,1,0.928,1
F100817,Kakamega,F,52,8,1.4,5179,0.9,56,0.675,0.345,0.819,0,0.909,0
F100818,Vihiga,F,26,6,0.19,9316,9.0,59,0.901,0.471,0.894,0,0.253,0
F100819,Siaya,M,30,6,2.06,14850,4.3,67,0.692,0.828,0.837,1,0.902,0
F100820,Kakamega,F,41,8,0.18,4457,1.5,70,0.478,0.801,0.804,1,1.034,0
F100821,Vihiga,M,20,6,0.63,17640,1.6,128,0.932,0.464,0.959,1,0.847,0
F100822,Kakamega,F,39,2,0.35,19578,0.4,145,0.846,0.439,0.835,1,0.868,0
F100823,Vihiga,M,57,5,0.12,10955,0.6,67,0.715,0.785,0.501,1,0.38,0
F100824,Vihiga,M,46,3,1.1,3199,7.1,33,0.589,0.506,0.961,1,0.652,1
F100825,Kakamega,M,41,6,1.49,14016,0.1,3,0.785,0.685,0.82,1,0.725,0
F100826,Trans Nzoia,F,44,6,2.71,22117,1.6,131,0.722,0.811,0.424,1,0.819,1
F100827,Siaya,F,67,3,1.22,9436,8.6,165,0.652,0.918,0.853,1,0.24,1
F100828,Siaya,M,46,3,0.46,21684,7.0,9,0.572,0.345,0.717,1,0.953,0
F100829,Kakamega,M,46,1,0.65,22151,2.6,107,0.923,0.413,0.381,0,0.977,1
F100830,Bungoma,F,66,3,0.14,9177,10.8,41,0.393,0.753,0.59,1,1.103,0
F100831,Bungoma,F,27,7,0.71,16182,9.9,40,0.412,0.194,0.99,1,0.893,1
F100832,Busia,F,24,6,0.97,3927,8.2,149,0.586,0.698,0.894,0,1.206,1
F100833,Kakamega,M,42,8,1.45,15128,2.5,47,0.677,0.787,0.713,1,1.446,0
F100834,Siaya,M,35,8,1.74,22349,0.1,56,0.703,0.948,0.755,1,0.648,0
F100835,Trans Nzoia,M,30,7,1.41,23775,7.4,24,0.657,0.559,0.448,1,0.688,1
F100836,Trans Nzoia,M,25,2,0.42,7391,0.7,163,0.563,0.861,0.511,1,1.084,1
F100837,Bungoma,F,63,3,0.31,17628,0.9,163,0.62,0.768,0.461,1,1.147,1
F100838,Kakamega,F,50,1,1.65,4452,4.0,164,0.725,0.529,0.542,1,0.695,1
F100839,Siaya,F,54,1,0.11,9156,3.5,43,0.513,0.641,0.883,1,1.422,0
F100840,Bungoma,M,25,2,3.63,21375,9.2,36,0.83,0.931,0.775,1,0.764,0
F100841,Vihiga,F,37,3,0.5,17118,1.6,169,0.867,0.699,0.698,1,0.939,0
F100842,Siaya,F,51,1,2.27,11625,12.7,111,0.686,0.713,0.828,1,1.167,0
F100843,Kakamega,F,46,7,0.59,24155,0.7,49,0.763,0.771,0.789,1,1.359,0
F100844,Kakamega,F,54,5,1.52,19688,1.9,11,0.416,0.521,0.471,1,0.751,1
F100845,Kakamega,F,53,6,0.32,3518,0.9,144,0.501,0.705,0.42,0,1.185,1
F100846,Kakamega,F,40,6,1.01,4758,8.5,144,0.766,0.683,0.698,1,0.973,0
F100847,Kakamega,F,59,8,0.16,16785,2.7,4,0.759,0.575,0.86,0,0.633,0
F100848,Trans Nzoia,M,32,2,1.27,22288,1.9,87,0.887,0.433,0.816,1,0.847,0
F100849,Vihiga,F,24,3,0.31,6450,9.5,88,0.902,0.571,0.873,1,0.699,0
F100850,Siaya,F,65,3,0.37,14842,0.8,85,0.388,0.59,0.666,1,1.171,0
F100851,Trans Nzoia,F,21,5,0.68,20962,0.9,68,0.701,0.741,0.796,1,0.644,0
F100852,Siaya,M,34,5,0.81,21971,1.8,61,0.541,0.753,0.857,1,1.109,0
F100853,Bungoma,F,25,7,1.45,17095,4.3,62,0.265,0.699,0.939,1,0.996,0
F100854,Bungoma,M,31,5,1.34,24998,0.1,165,0.766,0.782,0.823,0,1.083,1
F100855,Siaya,M,39,2,1.1,23613,0.7,178,0.662,0.703,0.94,1,0.999,0
F100856,Bungoma,M,26,5,1.88,21349,6.7,22,0.916,0.619,0.83,0,0.779,0
F100857,Kakamega,F,43,8,1.32,17730,3.4,130,0.989,0.517,0.539,1,1.094,0
F100858,Trans Nzoia,M,66,5,1.39,24678,0.8,104,0.835,0.82,0.695,1,1.031,0
F100859,Trans Nzoia,F,26,5,0.36,3378,5.0,48,0.741,0.763,0.977,1,0.87,0
F100860,Siaya,F,66,2,1.99,4968,0.5,35,0.513,0.775,0.917,1,1.639,0
F100861,Siaya,F,40,1,1.82,14227,4.6,136,0.927,0.536,0.845,1,0.703,0
F100862,Kakamega,F,49,2,1.14,17762,1.8,67,0.621,0.846,0.772,1,1.125,0
F100863,Trans Nzoia,F,42,1,1.77,22880,9.8,25,0.519,0.71,0.739,1,1.147,0
F100864,Siaya,F,35,4,0.95,17925,1.2,174,0.927,0.796,0.817,1,0.927,0
F100865,Trans Nzoia,F,25,8,2.81,8110,1.9,166,0.883,0.366,0.885,1,1.061,0
F100866,Trans Nzoia,F,49,4,1.06,22989,2.0,77,0.802,0.606,0.907,1,1.11,0
F100867,Siaya,F,65,6,0.93,4823,0.4,78,0.784,0.676,0.818,0,0.98,0
F100868,Busia,M,46,7,1.32,5088,0.9,77,0.823,0.873,0.57,1,0.859,0
F100869,Kakamega,F,49,7,3.21,18837,2.1,36,0.562,0.772,0.562,0,0.979,0
F100870,Busia,M,52,6,0.61,24193,0.9,21,0.698,0.691,0.819,1,0.847,0
F100871,Bungoma,F,39,7,1.26,14055,1.6,51,0.551,0.513,0.888,1,1.342,0
F100872,Kakamega,F,26,3,0.65,5965,10.2,71,0.957,0.384,0.711,0,1.218,0
F100873,Kakamega,F,45,4,0.93,4047,2.7,30,0.837,0.949,0.895,1,1.018,0
F100874,Trans Nzoia,F,63,4,0.46,24550,1.9,9,0.637,0.474,0.944,1,0.813,0
F100875,Vihiga,F,35,7,1.36,9158,2.2,167,0.833,0.73,0.75,1,0.92,0
F100876,Vihiga,F,63,4,0.99,17065,0.1,158,0.898,0.777,0.648,0,0.851,1
F100877,Trans Nzoia,F,62,8,1.74,10188,4.3,57,0.628,0.746,0.652,1,0.974,0
F100878,Vihiga,F,32,2,2.1,7719,0.8,111,0.722,0.224,0.721,1,0.597,1
F100879,Vihiga,F,48,2,2.32,17692,16.0,28,0.83,0.822,0.914,1,0.859,0
F100880,Kakamega,F,57,6,0.67,19260,0.1,167,0.707,0.458,0.771,1,0.724,1
F100881,Siaya,F,44,7,1.32,13375,6.1,146,0.888,0.913,0.932,1,0.823,0
F100882,Busia,F,54,6,2.43,14163,10.3,34,0.657,0.591,0.915,1,1.456,0
F100883,Kakamega,F,65,3,0.46,13718,0.2,40,0.963,0.848,0.866,0,0.918,0
F100884,Trans Nzoia,F,51,1,1.08,16009,11.2,61,0.741,0.85,0.701,0,1.047,0
F100885,Trans Nzoia,F,61,3,0.48,20745,0.9,19,0.953,0.559,0.919,1,0.943,0
F100886,Kakamega,F,60,4,3.18,18641,1.4,64,0.929,0.549,0.555,1,1.156,0
F100887,Bungoma,M,60,4,2.41,9125,8.2,121,0.986,0.925,0.931,0,0.901,0
F100888,Kakamega,F,62,8,1.5,8434,1.1,131,0.812,0.804,0.85,1,0.862,0
F100889,Bungoma,F,31,7,1.48,17796,8.2,4,0.827,0.727,0.815,1,0.828,0
F100890,Kakamega,F,20,7,0.53,17196,0.7,65,0.952,0.486,0.945,1,0.814,0
F100891,Trans Nzoia,M,27,1,2.61,11086,4.4,150,0.34,0.781,0.865,1,1.375,0
F100892,Vihiga,F,32,2,0.78,21449,3.0,157,0.679,0.864,0.764,1,1.095,0
F100893,Siaya,F,54,4,0.58,12204,9.3,102,0.657,0.751,0.833,1,0.846,0
F100894,Trans Nzoia,M,45,5,2.18,10389,3.2,133,0.795,0.837,0.562,1,1.21,0
F100895,Vihiga,F,43,6,0.72,15229,7.3,46,0.615,0.772,0.535,0,1.287,0
F100896,Vihiga,M,20,3,0.6,7240,0.8,156,0.76,0.931,0.894,1,0.821,0
F100897,Kakamega,F,54,1,1.82,18304,0.9,86,0.42,0.625,0.695,0,0.927,1
F100898,Kakamega,M,38,3,0.34,22734,3.2,125,0.38,0.518,0.655,1,1.002,1
F100899,Vihiga,F,58,7,1.51,23794,24.9,49,0.898,0.679,0.903,1,0.807,0
F100900,Kakamega,F,25,8,1.09,12827,1.6,33,0.776,0.768,0.891,1,0.876,0
F100901,Kakamega,M,34,8,1.71,8918,4.5,97,0.563,0.662,0.899,1,0.876,0
F100902,Bungoma,F,22,5,1.39,13539,0.3,95,0.885,0.399,0.536,0,0.963,1
F100903,Siaya,M,34,1,4.57,5282,0.0,104,0.888,0.57,0.93,1,1.765,0
F100904,Busia,F,66,8,1.17,17691,11.4,146,0.669,0.798,0.918,1,0.774,0
F100905,Trans Nzoia,M,44,2,0.71,12433,0.6,139,0.8,0.888,0.854,1,0.632,0
F100906,Busia,M,41,3,1.0,5681,9.5,56,0.406,0.659,0.738,1,1.245,0
F100907,Bungoma,F,33,8,1.38,15027,5.9,85,0.803,0.892,0.974,1,1.046,0
F100908,Busia,M,33,5,3.06,18809,2.0,18,0.677,0.791,0.709,0,0.923,0
F100909,Kakamega,F,53,2,1.58,8016,10.3,142,0.866,0.838,0.647,1,1.216,0
F100910,Trans Nzoia,M,69,5,0.5,11906,7.4,26,0.586,0.653,0.659,1,0.694,0
F100911,Bungoma,F,57,1,8.89,22590,0.2,15,0.593,0.638,0.924,1,1.079,0
F100912,Busia,F,56,3,2.04,18617,1.9,95,0.526,0.671,0.915,1,0.953,0
F100913,Siaya,M,43,8,0.48,20574,1.6,166,0.812,0.798,0.778,0,1.009,1
F100914,Vihiga,F,24,3,0.37,12891,0.8,69,0.623,0.451,0.611,1,1.013,0
F100915,Busia,F,56,8,0.3,13860,0.2,35,0.612,0.573,0.794,0,1.596,0
F100916,Vihiga,F,60,5,0.96,13933,5.7,35,0.543,0.668,0.903,1,0.874,1
F100917,Trans Nzoia,M,45,6,0.99,12901,7.6,151,0.918,0.676,0.741,1,0.789,0
F100918,Bungoma,F,24,6,0.57,6173,0.8,119,0.668,0.762,0.931,1,1.134,0
F100919,Vihiga,M,55,5,0.26,3896,2.1,90,0.78,0.697,0.816,1,1.255,0
F100920,Siaya,M,66,1,0.37,21310,10.8,167,0.573,0.762,0.952,1,0.662,1
F100921,Vihiga,F,31,8,1.6,14811,3.6,21,0.729,0.907,0.805,0,1.098,0
F100922,Busia,F,27,4,0.79,14716,0.6,112,0.569,0.493,0.86,1,0.708,1
F100923,Kakamega,M,56,6,0.42,16106,4.3,66,0.825,0.749,0.976,1,0.661,0
F100924,Bungoma,F,36,5,1.08,12074,0.4,44,0.816,0.746,0.773,1,0.945,0
F100925,Siaya,F,55,6,1.25,22615,4.0,165,0.601,0.485,0.528,1,0.834,1
F100926,Vihiga,M,55,3,1.35,13339,1.1,172,0.743,0.785,0.879,1,0.678,0
F100927,Bungoma,F,33,7,1.05,14024,0.4,150,0.509,0.665,0.737,1,0.787,1
F100928,Busia,F,22,2,0.93,14689,2.7,29,0.807,0.708,0.701,1,0.87,0
F100929,Vihiga,M,47,6,2.31,6462,3.5,130,0.25,0.843,0.504,1,1.155,1
F100930,Vihiga,F,40,5,0.39,6814,0.4,66,0.894,0.741,0.799,1,0.755,0
F100931,Trans Nzoia,F,62,5,0.84,6961,2.7,70,0.643,0.854,0.887,1,1.018,0
F100932,Bungoma,F,37,1,0.14,8589,2.1,37,0.938,0.401,0.519,1,0.539,0
F100933,Vihiga,M,32,4,0.75,6517,1.7,107,0.885,0.601,0.717,1,0.945,0
F100934,Busia,M,63,1,1.14,7930,6.6,154,0.86,0.292,0.844,1,1.184,1
F100935,Siaya,F,56,5,1.8,23647,2.6,44,0.821,0.796,0.528,1,0.88,0
F100936,Kakamega,F,50,6,0.14,10934,1.7,98,0.631,0.86,0.81,1,1.134,0
F100937,Kakamega,F,67,5,1.12,20454,0.4,117,0.889,0.796,0.643,1,0.521,0
F100938,Busia,F,59,7,3.37,11651,0.2,114,0.743,0.764,0.921,1,0.721,0
F100939,Vihiga,F,63,3,1.43,21144,5.2,49,0.57,0.845,0.622,0,1.14,0
F100940,Trans Nzoia,M,59,3,0.32,19568,1.6,8,0.648,0.732,0.757,1,1.158,0
F100941,Busia,F,40,4,0.75,21489,6.6,149,0.815,0.622,0.853,0,1.467,1
F100942,Siaya,M,23,2,1.46,9344,0.1,108,0.648,0.698,0.593,0,1.176,1
F100943,Busia,F,50,7,0.59,5103,11.1,127,0.805,0.671,0.918,1,1.29,0
F100944,Kakamega,F,58,7,1.22,9778,2.3,97,0.695,0.669,0.631,1,0.76,0
F100945,Kakamega,F,69,4,1.16,18447,1.9,71,0.965,0.407,0.911,1,0.999,0
F100946,Siaya,F,54,7,0.95,17393,4.1,47,0.987,0.367,0.729,1,0.655,0
F100947,Kakamega,M,48,1,0.29,18495,2.4,119,0.694,0.452,0.792,1,1.271,0
F100948,Siaya,M,48,2,0.53,24855,33.5,150,0.668,0.719,0.767,1,0.927,1
F100949,Bungoma,M,25,3,3.6,7946,2.7,60,0.989,0.528,0.845,1,1.121,0
F100950,Kakamega,F,20,4,0.71,12771,5.4,7,0.839,0.872,0.615,0,0.426,0
F100951,Bungoma,M,22,2,0.78,13794,1.7,30,0.687,0.701,0.482,1,0.37,0
F100952,Vihiga,F,65,5,0.78,6283,5.2,105,0.602,0.618,0.463,1,1.441,0
F100953,Busia,M,59,7,1.77,17573,4.9,44,0.751,0.392,0.951,1,1.864,0
F100954,Trans Nzoia,F,33,4,0.82,4076,5.7,147,0.405,0.852,0.976,1,1.088,0
F100955,Vihiga,F,41,4,0.96,22741,2.9,51,0.758,0.896,0.883,1,1.387,0
F100956,Busia,F,44,1,1.12,4944,1.4,90,0.769,0.658,0.589,1,0.816,0
F100957,Vihiga,F,32,3,1.92,5429,0.4,43,0.839,0.916,0.848,1,0.606,0
F100958,Siaya,F,41,7,0.97,6818,10.4,83,0.802,0.755,0.757,1,1.413,0
F100959,Busia,M,37,7,1.05,22628,1.7,123,0.764,0.966,0.751,1,0.966,0
F100960,Kakamega,M,54,1,0.61,21952,0.9,143,0.595,0.336,0.696,1,0.947,1
F100961,Busia,M,57,1,1.24,23293,0.6,133,0.435,0.921,0.852,1,1.416,0
F100962,Siaya,F,24,7,1.51,21331,1.7,92,0.842,0.687,0.806,1,0.914,0
F100963,Bungoma,F,43,2,1.59,23319,0.5,83,0.402,0.839,0.789,1,0.705,0
F100964,Siaya,F,69,5,3.24,13371,0.7,60,0.498,0.837,0.701,1,0.653,0
F100965,Vihiga,F,63,7,0.5,3106,4.0,177,0.931,0.696,0.825,1,0.999,0
F100966,Vihiga,F,59,7,1.0,12637,1.1,132,0.688,0.827,0.706,1,1.218,0
F100967,Bungoma,F,56,5,0.82,7861,16.5,160,0.765,0.771,0.798,1,0.928,1
F100968,Siaya,F,20,4,2.85,8384,3.9,133,0.537,0.622,0.822,1,0.972,0
F100969,Kakamega,F,68,7,1.63,18207,4.4,18,0.931,0.833,0.8,1,0.806,0
F100970,Bungoma,F,56,6,0.21,6670,1.4,49,0.952,0.67,0.864,1,0.871,0
F100971,Busia,M,64,7,0.57,10078,0.9,84,0.887,0.781,0.487,1,1.393,1
F100972,Busia,F,65,5,0.74,11638,3.8,58,0.86,0.898,0.467,1,0.966,0
F100973,Busia,M,32,8,0.24,4343,7.9,163,0.796,0.966,0.81,1,0.806,0
F100974,Kakamega,F,20,7,1.06,18428,5.6,90,0.592,0.68,0.512,0,1.411,1
F100975,Bungoma,M,52,1,0.64,19784,2.1,41,0.639,0.504,0.895,1,0.929,0
F100976,Kakamega,M,42,3,3.33,15286,2.3,108,0.775,0.713,0.737,1,0.956,0
F100977,Vihiga,M,21,7,1.23,3629,0.4,69,0.865,0.908,0.928,1,0.935,0
F100978,Busia,M,33,1,0.72,20315,5.4,25,0.543,0.404,0.955,1,0.592,0
F100979,Vihiga,M,69,6,0.41,12812,2.8,170,0.545,0.532,0.632,1,0.893,1
F100980,Vihiga,F,38,3,0.93,8859,7.7,170,0.696,0.543,0.703,0,1.05,1
F100981,Trans Nzoia,F,33,2,2.69,23846,1.1,140,0.638,0.935,0.846,1,0.891,0
F100982,Vihiga,F,52,5,0.83,21906,4.2,58,0.966,0.682,0.588,1,1.243,0
F100983,Vihiga,F,53,8,0.94,12685,12.0,150,0.764,0.734,0.935,1,0.747,0
F100984,Vihiga,F,36,8,2.1,12751,0.1,54,0.679,0.304,0.807,1,1.068,0
F100985,Vihiga,F,62,4,1.21,23061,2.6,158,0.69,0.538,0.79,1,0.867,1
F100986,Vihiga,F,49,1,1.75,7205,0.6,159,0.719,0.937,0.759,1,1.231,0
F100987,Bungoma,F,28,8,1.3,11998,6.2,33,0.555,0.699,0.638,1,1.379,0
F100988,Bungoma,F,36,8,1.24,15548,0.8,58,0.695,0.599,0.692,1,1.302,0
F100989,Trans Nzoia,F,62,5,0.2,10627,4.9,126,0.9,0.751,0.805,1,1.015,0
F100990,Busia,M,24,6,0.36,9943,4.9,44,0.729,0.667,0.846,1,0.988,0
F100991,Vihiga,M,20,5,1.11,5362,6.4,145,0.859,0.743,0.712,1,0.971,0
F100992,Bungoma,F,52,1,0.45,8868,3.0,123,0.427,0.588,0.51,1,0.727,1
F100993,Busia,F,42,2,0.93,10877,0.1,43,0.971,0.652,0.662,0,1.221,0
F100994,Vihiga,F,32,2,0.33,21424,0.1,140,0.539,0.624,0.768,1,0.465,1
F100995,Vihiga,F,43,8,2.11,10413,8.6,10,0.588,0.955,0.563,1,0.897,0
F100996,Vihiga,M,29,1,0.5,6545,9.2,70,0.597,0.834,0.644,1,1.4,0
F100997,Busia,F,38,5,0.41,21624,7.8,34,0.796,0.051,0.905,0,0.588,1
F100998,Siaya,M,31,3,0.26,10739,3.5,3,0.743,0.904,0.881,1,1.116,0
F100999,Vihiga,F,49,1,1.57,23238,6.8,134,0.498,0.674,0.854,1,1.186,1
F101000,Trans Nzoia,M,53,8,0.93,5398,0.8,30,0.951,0.502,0.792,1,0.853,0
F101001,Trans Nzoia,F,65,1,2.06,3482,1.1,125,0.865,0.476,0.906,1,0.734,0
F101002,Vihiga,F,23,7,0.62,23277,1.7,16,0.355,0.683,0.756,1,0.575,0
F101003,Siaya,M,36,7,0.35,5161,5.3,160,0.889,0.838,0.653,1,0.877,0
F101004,Kakamega,F,33,7,0.9,3188,2.9,176,0.756,0.669,0.88,1,0.798,0
F101005,Siaya,M,48,2,2.35,17151,6.0,59,0.699,0.526,0.706,1,0.633,0
F101006,Siaya,F,46,8,0.19,9979,1.9,89,0.642,0.502,0.629,1,1.243,0
F101007,Vihiga,F,63,5,1.19,13664,5.9,113,0.689,0.357,0.825,1,0.778,1
F101008,Trans Nzoia,F,65,4,1.28,11984,4.8,107,0.99,0.791,0.913,0,1.108,0
F101009,Vihiga,M,58,6,2.61,9531,8.9,7,0.79,0.497,0.671,1,0.778,0
F101010,Bungoma,F,29,3,0.47,13585,1.9,176,0.726,0.335,0.799,0,1.128,1
F101011,Trans Nzoia,M,22,3,0.18,8717,4.5,168,0.632,0.533,0.867,1,1.046,1
F101012,Bungoma,M,64,3,0.67,7943,9.2,89,0.812,0.388,0.915,0,1.254,0
F101013,Bungoma,M,67,5,1.73,7942,7.4,101,0.838,0.799,0.788,1,0.595,0
F101014,Vihiga,F,32,5,0.98,5606,0.3,33,0.982,0.445,0.869,0,0.803,0
F101015,Siaya,M,22,2,1.38,14559,7.1,135,0.594,0.527,0.735,1,1.225,1
F101016,Busia,M,54,2,0.37,15067,8.9,94,0.4,0.826,0.694,0,0.832,1
F101017,Busia,F,49,8,0.79,3384,1.6,53,0.582,0.647,0.875,1,0.897,0
F101018,Kakamega,F,64,5,1.01,13109,3.0,57,0.661,0.499,0.87,0,1.131,0
F101019,Kakamega,F,48,7,0.22,19255,1.8,17,0.693,0.696,0.958,1,0.92,0
F101020,Kakamega,F,58,3,1.0,3028,5.3,142,0.715,0.518,0.855,1,1.022,0
F101021,Kakamega,M,59,3,0.73,9608,10.6,14,0.947,0.842,0.84,1,0.964,0
F101022,Siaya,F,20,3,5.18,24141,2.1,102,0.901,0.614,0.821,1,0.91,0
F101023,Siaya,F,27,5,0.95,12390,3.1,147,0.907,0.558,0.803,1,0.65,0
F101024,Trans Nzoia,F,59,7,2.71,3364,0.6,12,0.781,0.541,0.805,1,0.878,0
F101025,Kakamega,F,28,5,1.37,14595,2.5,29,0.497,0.824,0.88,0,1.13,0
F101026,Kakamega,F,30,3,0.86,12037,1.4,137,0.476,0.641,0.882,1,0.915,1
F101027,Bungoma,M,57,8,2.44,7649,2.4,148,0.86,0.491,0.884,1,1.118,0
F101028,Vihiga,F,30,5,0.32,4615,5.3,17,0.66,0.653,0.505,1,0.913,0
F101029,Busia,F,27,4,0.66,22441,6.4,49,0.612,0.367,0.685,1,1.116,0
F101030,Busia,M,20,1,1.8,20882,0.4,110,0.76,0.667,0.746,1,0.84,0
F101031,Bungoma,F,43,5,0.08,18006,8.0,98,0.536,0.861,0.775,1,0.703,0
F101032,Trans Nzoia,F,51,5,0.92,3388,0.5,94,0.414,0.709,0.639,0,1.211,1
F101033,Bungoma,F,56,8,0.92,22146,3.9,49,0.9,0.535,0.781,1,0.72,0
F101034,Kakamega,M,65,2,1.16,13412,6.7,98,0.867,0.863,0.67,0,0.821,0
F101035,Trans Nzoia,M,52,2,0.79,13459,3.4,11,0.52,0.939,0.64,1,0.997,0
F101036,Siaya,F,57,8,1.75,22309,7.6,157,0.83,0.818,0.444,1,0.544,1
F101037,Kakamega,F,30,5,0.49,12514,1.4,98,0.902,0.681,0.841,1,0.851,0
F101038,Busia,F,37,1,1.93,8196,7.4,68,0.469,0.886,0.871,1,0.83,0
F101039,Trans Nzoia,M,35,1,0.36,8217,2.4,67,0.927,0.583,0.923,1,0.927,0
F101040,Trans Nzoia,F,23,4,1.23,23391,3.8,68,0.857,0.759,0.9,1,0.935,0
F101041,Siaya,M,68,5,2.25,14986,7.4,80,0.48,0.641,0.689,1,0.876,1
F101042,Busia,M,32,2,0.45,15735,1.5,37,0.681,0.942,0.777,1,0.951,0
F101043,Busia,F,42,3,0.56,16049,5.2,109,0.627,0.768,0.782,1,1.359,0
F101044,Trans Nzoia,M,37,6,1.97,7852,1.2,35,0.892,0.664,0.316,1,1.581,0
F101045,Kakamega,M,22,8,1.1,12238,3.3,58,0.629,0.539,0.84,0,1.12,0
F101046,Bungoma,F,65,4,0.18,23933,2.0,157,0.988,0.937,0.734,0,0.913,0
F101047,Vihiga,M,30,4,1.13,6198,1.5,102,0.898,0.767,0.607,1,0.768,0
F101048,Trans Nzoia,M,25,3,1.55,23928,10.5,162,0.771,0.739,0.846,1,0.81,1
F101049,Kakamega,F,37,2,2.03,9008,2.0,119,0.447,0.741,0.775,0,0.935,1
F101050,Vihiga,M,27,1,1.2,9505,1.4,141,0.801,0.838,0.726,1,1.277,0
F101051,Busia,F,69,7,1.4,3313,0.5,18,0.882,0.606,0.609,1,0.737,0
F101052,Vihiga,M,29,1,2.9,17600,8.4,92,0.59,0.723,0.702,1,1.083,0
F101053,Siaya,M,35,7,1.84,10021,4.3,64,0.99,0.869,0.603,1,0.863,0
F101054,Kakamega,F,33,2,0.77,13106,4.3,6,0.747,0.346,0.876,1,1.234,0
F101055,Siaya,F,21,6,0.85,15776,0.2,18,0.695,0.476,0.69,1,0.899,0
F101056,Busia,F,20,8,2.18,16952,0.5,36,0.69,0.817,0.374,1,0.803,0
F101057,Trans Nzoia,F,45,6,1.19,24025,7.7,4,0.53,0.643,0.761,1,0.82,0
F101058,Busia,F,31,6,1.06,15226,1.2,80,0.653,0.653,0.762,1,1.427,0
F101059,Bungoma,F,24,3,0.75,6913,0.6,12,0.68,0.496,0.754,1,0.981,0
F101060,Trans Nzoia,F,34,5,2.13,18477,0.5,148,0.747,0.745,0.758,1,1.265,0
F101061,Trans Nzoia,F,33,6,0.48,4220,2.7,107,0.736,0.571,0.822,1,1.079,0
F101062,Kakamega,F,41,4,0.66,21558,1.2,173,0.917,0.743,0.939,1,1.144,0
F101063,Trans Nzoia,M,69,1,2.12,9518,4.0,17,0.818,0.932,0.89,1,0.898,0
F101064,Trans Nzoia,F,35,8,2.1,18889,6.5,17,0.49,0.923,0.893,1,0.964,0
F101065,Busia,F,55,2,4.1,6449,9.7,156,0.693,0.858,0.955,1,0.727,0
F101066,Siaya,F,58,8,0.93,11947,2.4,72,0.784,0.663,0.746,1,0.74,0
F101067,Vihiga,F,22,8,0.76,18301,1.3,137,0.354,0.684,0.798,1,0.932,1
F101068,Busia,M,45,1,0.83,16669,3.2,36,0.686,0.285,0.868,1,0.906,0
F101069,Kakamega,F,42,6,0.2,3126,2.9,4,0.787,0.753,0.751,1,0.955,0
F101070,Trans Nzoia,F,45,6,0.1,3761,10.7,91,0.596,0.505,0.621,1,1.184,0
F101071,Bungoma,M,28,2,1.2,24579,6.4,104,0.896,0.877,0.781,1,1.455,0
F101072,Trans Nzoia,M,43,7,0.71,14634,0.9,22,0.446,0.598,0.61,1,0.743,0
F101073,Vihiga,M,26,1,0.51,21824,7.4,4,0.656,0.853,0.56,0,1.085,0
F101074,Busia,M,67,2,1.05,4599,1.1,40,0.837,0.781,0.904,1,0.843,0
F101075,Kakamega,M,49,8,1.22,13794,5.0,22,0.645,0.758,0.552,1,0.576,0
F101076,Trans Nzoia,F,21,6,0.88,15678,3.8,179,0.678,0.613,0.826,1,1.58,0
F101077,Kakamega,F,45,1,0.89,23260,4.0,177,0.706,0.488,0.859,1,0.972,1
F101078,Busia,F,66,2,0.71,18632,0.7,5,0.942,0.453,0.95,1,0.895,0
F101079,Siaya,F,57,3,1.63,16817,2.2,83,0.477,0.591,0.58,1,1.213,1
F101080,Siaya,F,33,1,0.62,9456,3.1,71,0.801,0.605,0.782,1,1.591,0
F101081,Siaya,F,64,2,0.41,24862,5.3,7,0.404,0.739,0.818,1,1.067,0
F101082,Siaya,M,29,5,0.68,10208,8.3,120,0.525,0.514,0.447,1,1.625,1
F101083,Vihiga,M,32,1,1.16,9122,0.2,153,0.841,0.759,0.701,0,0.987,1
F101084,Bungoma,M,27,3,1.7,18922,0.8,111,0.838,0.838,0.89,1,1.246,0
F101085,Siaya,F,66,3,3.28,24931,2.0,165,0.562,0.439,0.99,1,0.789,1
F101086,Trans Nzoia,F,55,8,1.05,21850,0.7,115,0.779,0.877,0.546,0,0.792,1
F101087,Siaya,F,45,8,2.74,6965,6.4,100,0.642,0.573,0.563,0,1.069,1
F101088,Vihiga,F,53,7,0.58,20938,8.7,170,0.692,0.951,0.887,1,1.324,0
F101089,Kakamega,M,32,3,0.49,10775,7.2,127,0.714,0.431,0.845,0,0.868,1
F101090,Vihiga,M,23,5,1.36,7883,0.8,138,0.727,0.626,0.945,1,1.227,0
F101091,Busia,M,62,5,1.51,23577,3.4,141,0.95,0.64,0.731,1,1.089,0
F101092,Siaya,M,68,7,1.13,23896,3.9,8,0.839,0.48,0.739,1,0.926,0
F101093,Busia,M,21,6,5.26,11151,2.3,133,0.405,0.634,0.779,1,1.177,1
F101094,Bungoma,F,22,8,0.61,3576,1.2,135,0.453,0.766,0.51,1,0.799,1
F101095,Kakamega,F,47,5,2.39,7616,3.9,90,0.76,0.653,0.974,1,1.254,0
F101096,Siaya,F,22,8,0.5,14906,1.4,102,0.713,0.55,0.759,1,0.94,0
F101097,Trans Nzoia,F,56,6,1.59,4308,0.4,150,0.436,0.495,0.377,0,1.18,1
F101098,Kakamega,F,67,6,1.02,7997,2.8,28,0.738,0.58,0.774,1,1.052,0
F101099,Busia,F,33,6,1.19,6277,7.4,96,0.772,0.666,0.411,0,1.022,1
F101100,Busia,M,34,3,1.37,23946,0.1,139,0.82,0.417,0.914,1,0.153,1
F101101,Busia,F,63,5,1.04,10814,6.5,48,0.587,0.799,0.753,1,0.858,0
F101102,Siaya,M,37,3,0.89,11361,2.8,49,0.796,0.672,0.641,1,0.751,0
F101103,Kakamega,M,32,6,0.16,12267,2.9,3,0.458,0.905,0.853,0,1.138,0
F101104,Bungoma,M,24,3,1.89,3286,7.2,58,0.411,0.553,0.879,0,0.942,1
F101105,Bungoma,M,61,7,0.31,14933,0.1,66,0.655,0.393,0.804,1,0.582,0
F101106,Bungoma,F,66,5,0.72,23074,0.3,171,0.919,0.824,0.671,1,1.141,0
F101107,Siaya,M,23,6,1.26,20898,1.1,17,0.675,0.815,0.507,1,0.959,0
F101108,Siaya,F,60,2,0.36,8515,5.3,117,0.916,0.302,0.954,1,0.985,0
F101109,Kakamega,M,27,7,0.89,3295,2.2,14,0.631,0.775,0.84,0,1.115,0
F101110,Vihiga,F,26,7,1.74,20014,7.6,144,0.501,0.4,0.406,1,1.063,1
F101111,Bungoma,F,39,2,0.71,21504,3.8,86,0.736,0.795,0.913,1,1.503,0
F101112,Bungoma,M,41,3,0.9,23278,5.4,78,0.345,0.833,0.942,1,1.228,0
F101113,Bungoma,M,62,6,0.44,15699,20.0,170,0.401,0.942,0.641,1,1.018,1
F101114,Bungoma,F,54,7,0.78,13417,2.0,135,0.793,0.499,0.966,0,1.083,0
F101115,Busia,M,27,6,0.31,19642,5.0,21,0.717,0.597,0.503,1,0.946,0
F101116,Siaya,F,49,4,1.15,18188,4.5,50,0.53,0.448,0.786,1,0.878,0
F101117,Vihiga,M,63,3,0.24,19653,6.4,51,0.502,0.705,0.788,1,1.221,0
F101118,Trans Nzoia,F,53,8,0.59,9256,10.6,110,0.693,0.717,0.495,1,1.404,0
F101119,Busia,F,31,7,1.02,22870,2.7,149,0.905,0.646,0.894,1,0.959,0
F101120,Kakamega,F,26,8,0.84,3817,4.1,115,0.646,0.908,0.555,1,1.136,0
F101121,Kakamega,F,42,3,1.31,5054,11.3,74,0.958,0.425,0.653,0,0.773,1
F101122,Bungoma,F,43,4,0.91,17404,4.4,135,0.951,0.379,0.638,1,1.162,0
F101123,Bungoma,F,37,2,0.16,15573,1.1,137,0.722,0.793,0.964,1,0.769,0
F101124,Siaya,F,25,8,0.36,15189,5.7,17,0.621,0.823,0.815,1,1.051,0
F101125,Siaya,F,25,7,0.99,22998,1.6,98,0.643,0.814,0.959,1,1.111,0
F101126,Siaya,F,46,2,2.07,22158,2.9,128,0.682,0.748,0.881,1,1.33,0
F101127,Vihiga,F,67,2,1.83,18822,1.6,109,0.369,0.718,0.712,1,0.486,1
F101128,Vihiga,M,49,5,5.17,6623,13.4,46,0.822,0.849,0.733,1,1.402,0
F101129,Vihiga,M,41,4,0.64,5124,9.8,31,0.553,0.675,0.911,1,1.304,0
F101130,Busia,F,66,4,1.7,6074,0.4,54,0.785,0.833,0.864,0,1.133,0
F101131,Trans Nzoia,M,54,3,1.62,16507,7.2,65,0.936,0.597,0.755,1,0.924,0
F101132,Trans Nzoia,F,55,6,2.81,18681,5.4,166,0.746,0.602,0.917,0,1.267,1
F101133,Trans Nzoia,F,48,8,2.31,20597,0.6,113,0.549,0.382,0.963,1,1.473,0
F101134,Vihiga,M,58,8,1.21,5268,0.8,150,0.829,0.947,0.649,1,0.934,0
F101135,Kakamega,M,45,4,1.51,9046,1.9,7,0.859,0.527,0.939,1,1.365,1
F101136,Trans Nzoia,M,51,7,1.31,10436,4.9,141,0.708,0.724,0.733,1,1.248,0
F101137,Busia,F,50,6,0.96,16914,4.8,36,0.891,0.88,0.693,1,1.314,0
F101138,Trans Nzoia,M,57,2,1.43,4024,0.3,103,0.92,0.527,0.882,1,1.197,0
F101139,Vihiga,F,64,7,1.12,21489,2.8,71,0.563,0.911,0.756,0,1.006,0
F101140,Siaya,F,34,3,1.09,4773,1.7,155,0.366,0.674,0.887,1,0.706,1
F101141,Busia,F,54,6,2.89,14525,0.3,122,0.709,0.467,0.739,1,0.881,0
F101142,Siaya,M,21,6,1.23,23523,6.0,84,0.601,0.881,0.801,1,1.173,0
F101143,Siaya,F,46,8,1.05,7272,0.2,93,0.807,0.532,0.75,1,0.952,0
F101144,Bungoma,M,64,8,0.87,18120,7.2,128,0.824,0.547,0.823,0,0.525,1
F101145,Busia,M,52,7,0.81,15093,5.4,130,0.545,0.659,0.724,1,0.854,1
F101146,Vihiga,M,33,5,0.35,21037,4.3,104,0.671,0.829,0.973,1,0.724,0
F101147,Trans Nzoia,M,50,4,0.96,15936,2.5,131,0.755,0.791,0.825,0,1.066,0
F101148,Trans Nzoia,M,37,4,2.15,21660,11.0,142,0.733,0.884,0.847,1,1.218,0
F101149,Siaya,F,41,8,0.63,11862,2.0,8,0.601,0.988,0.711,1,1.057,0
F101150,Busia,F,31,2,0.09,6606,0.8,67,0.501,0.792,0.786,1,0.631,0
F101151,Vihiga,F,51,5,1.4,17951,1.2,162,0.631,0.869,0.983,1,0.907,0
F101152,Busia,F,29,6,1.15,24288,0.1,59,0.446,0.804,0.81,1,0.741,0
F101153,Siaya,F,42,1,2.86,12533,8.5,148,0.798,0.547,0.871,1,0.968,1
F101154,Bungoma,F,66,6,0.57,21039,3.0,100,0.196,0.584,0.933,0,1.194,1
F101155,Vihiga,F,57,3,0.31,22302,15.0,50,0.892,0.952,0.808,1,1.028,0
F101156,Kakamega,F,40,3,0.83,17201,4.1,64,0.743,0.626,0.406,1,1.012,0
F101157,Siaya,F,68,5,0.73,20415,6.2,88,0.848,0.892,0.501,1,1.399,0
F101158,Busia,M,20,1,0.2,15385,3.9,25,0.964,0.552,0.729,1,0.781,0
F101159,Busia,F,67,2,1.06,20704,8.0,57,0.916,0.682,0.976,1,1.284,0
F101160,Vihiga,M,37,4,0.68,10396,1.2,123,0.911,0.771,0.693,0,0.93,0
F101161,Busia,M,61,5,2.51,14573,0.7,163,0.884,0.946,0.672,0,1.632,0
F101162,Siaya,F,67,1,1.07,4711,0.3,171,0.755,0.37,0.654,1,1.074,1
F101163,Vihiga,M,50,3,0.51,7319,5.6,70,0.863,0.71,0.811,1,0.554,0
F101164,Vihiga,F,50,3,0.97,15740,0.3,143,0.484,0.688,0.938,0,0.91,1
F101165,Kakamega,M,57,5,1.14,18937,4.9,73,0.665,0.873,0.598,1,0.686,0
F101166,Kakamega,F,31,3,1.49,3655,10.8,145,0.745,0.384,0.855,1,1.537,0
F101167,Busia,F,28,1,1.01,4516,26.1,164,0.827,0.516,0.833,1,0.825,1
F101168,Siaya,F,37,5,3.63,3140,5.0,81,0.509,0.91,0.889,1,1.316,0
F101169,Siaya,F,43,7,0.34,14386,0.1,109,0.868,0.719,0.555,1,1.241,0
F101170,Vihiga,M,57,5,0.67,10375,0.2,156,0.579,0.937,0.825,1,0.712,0
F101171,Vihiga,M,32,3,0.51,4165,6.6,27,0.529,0.735,0.679,1,0.622,1
F101172,Busia,M,48,4,0.76,20459,21.6,46,0.764,0.618,0.826,1,1.249,0
F101173,Bungoma,M,20,2,1.24,14625,2.5,113,0.835,0.296,0.555,1,0.917,1
F101174,Kakamega,M,21,2,1.18,3220,4.1,34,0.713,0.199,0.564,1,1.005,0
F101175,Busia,F,68,4,1.47,18090,1.4,143,0.717,0.728,0.694,1,1.042,0
F101176,Bungoma,M,62,5,1.07,23051,4.4,50,0.651,0.544,0.888,1,0.271,0
F101177,Bungoma,F,63,4,1.11,12222,0.2,62,0.92,0.818,0.601,1,0.983,0
F101178,Bungoma,F,36,8,1.08,23892,2.9,146,0.279,0.825,0.548,1,1.287,1
F101179,Kakamega,F,45,6,0.7,12171,11.9,96,0.709,0.344,0.758,0,0.56,1
F101180,Vihiga,M,53,1,0.66,4703,2.0,142,0.766,0.864,0.762,1,1.204,0
F101181,Siaya,F,32,5,0.5,5701,1.0,113,0.679,0.309,0.571,1,0.946,1
F101182,Trans Nzoia,F,57,5,1.52,4473,9.1,94,0.689,0.447,0.862,1,0.716,0
F101183,Busia,F,54,1,0.11,9640,2.7,93,0.853,0.79,0.601,1,1.087,0
F101184,Busia,F,40,4,1.1,11466,8.1,145,0.788,0.635,0.528,1,0.996,1
F101185,Bungoma,F,41,7,1.73,12774,4.4,179,0.779,0.576,0.434,1,1.341,1
F101186,Kakamega,M,35,3,2.05,13574,1.4,7,0.73,0.6,0.589,0,0.86,0
F101187,Vihiga,M,60,4,0.07,21998,17.5,92,0.548,0.788,0.599,1,1.322,1
F101188,Vihiga,F,69,2,0.72,3255,0.8,141,0.925,0.795,0.762,1,0.991,0
F101189,Kakamega,F,69,1,0.53,22755,6.3,116,0.62,0.752,0.838,1,1.108,0
F101190,Busia,F,58,3,0.67,8256,5.7,88,0.755,0.521,0.855,1,0.912,0
F101191,Bungoma,F,37,7,2.34,23978,8.6,143,0.921,0.694,0.618,0,0.76,1
F101192,Bungoma,F,59,8,0.53,5973,1.3,85,0.731,0.467,0.86,1,1.236,0
F101193,Trans Nzoia,M,32,6,1.72,5205,1.1,27,0.861,0.868,0.852,1,0.988,0
F101194,Vihiga,M,64,7,1.11,5673,6.2,51,0.752,0.621,0.677,1,0.918,0
F101195,Vihiga,F,33,6,0.65,9516,0.7,10,0.773,0.812,0.654,1,1.249,0
F101196,Trans Nzoia,F,40,6,0.59,23713,3.2,127,0.545,0.601,0.543,0,1.375,1
F101197,Siaya,F,24,4,1.19,13184,0.5,175,0.297,0.357,0.787,0,0.867,1
F101198,Trans Nzoia,F,24,1,0.93,6635,5.3,70,0.222,0.376,0.872,1,1.411,1
F101199,Vihiga,M,39,4,0.19,17118,1.8,132,0.734,0.772,0.986,0,0.805,0
F101200,Siaya,M,47,7,0.43,14176,11.3,176,0.618,0.658,0.995,1,1.053,1
F101201,Busia,M,20,5,1.22,18461,4.1,72,0.504,0.882,0.924,1,1.215,0
F101202,Siaya,M,62,7,0.32,19313,3.5,159,0.815,0.748,0.631,1,0.14,1
F101203,Trans Nzoia,M,25,1,1.9,20292,1.1,6,0.917,0.734,0.718,1,0.756,0
F101204,Vihiga,M,69,2,0.24,6328,5.0,122,0.881,0.422,0.566,1,0.893,1
F101205,Siaya,F,33,3,0.8,13909,2.8,32,0.716,0.558,0.951,1,1.067,0
F101206,Vihiga,F,38,3,1.56,16874,1.7,141,0.528,0.847,0.852,1,1.0,0
F101207,Trans Nzoia,F,27,8,0.4,15244,4.7,4,0.737,0.683,0.574,1,0.382,0
F101208,Bungoma,F,61,4,0.3,24396,15.5,150,0.837,0.589,0.902,0,0.901,1
F101209,Siaya,F,56,6,1.36,24132,1.5,73,0.914,0.258,0.646,1,0.607,1
F101210,Vihiga,F,23,6,1.76,20861,7.1,44,0.801,0.487,0.808,1,0.844,0
F101211,Trans Nzoia,M,25,4,0.84,8280,1.6,101,0.719,0.823,0.9,1,0.912,0
F101212,Busia,M,50,8,0.7,14635,3.3,178,0.582,0.752,0.965,1,1.051,0
F101213,Siaya,F,63,2,0.23,20682,0.8,31,0.904,0.696,0.656,1,0.885,0
F101214,Kakamega,F,25,1,1.03,8901,3.2,57,0.766,0.655,0.764,1,1.005,0
F101215,Kakamega,M,31,6,0.15,18659,3.8,116,0.761,0.675,0.826,1,0.862,0
F101216,Vihiga,F,47,6,2.37,8482,2.3,19,0.769,0.806,0.815,1,1.08,0
F101217,Trans Nzoia,F,25,3,0.87,6081,3.0,171,0.447,0.848,0.468,1,0.671,1
F101218,Trans Nzoia,F,35,7,0.44,8278,5.1,95,0.818,0.895,0.664,1,0.98,0
F101219,Busia,F,20,2,0.59,23382,2.1,178,0.812,0.502,0.699,1,0.711,1
F101220,Vihiga,F,44,3,1.09,24898,1.4,76,0.923,0.571,0.756,1,0.896,0
F101221,Vihiga,M,55,2,0.67,21817,10.0,150,0.866,0.72,0.825,1,1.048,0
F101222,Siaya,M,40,2,0.96,8967,1.5,61,0.176,0.472,0.521,0,0.772,1
F101223,Vihiga,M,32,6,0.38,20149,2.4,81,0.942,0.386,0.899,1,0.964,0
F101224,Busia,F,41,6,2.08,7801,4.5,64,0.888,0.632,0.918,1,0.907,0
F101225,Siaya,M,45,6,0.6,5789,0.9,99,0.815,0.533,0.748,1,1.51,0
F101226,Kakamega,M,28,7,0.1,8692,12.7,42,0.723,0.784,0.783,0,1.084,0
F101227,Siaya,F,25,1,0.72,6072,11.6,92,0.87,0.862,0.846,1,1.12,0
F101228,Kakamega,M,29,5,0.52,17091,13.1,151,0.783,0.725,0.963,0,0.776,1
F101229,Bungoma,F,69,1,1.98,18030,3.4,30,0.709,0.865,0.788,1,0.368,0
F101230,Trans Nzoia,F,56,8,0.44,3784,2.1,143,0.958,0.651,0.51,0,0.843,1
F101231,Trans Nzoia,F,26,6,0.66,5359,15.9,154,0.903,0.581,0.714,1,0.588,1
F101232,Siaya,F,35,7,1.12,13539,5.2,9,0.668,0.901,0.821,0,1.049,0
F101233,Trans Nzoia,F,40,5,1.48,5492,1.4,122,0.755,0.534,0.885,1,1.062,0
F101234,Vihiga,F,29,4,2.47,21220,6.1,88,0.355,0.421,0.566,0,1.045,1
F101235,Busia,F,62,6,0.47,11806,0.8,115,0.624,0.713,0.819,1,0.975,0
F101236,Kakamega,M,67,7,2.29,12082,0.4,55,0.609,0.717,0.7,0,0.771,0
F101237,Kakamega,F,32,2,1.93,3118,15.0,41,0.785,0.674,0.814,0,0.81,1
F101238,Bungoma,F,20,7,0.52,18432,0.1,53,0.688,0.876,0.908,0,1.096,0
F101239,Kakamega,F,33,6,0.46,18872,0.5,30,0.727,0.73,0.799,0,1.491,0
F101240,Vihiga,M,49,1,1.3,19640,0.7,74,0.819,0.78,0.726,1,1.054,0
F101241,Trans Nzoia,F,60,8,0.95,14884,0.5,157,0.979,0.737,0.677,1,1.085,0
F101242,Siaya,M,36,2,1.3,8930,13.4,140,0.601,0.607,0.886,1,1.468,0
F101243,Busia,F,33,5,0.74,4719,4.1,34,0.738,0.471,0.692,1,0.989,0
F101244,Siaya,F,32,2,1.02,9942,9.3,101,0.758,0.795,0.879,1,0.759,0
F101245,Siaya,F,20,2,0.88,14958,6.8,16,0.82,0.482,0.341,1,1.088,0
F101246,Siaya,F,20,6,1.28,5565,2.6,13,0.739,0.775,0.753,1,1.408,0
F101247,Busia,M,41,6,0.45,4189,10.7,113,0.734,0.845,0.717,1,1.219,0
F101248,Bungoma,M,50,6,1.08,7773,1.0,56,0.825,0.931,0.732,0,1.049,0
F101249,Siaya,F,20,3,2.44,4555,10.4,127,0.398,0.744,0.498,0,0.518,1
F101250,Bungoma,M,30,7,2.35,3312,1.9,30,0.738,0.761,0.799,1,0.613,0
F101251,Busia,F,65,1,1.17,13680,0.7,24,0.518,0.884,0.732,1,1.083,0
F101252,Kakamega,F,69,7,0.44,19392,5.5,129,0.847,0.668,0.906,0,0.912,0
F101253,Trans Nzoia,F,52,3,3.24,13996,21.5,39,0.571,0.721,0.839,1,0.976,0
F101254,Vihiga,F,46,5,1.28,5007,2.7,13,0.564,0.338,0.813,1,1.243,0
F101255,Kakamega,M,49,8,3.03,10457,0.5,142,0.741,0.852,0.653,1,0.685,0
F101256,Bungoma,F,38,3,1.32,3781,0.5,127,0.555,0.264,0.8,1,0.844,1
F101257,Vihiga,F,30,4,0.06,16678,2.4,167,0.507,0.732,0.939,1,1.3,0
F101258,Vihiga,F,38,7,3.22,8128,9.6,109,0.369,0.655,0.827,1,0.687,1
F101259,Trans Nzoia,F,54,7,1.75,11521,5.3,87,0.774,0.765,0.816,1,1.29,0
F101260,Bungoma,F,53,2,0.99,22844,6.0,121,0.885,0.263,0.93,1,1.088,0
F101261,Siaya,M,53,5,0.17,15913,9.9,143,0.981,0.346,0.7,1,0.968,1
F101262,Busia,F,50,3,1.88,19826,3.7,114,0.546,0.798,0.807,1,1.037,0
F101263,Trans Nzoia,F,23,5,1.31,10695,6.5,59,0.844,0.895,0.656,1,1.092,0
F101264,Bungoma,F,51,4,3.84,23475,2.0,160,0.6,0.546,0.763,1,1.164,1
F101265,Kakamega,F,64,1,2.83,18729,1.0,127,0.41,0.709,0.704,1,0.491,1
F101266,Kakamega,F,52,8,2.97,14344,10.9,158,0.752,0.433,0.405,1,1.317,1
F101267,Busia,M,48,6,1.15,15744,1.9,101,0.925,0.948,0.811,1,1.061,0
F101268,Siaya,M,31,4,1.11,16710,17.2,82,0.427,0.744,0.868,1,1.288,0
F101269,Kakamega,F,59,1,1.32,6520,2.1,152,0.698,0.892,0.932,1,1.112,0
F101270,Busia,M,42,1,0.57,8536,2.1,111,0.601,0.938,0.426,1,1.546,1
F101271,Kakamega,F,33,4,1.01,18097,5.6,140,0.781,0.923,0.611,1,0.822,1
F101272,Siaya,M,44,6,0.86,12697,4.7,160,0.893,0.806,0.803,1,1.404,0
F101273,Trans Nzoia,M,26,3,2.25,20246,0.2,53,0.706,0.792,0.943,1,0.785,0
F101274,Trans Nzoia,M,66,6,2.56,14568,2.3,37,0.749,0.873,0.851,1,1.136,0
F101275,Trans Nzoia,M,55,4,1.59,4449,8.3,29,0.697,0.557,0.508,1,1.265,0
F101276,Vihiga,F,36,1,0.49,17625,0.7,109,0.834,0.865,0.894,1,1.005,0
F101277,Trans Nzoia,F,59,5,3.36,16419,4.0,145,0.918,0.687,0.598,1,0.513,1
F101278,Kakamega,F,22,2,1.87,11022,3.2,175,0.383,0.437,0.899,1,1.033,1
F101279,Siaya,F,39,1,1.26,20389,0.4,8,0.419,0.854,0.289,1,0.882,0
F101280,Trans Nzoia,M,52,2,1.49,10716,5.8,3,0.641,0.544,0.883,1,1.226,0
F101281,Trans Nzoia,F,21,3,0.28,5522,6.2,123,0.918,0.334,0.497,1,0.778,1
F101282,Busia,F,55,5,0.86,5666,1.4,50,0.925,0.492,0.267,1,0.864,0
F101283,Trans Nzoia,F,60,8,2.38,22836,3.9,87,0.839,0.804,0.832,1,0.832,0
F101284,Busia,F,49,2,0.26,11273,0.1,16,0.323,0.363,0.674,1,0.922,0
F101285,Kakamega,M,30,1,0.25,12125,4.6,16,0.73,0.296,0.838,1,1.021,0
F101286,Siaya,M,57,2,1.88,9720,4.5,96,0.79,0.442,0.787,0,1.143,1
F101287,Bungoma,F,36,3,1.41,19232,0.4,124,0.716,0.56,0.704,1,1.123,0
F101288,Kakamega,F,56,2,0.27,16321,3.1,159,0.882,0.424,0.752,1,0.68,1
F101289,Vihiga,F,51,3,0.8,22779,1.1,88,0.511,0.905,0.74,1,0.784,0
F101290,Bungoma,F,24,8,1.26,22678,6.7,117,0.609,0.548,0.655,1,0.853,1
F101291,Siaya,M,24,4,1.15,24772,3.7,155,0.185,0.962,0.554,1,0.913,1
F101292,Busia,F,20,6,1.33,10240,4.4,79,0.425,0.875,0.557,1,0.783,0
F101293,Kakamega,F,23,6,0.76,15846,0.3,39,0.747,0.837,0.659,1,0.813,0
F101294,Siaya,F,34,2,1.19,10622,1.2,149,0.894,0.87,0.943,1,1.324,0
F101295,Vihiga,M,21,2,1.59,18494,7.9,3,0.841,0.755,0.863,1,1.077,0
F101296,Bungoma,M,66,4,1.5,19459,1.7,51,0.836,0.625,0.877,1,0.724,0
F101297,Trans Nzoia,F,65,4,0.77,8537,12.4,26,0.751,0.517,0.701,1,1.1,0
F101298,Vihiga,F,28,1,1.69,21912,5.3,116,0.555,0.495,0.796,0,0.897,1
F101299,Kakamega,F,35,6,0.44,9381,7.7,50,0.724,0.325,0.597,1,1.462,0
F101300,Trans Nzoia,M,57,3,0.59,24632,3.4,63,0.897,0.886,0.71,1,0.842,0
F101301,Busia,F,53,3,1.88,21716,3.1,118,0.92,0.597,0.946,1,0.876,0
F101302,Trans Nzoia,F,49,5,1.67,3399,0.1,55,0.735,0.575,0.708,0,0.926,0
F101303,Siaya,M,69,8,0.83,11761,0.2,67,0.882,0.617,0.826,1,0.724,0
F101304,Vihiga,M,51,7,0.58,11544,12.2,91,0.76,0.864,0.303,1,1.116,0
F101305,Trans Nzoia,F,53,8,0.64,21093,1.8,23,0.692,0.201,0.584,1,1.012,0
F101306,Bungoma,F,45,4,1.54,18937,3.0,168,0.638,0.704,0.835,1,1.085,1
F101307,Bungoma,F,46,1,1.34,4113,4.7,176,0.766,0.706,0.901,0,1.007,1
F101308,Busia,F,34,2,0.55,21494,0.2,129,0.833,0.327,0.702,1,1.046,1
F101309,Siaya,F,46,3,1.66,7801,5.4,22,0.902,0.601,0.836,1,1.406,0
F101310,Vihiga,M,65,3,0.8,11133,1.0,86,0.875,0.655,0.703,1,1.137,0
F101311,Busia,M,38,2,0.45,6742,3.2,65,0.851,0.785,0.673,1,0.551,0
F101312,Trans Nzoia,F,26,2,0.7,6465,3.2,32,0.745,0.863,0.749,1,1.078,0
F101313,Siaya,F,49,2,1.07,14595,0.4,158,0.895,0.571,0.817,1,1.292,0
F101314,Siaya,F,59,6,1.62,4863,1.5,76,0.693,0.768,0.614,0,0.421,1
F101315,Bungoma,F,67,4,1.55,4771,3.5,118,0.757,0.247,0.899,1,0.709,1
F101316,Trans Nzoia,M,47,1,0.93,20286,4.2,125,0.369,0.341,0.7,0,1.15,1
F101317,Vihiga,F,59,5,1.17,10565,3.1,59,0.763,0.519,0.884,0,1.243,0
F101318,Busia,F,32,7,0.87,17261,1.9,64,0.794,0.362,0.876,1,1.043,0
F101319,Busia,F,41,4,0.55,24697,13.0,174,0.711,0.589,0.518,1,1.109,1
F101320,Kakamega,F,40,3,0.95,4118,0.2,148,0.639,0.691,0.693,0,1.343,1
F101321,Bungoma,F,36,3,0.17,20472,2.0,91,0.753,0.95,0.783,1,0.872,0
F101322,Vihiga,M,55,4,2.59,5412,1.8,97,0.822,0.436,0.665,1,0.765,0
F101323,Siaya,M,64,3,1.14,19733,0.9,4,0.281,0.684,0.83,1,0.937,0
F101324,Siaya,F,36,8,1.38,9732,5.5,39,0.771,0.138,0.64,1,1.044,0
F101325,Bungoma,M,26,8,0.57,5972,6.0,4,0.615,0.534,0.86,1,1.079,0
F101326,Trans Nzoia,F,61,3,1.14,8031,7.8,145,0.85,0.837,0.916,1,1.193,0
F101327,Kakamega,M,62,8,1.28,11020,2.6,169,0.814,0.267,0.724,1,1.416,1
F101328,Trans Nzoia,F,66,7,0.83,19054,0.5,31,0.758,0.72,0.646,0,1.046,0
F101329,Busia,F,32,1,0.87,17972,11.2,52,0.407,0.6,0.721,0,0.687,1
F101330,Busia,M,55,4,0.32,19029,4.0,65,0.86,0.792,0.752,1,0.807,0
F101331,Trans Nzoia,F,55,6,3.16,3475,2.2,146,0.512,0.803,0.772,1,1.034,0
F101332,Busia,F,59,4,0.56,24456,7.2,75,0.78,0.903,0.534,1,1.363,0
F101333,Trans Nzoia,F,60,4,0.62,12547,0.2,10,0.815,0.811,0.578,1,1.164,0
F101334,Vihiga,F,67,4,2.7,5449,12.1,106,0.719,0.886,0.461,0,0.778,1
F101335,Siaya,F,43,6,1.43,23428,2.5,29,0.959,0.684,0.815,1,0.837,0
F101336,Vihiga,F,23,3,1.63,20440,0.7,117,0.788,0.508,0.822,1,0.927,0
F101337,Bungoma,M,29,5,0.3,4811,6.1,154,0.893,0.402,0.698,0,1.019,1
F101338,Trans Nzoia,F,64,2,1.13,12610,9.6,14,0.597,0.69,0.603,1,0.932,0
F101339,Busia,F,62,8,0.3,22937,0.7,178,0.82,0.628,0.489,1,0.781,1
F101340,Vihiga,F,20,1,0.49,18018,4.9,120,0.439,0.395,0.91,1,0.812,1
F101341,Kakamega,M,38,1,3.46,7279,13.4,12,0.357,0.852,0.936,1,0.982,0
F101342,Kakamega,F,32,1,0.42,18409,12.2,41,0.77,0.414,0.814,1,1.052,0
F101343,Vihiga,F,36,3,1.58,7160,1.1,32,0.679,0.611,0.869,0,0.757,0
F101344,Bungoma,F,51,5,0.45,10740,1.5,159,0.682,0.856,0.667,1,1.08,0
F101345,Siaya,M,45,8,0.5,7299,0.6,130,0.656,0.432,0.594,1,1.454,0
F101346,Siaya,M,44,4,4.85,18254,1.2,69,0.462,0.913,0.845,0,1.052,0
F101347,Trans Nzoia,F,41,2,0.93,23487,2.1,96,0.928,0.792,0.797,1,1.068,0
F101348,Trans Nzoia,M,52,3,0.28,3978,0.7,64,0.643,0.705,0.755,0,0.657,0
F101349,Vihiga,F,54,2,1.62,16282,0.2,74,0.882,0.396,0.941,1,1.184,0
F101350,Kakamega,F,22,4,2.27,8464,1.6,115,0.958,0.661,0.755,1,0.855,0
F101351,Busia,F,26,6,1.73,19517,8.2,37,0.851,0.553,0.711,0,1.268,0
F101352,Busia,F,37,1,0.87,6064,1.1,137,0.81,0.632,0.801,1,1.45,0
F101353,Siaya,F,41,7,0.89,11060,4.4,170,0.887,0.388,0.777,0,0.831,1
F101354,Bungoma,F,69,2,0.66,7529,3.2,175,0.915,0.45,0.842,1,0.838,1
F101355,Busia,F,64,6,0.37,22211,6.2,33,0.942,0.739,0.715,0,1.133,0
F101356,Busia,F,52,7,1.26,4816,0.7,75,0.859,0.582,0.89,1,0.682,0
F101357,Kakamega,F,21,7,0.84,15802,0.1,49,0.948,0.292,0.807,1,1.025,0
F101358,Kakamega,M,25,6,0.31,5649,6.7,115,0.784,0.872,0.768,0,0.928,0
F101359,Busia,M,42,6,0.95,16196,5.3,60,0.506,0.759,0.843,1,0.98,0
F101360,Kakamega,F,49,2,0.56,19894,1.9,72,0.612,0.765,0.965,1,0.495,0
F101361,Kakamega,F,53,2,1.22,19551,7.5,27,0.884,0.844,0.961,1,1.127,0
F101362,Busia,F,27,4,1.13,3733,0.8,102,0.774,0.545,0.79,1,1.614,0
F101363,Bungoma,F,64,5,0.75,20020,0.7,97,0.864,0.811,0.81,1,0.896,0
F101364,Vihiga,F,44,5,0.98,9531,1.5,100,0.203,0.66,0.949,1,0.64,1
F101365,Kakamega,F,49,7,1.05,18000,1.6,63,0.908,0.903,0.894,1,1.2,0
F101366,Bungoma,M,21,3,1.88,24203,1.5,136,0.605,0.682,0.497,1,0.783,1
F101367,Busia,M,61,7,0.95,5616,3.5,110,0.884,0.798,0.58,1,1.008,0
F101368,Siaya,F,47,4,0.67,10979,3.6,34,0.651,0.522,0.607,1,0.823,0
F101369,Vihiga,F,31,2,0.81,22067,0.4,68,0.488,0.473,0.967,1,0.643,0
F101370,Siaya,M,35,6,3.0,6113,1.3,119,0.621,0.612,0.855,0,1.078,0
F101371,Busia,F,37,2,0.47,8739,6.2,23,0.654,0.486,0.849,1,0.828,0
F101372,Busia,M,21,4,0.85,15079,1.2,65,0.709,0.49,0.954,1,0.6,0
F101373,Busia,F,67,7,0.84,24916,11.2,157,0.61,0.739,0.762,1,1.073,1
F101374,Siaya,F,60,7,0.87,9483,1.4,81,0.919,0.734,0.668,1,1.718,0
F101375,Siaya,F,64,3,0.36,11481,3.0,93,0.779,0.923,0.629,1,1.254,0
F101376,Siaya,F,37,2,0.8,20507,0.2,123,0.667,0.91,0.619,1,0.99,0
F101377,Trans Nzoia,M,47,1,0.64,5639,15.8,59,0.434,0.293,0.619,1,1.758,1
F101378,Vihiga,F,42,1,1.21,10207,7.9,149,0.696,0.849,0.878,0,0.561,1
F101379,Vihiga,M,43,7,2.06,9953,0.6,5,0.401,0.876,0.71,1,1.144,0
F101380,Siaya,F,49,7,1.28,11824,0.6,86,0.361,0.552,0.387,1,1.458,1
F101381,Bungoma,M,42,5,1.07,15617,7.8,108,0.947,0.849,0.488,1,0.745,0
F101382,Busia,M,58,5,1.37,7875,9.7,45,0.78,0.799,0.796,0,1.075,0
F101383,Siaya,F,22,3,1.15,11611,3.4,141,0.62,0.798,0.844,1,0.842,0
F101384,Busia,F,29,2,0.98,23170,10.1,17,0.899,0.376,0.821,1,0.915,0
F101385,Bungoma,M,64,1,1.83,21230,1.2,118,0.779,0.765,0.771,1,1.103,0
F101386,Vihiga,F,64,6,0.79,24037,1.6,115,0.494,0.383,0.637,1,0.559,1
F101387,Bungoma,M,60,1,0.36,18008,1.0,142,0.885,0.896,0.377,1,0.748,1
F101388,Siaya,F,38,1,0.62,15809,3.2,39,0.418,0.833,0.505,1,1.01,0
F101389,Siaya,F,42,7,0.56,7695,2.0,30,0.623,0.856,0.724,0,0.561,0
F101390,Bungoma,F,21,5,3.54,6495,2.1,105,0.628,0.648,0.956,0,0.908,0
F101391,Vihiga,M,33,4,2.15,14854,11.0,174,0.769,0.837,0.804,1,0.62,1
F101392,Siaya,M,56,2,1.08,11907,2.5,141,0.702,0.677,0.614,1,0.634,1
F101393,Trans Nzoia,F,37,2,0.57,20325,2.7,40,0.331,0.518,0.949,0,1.23,0
F101394,Bungoma,M,44,4,1.82,3212,2.3,75,0.904,0.504,0.664,1,1.025,0
F101395,Vihiga,M,26,3,1.05,22607,1.2,50,0.626,0.657,0.611,1,0.945,0
F101396,Vihiga,F,44,5,0.79,6751,7.2,141,0.736,0.435,0.536,1,0.89,1
F101397,Vihiga,F,56,2,1.06,11688,2.0,93,0.874,0.86,0.869,1,1.079,0
F101398,Kakamega,M,48,2,0.8,10836,0.5,80,0.782,0.626,0.796,1,0.88,0
F101399,Bungoma,M,47,1,1.36,23338,4.4,3,0.652,0.662,0.626,1,0.812,0
F101400,Siaya,F,65,4,0.33,18849,12.9,115,0.949,0.694,0.661,1,1.262,0
F101401,Bungoma,M,31,3,1.35,3791,5.0,81,0.511,0.574,0.898,0,0.846,1
F101402,Bungoma,F,34,2,0.8,21766,2.5,10,0.414,0.943,0.946,1,1.335,0
F101403,Bungoma,M,51,5,1.85,17887,2.1,37,0.637,0.694,0.746,0,0.861,0
F101404,Bungoma,M,44,4,2.18,4498,3.9,131,0.799,0.831,0.756,1,1.188,0
F101405,Kakamega,M,68,2,2.5,20203,5.3,135,0.816,0.809,0.721,1,1.064,0
F101406,Busia,F,22,6,3.71,3746,7.7,90,0.915,0.598,0.957,0,1.14,0
F101407,Siaya,F,26,3,2.44,12353,2.0,137,0.758,0.491,0.552,0,1.072,1
F101408,Kakamega,F,37,3,1.81,6566,0.7,133,0.852,0.725,0.847,1,1.178,0
F101409,Bungoma,F,42,4,0.37,3241,3.6,111,0.744,0.812,0.868,1,1.364,0
F101410,Kakamega,M,64,2,0.09,15309,3.0,39,0.559,0.347,0.799,1,0.78,0
F101411,Vihiga,F,44,4,1.98,18114,1.9,77,0.724,0.446,0.824,1,1.372,0
F101412,Bungoma,F,41,5,0.49,13553,0.6,147,0.261,0.763,0.748,0,0.926,1
F101413,Trans Nzoia,F,28,2,5.4,10536,4.1,57,0.74,0.88,0.576,0,0.547,0
F101414,Vihiga,F,41,5,0.25,14296,0.8,119,0.638,0.522,0.538,1,1.171,1
F101415,Trans Nzoia,F,46,1,1.76,6339,0.1,149,0.486,0.903,0.777,1,1.207,0
F101416,Vihiga,M,49,5,1.14,4099,2.5,97,0.773,0.633,0.698,1,1.126,0
F101417,Busia,M,50,1,0.28,6456,3.6,92,0.512,0.889,0.896,1,0.915,0
F101418,Siaya,F,41,2,1.14,4193,11.6,36,0.822,0.233,0.963,0,0.765,0
F101419,Busia,M,27,3,0.55,19921,0.6,90,0.278,0.834,0.448,1,0.868,1
F101420,Siaya,M,27,5,0.93,16391,5.3,10,0.797,0.666,0.657,0,1.042,0
F101421,Siaya,F,27,6,0.94,7122,1.3,23,0.561,0.747,0.843,0,0.931,0
F101422,Vihiga,M,50,4,0.55,15536,11.2,98,0.835,0.787,0.932,1,0.739,0
F101423,Trans Nzoia,F,62,2,0.75,13650,7.0,41,0.802,0.694,0.901,0,0.935,0
F101424,Bungoma,F,64,4,0.51,5448,0.2,64,0.685,0.506,0.854,1,0.792,0
F101425,Trans Nzoia,F,35,7,0.18,24348,0.9,66,0.644,0.547,0.64,1,0.832,0
F101426,Trans Nzoia,F,23,1,1.07,23632,0.2,86,0.644,0.683,0.67,1,1.182,0
F101427,Siaya,M,51,6,2.43,19694,2.4,126,0.668,0.918,0.78,0,0.703,1
F101428,Bungoma,M,21,4,0.53,20791,2.5,81,0.417,0.733,0.696,1,1.082,0
F101429,Trans Nzoia,M,51,1,3.26,15038,3.9,152,0.7,0.886,0.744,1,0.865,0
F101430,Busia,F,39,6,3.7,20683,0.0,88,0.732,0.784,0.471,1,1.068,0
F101431,Bungoma,F,61,1,0.7,14622,9.4,178,0.475,0.43,0.439,1,0.769,1
F101432,Bungoma,M,51,3,0.84,6653,4.7,179,0.521,0.292,0.687,1,0.945,1
F101433,Vihiga,F,56,2,0.71,6681,5.2,78,0.692,0.953,0.889,1,0.785,0
F101434,Bungoma,F,40,5,0.38,21788,2.2,138,0.727,0.978,0.554,0,1.073,1
F101435,Kakamega,F,62,1,0.84,12821,6.3,83,0.586,0.464,0.93,1,0.543,1
F101436,Busia,F,46,1,0.77,19047,3.3,157,0.685,0.549,0.837,1,0.975,1
F101437,Vihiga,F,51,5,1.06,6187,6.4,138,0.857,0.722,0.855,1,0.669,0
F101438,Bungoma,F,38,8,1.1,12852,9.7,62,0.57,0.562,0.895,0,0.835,1
F101439,Siaya,F,42,1,0.35,4838,7.6,59,0.832,0.893,0.851,1,0.914,0
F101440,Trans Nzoia,F,62,4,1.52,7856,2.1,158,0.912,0.528,0.97,1,1.176,0
F101441,Vihiga,F,39,7,0.83,5401,0.1,98,0.4,0.642,0.781,1,0.575,0
F101442,Siaya,F,21,3,0.42,7578,0.4,125,0.907,0.443,0.984,0,0.529,0
F101443,Busia,F,38,4,0.82,16345,3.4,122,0.654,0.167,0.878,0,1.277,1
F101444,Kakamega,M,39,7,1.13,3119,14.7,32,0.859,0.923,0.755,1,0.911,0
F101445,Kakamega,F,40,6,2.74,7258,2.2,44,0.517,0.626,0.459,1,0.561,1
F101446,Siaya,M,23,3,2.45,18201,0.2,162,0.56,0.929,0.651,1,0.892,1
F101447,Siaya,M,26,7,0.65,6285,4.2,52,0.782,0.528,0.846,1,0.877,0
F101448,Trans Nzoia,F,36,6,0.88,15222,2.0,156,0.924,0.538,0.818,0,0.852,1
F101449,Kakamega,M,41,5,0.5,22076,5.5,66,0.774,0.845,0.696,1,1.053,0
F101450,Bungoma,M,21,4,1.27,20160,0.3,152,0.545,0.673,0.461,1,0.572,1
F101451,Kakamega,F,39,8,0.68,5684,0.5,105,0.739,0.874,0.625,1,1.006,0
F101452,Kakamega,F,36,7,0.85,6245,11.0,20,0.956,0.369,0.676,1,0.878,0
F101453,Bungoma,F,21,8,2.02,18523,0.6,50,0.708,0.789,0.965,1,0.979,0
F101454,Vihiga,M,32,6,0.35,10622,0.8,171,0.779,0.75,0.884,0,1.217,0
F101455,Kakamega,M,33,3,2.45,12174,1.7,39,0.874,0.854,0.894,1,1.246,0
F101456,Siaya,M,27,1,1.36,13488,4.9,43,0.541,0.909,0.689,1,1.39,0
F101457,Busia,M,57,2,2.38,15739,1.5,29,0.932,0.918,0.849,0,0.516,0
F101458,Bungoma,F,23,8,1.69,12881,5.7,110,0.571,0.902,0.668,1,1.083,0
F101459,Vihiga,M,48,3,1.9,3513,3.5,146,0.393,0.445,0.642,1,1.186,1
F101460,Trans Nzoia,F,53,1,1.02,5078,3.7,168,0.734,0.284,0.89,1,0.846,1
F101461,Bungoma,M,60,2,0.41,3000,0.9,159,0.794,0.652,0.796,0,0.985,1
F101462,Kakamega,F,47,1,0.61,8827,7.1,159,0.814,0.542,0.76,0,1.324,1
F101463,Kakamega,F,47,5,0.52,20979,0.5,163,0.95,0.814,0.938,1,0.94,0
F101464,Siaya,M,58,5,0.14,24379,0.0,103,0.887,0.758,0.74,1,1.316,0
F101465,Kakamega,M,62,4,2.02,13459,2.1,148,0.864,0.806,0.678,1,0.978,0
F101466,Vihiga,F,30,6,0.93,3599,1.9,115,0.826,0.886,0.755,0,1.105,0
F101467,Busia,F,59,4,0.49,4568,4.1,27,0.545,0.689,0.686,1,1.223,0
F101468,Trans Nzoia,F,43,8,3.61,20930,0.2,7,0.604,0.704,0.537,1,0.718,0
F101469,Kakamega,M,24,7,4.65,10556,0.3,20,0.809,0.562,0.727,1,1.098,0
F101470,Siaya,F,50,1,0.31,22396,4.6,64,0.973,0.512,0.824,1,0.871,0
F101471,Trans Nzoia,F,68,3,0.84,14139,1.1,91,0.475,0.605,0.684,1,1.295,0
F101472,Busia,F,27,7,0.8,22342,9.6,116,0.772,0.87,0.507,1,0.915,0
F101473,Bungoma,F,20,5,0.45,5980,2.9,95,0.562,0.516,0.668,1,0.912,0
F101474,Siaya,F,65,7,1.99,21880,0.5,67,0.727,0.932,0.718,0,0.784,0
F101475,Bungoma,F,49,3,0.14,15019,4.0,132,0.463,0.75,0.838,1,0.983,0
F101476,Busia,M,30,1,3.01,12625,2.1,155,0.838,0.595,0.619,1,1.133,1
F101477,Busia,M,59,7,1.05,14632,10.4,42,0.805,0.666,0.851,1,1.014,0
F101478,Bungoma,M,39,7,3.41,10197,1.6,49,0.752,0.569,0.85,1,1.551,0
F101479,Busia,F,36,6,0.99,16262,1.7,167,0.707,0.705,0.581,1,0.886,1
F101480,Kakamega,F,34,4,0.8,19940,2.6,174,0.743,0.401,0.643,1,0.781,1
F101481,Kakamega,M,49,1,2.1,20825,2.7,57,0.857,0.902,0.941,1,0.967,0
F101482,Bungoma,M,26,6,3.4,24521,0.4,93,0.922,0.454,0.894,1,1.085,0
F101483,Kakamega,F,38,6,3.04,12081,5.5,105,0.653,0.894,0.921,1,0.681,0
F101484,Busia,M,35,6,0.21,19914,6.4,115,0.469,0.869,0.899,1,1.327,0
F101485,Siaya,M,23,2,2.53,22548,0.7,155,0.609,0.676,0.818,1,0.936,1
F101486,Kakamega,M,58,6,0.76,3390,8.0,21,0.496,0.893,0.704,1,1.424,0
F101487,Kakamega,M,20,6,0.91,13442,1.0,95,0.857,0.602,0.873,1,1.333,0
F101488,Kakamega,F,67,7,0.75,18416,8.5,41,0.931,0.556,0.764,1,1.165,0
F101489,Vihiga,F,24,5,0.61,13057,1.9,136,0.451,0.858,0.925,1,0.995,0
F101490,Bungoma,F,37,6,0.85,5200,4.8,108,0.672,0.604,0.882,1,0.747,0
F101491,Busia,F,24,4,0.44,17425,6.7,135,0.401,0.459,0.695,1,0.842,1
F101492,Kakamega,M,38,6,2.54,11934,0.5,163,0.946,0.81,0.695,1,0.731,0
F101493,Bungoma,F,50,6,1.67,16585,0.2,142,0.405,0.909,0.579,1,0.72,1
F101494,Busia,F,24,7,1.2,3029,0.9,154,0.866,0.665,0.863,1,1.072,0
F101495,Busia,M,46,7,0.75,3251,4.6,146,0.815,0.703,0.776,1,1.081,0
F101496,Vihiga,M,58,1,0.65,16263,3.2,113,0.334,0.614,0.464,1,0.611,1
F101497,Trans Nzoia,M,42,7,1.4,24613,1.7,72,0.55,0.638,0.666,1,0.878,0
F101498,Busia,F,25,7,1.23,17067,0.5,62,0.633,0.453,0.697,1,0.797,0
F101499,Siaya,M,54,5,2.2,23739,10.4,67,0.659,0.432,0.922,1,1.364,0
F101500,Vihiga,F,29,5,0.66,21639,8.3,110,0.785,0.66,0.796,1,0.476,1
F101501,Bungoma,F,20,6,0.61,9188,0.8,145,0.718,0.203,0.975,1,1.48,0
F101502,Bungoma,F,41,4,1.62,5251,6.1,67,0.594,0.721,0.635,1,1.145,0
F101503,Bungoma,M,33,4,1.87,15288,0.3,105,0.672,0.866,0.346,1,0.36,1
F101504,Vihiga,M,21,7,4.42,16649,4.5,76,0.663,0.578,0.592,0,0.84,1
F101505,Bungoma,F,58,7,0.2,19950,3.7,110,0.731,0.564,0.827,1,1.112,0
F101506,Siaya,F,49,2,2.63,14462,27.5,147,0.7,0.81,0.71,1,0.83,1
F101507,Busia,M,65,7,1.13,23250,3.6,75,0.223,0.267,0.897,1,0.932,1
F101508,Siaya,M,44,3,0.69,21567,0.2,73,0.776,0.954,0.861,1,1.569,0
F101509,Trans Nzoia,F,41,2,1.41,15889,6.8,38,0.748,0.692,0.879,1,0.894,0
F101510,Busia,M,62,8,1.38,15130,2.4,91,0.702,0.555,0.759,1,0.73,0
F101511,Bungoma,M,24,2,0.71,3416,2.3,83,0.873,0.695,0.886,1,1.229,0
F101512,Trans Nzoia,M,38,2,0.22,20179,0.7,31,0.726,0.705,0.8,1,0.649,0
F101513,Bungoma,M,59,3,2.64,17974,0.0,174,0.842,0.862,0.369,1,1.176,1
F101514,Bungoma,M,34,4,0.56,22716,9.7,155,0.825,0.718,0.791,1,1.146,0
F101515,Siaya,M,64,2,0.49,5047,0.5,54,0.834,0.382,0.626,1,1.457,0
F101516,Busia,F,34,2,0.61,6213,0.7,170,0.817,0.785,0.752,1,1.104,0
F101517,Kakamega,F,40,4,1.8,17765,13.9,51,0.974,0.837,0.707,1,0.941,0
F101518,Busia,F,64,2,0.78,13764,9.2,77,0.896,0.853,0.736,0,0.993,0
F101519,Busia,M,32,2,0.62,15923,0.5,26,0.503,0.331,0.742,1,1.535,0
F101520,Siaya,F,68,8,1.34,12561,9.9,111,0.806,0.414,0.672,1,1.016,1
F101521,Trans Nzoia,M,22,5,1.21,17094,5.5,88,0.875,0.868,0.754,1,0.947,0
F101522,Bungoma,F,33,1,0.63,17487,1.2,50,0.488,0.825,0.933,1,0.984,0
F101523,Kakamega,F,49,1,0.21,7163,1.2,54,0.416,0.793,0.785,1,1.119,0
F101524,Vihiga,F,49,7,1.77,19728,7.9,168,0.689,0.799,0.589,1,0.906,1
F101525,Kakamega,F,65,3,1.23,13859,2.1,124,0.713,0.629,0.461,1,0.742,1
F101526,Bungoma,F,67,2,0.15,15663,6.6,30,0.693,0.524,0.831,1,0.832,0
F101527,Kakamega,F,53,6,2.89,16595,7.3,26,0.825,0.573,0.812,1,0.779,0
F101528,Kakamega,M,52,7,0.14,19377,1.6,15,0.701,0.787,0.685,1,0.962,0
F101529,Siaya,F,35,4,0.53,9606,7.5,46,0.951,0.399,0.391,0,0.847,1
F101530,Kakamega,F,60,6,0.56,3149,26.3,133,0.356,0.795,0.552,0,0.955,1
F101531,Kakamega,F,52,4,0.64,6995,0.3,13,0.721,0.986,0.545,1,0.962,0
F101532,Siaya,F,21,1,0.62,24246,0.6,47,0.849,0.694,0.927,1,1.066,0
F101533,Bungoma,F,61,7,0.34,7898,5.4,10,0.966,0.736,0.753,1,0.759,0
F101534,Trans Nzoia,M,37,8,1.14,8485,1.6,117,0.715,0.603,0.701,1,1.426,0
F101535,Kakamega,M,43,8,1.98,21876,12.6,147,0.685,0.806,0.611,1,1.311,1
F101536,Kakamega,F,44,1,1.13,8186,6.6,96,0.635,0.827,0.891,1,1.135,0
F101537,Kakamega,F,60,5,1.28,13219,1.6,163,0.93,0.64,0.63,1,1.184,0
F101538,Trans Nzoia,F,33,5,0.79,11152,3.0,124,0.753,0.742,0.714,1,0.716,0
F101539,Vihiga,F,39,1,1.1,17543,2.8,138,0.584,0.696,0.696,1,0.854,0
F101540,Busia,M,21,8,1.35,16079,11.6,58,0.738,0.501,0.641,1,0.882,0
F101541,Bungoma,F,37,1,1.67,14327,14.6,156,0.945,0.612,0.729,0,0.645,1
F101542,Kakamega,M,24,3,0.58,14033,0.6,114,0.836,0.493,0.619,1,0.905,0
F101543,Vihiga,F,49,8,0.52,21350,4.6,18,0.595,0.383,0.978,0,1.568,0
F101544,Bungoma,F,64,5,0.09,15792,1.3,17,0.758,0.821,0.766,1,1.027,0
F101545,Vihiga,F,43,6,3.46,14186,2.4,161,0.576,0.769,0.822,1,1.383,0
F101546,Trans Nzoia,F,65,4,3.32,22522,1.4,51,0.798,0.19,0.623,1,1.366,0
F101547,Siaya,M,68,7,0.96,5053,4.8,85,0.929,0.717,0.852,1,0.764,0
F101548,Busia,F,22,1,1.0,21336,0.5,137,0.767,0.835,0.819,1,1.009,0
F101549,Kakamega,M,45,6,2.76,7355,3.2,139,0.718,0.469,0.964,1,0.901,0
F101550,Bungoma,M,46,1,0.35,10297,7.2,7,0.925,0.744,0.743,1,1.233,0
F101551,Siaya,F,39,2,0.47,3291,1.8,111,0.805,0.98,0.752,1,1.118,0
F101552,Vihiga,F,61,5,2.87,15570,6.3,164,0.711,0.944,0.932,1,1.416,0
F101553,Vihiga,F,39,4,0.78,21293,3.2,64,0.805,0.729,0.744,1,1.052,0
F101554,Busia,F,22,2,0.42,11398,9.0,99,0.188,0.677,0.837,1,1.207,1
F101555,Kakamega,M,47,7,1.4,17592,1.3,49,0.909,0.697,0.758,0,0.839,0
F101556,Siaya,F,30,3,0.58,11646,3.7,130,0.574,0.4,0.887,1,0.634,1
F101557,Trans Nzoia,M,37,7,2.55,19702,0.8,23,0.91,0.912,0.76,1,1.168,0
F101558,Siaya,M,45,1,1.09,24970,13.8,94,0.931,0.694,0.893,1,1.037,0
F101559,Siaya,F,56,2,0.6,18730,0.8,76,0.754,0.782,0.914,1,1.138,0
F101560,Bungoma,M,33,3,0.63,10488,0.5,116,0.745,0.549,0.36,1,1.354,1
F101561,Bungoma,F,39,5,1.36,21138,0.8,90,0.613,0.892,0.949,1,1.084,0
F101562,Bungoma,M,23,4,0.86,3835,3.1,176,0.708,0.863,0.852,1,1.207,0
F101563,Siaya,F,39,2,0.77,24713,7.2,177,0.574,0.699,0.707,1,1.255,1
F101564,Vihiga,M,49,5,1.71,21469,6.8,53,0.699,0.754,0.827,0,0.963,0
F101565,Busia,M,50,8,2.78,17376,6.0,9,0.76,0.703,0.689,1,0.85,0
F101566,Siaya,M,34,2,1.55,16657,6.2,90,0.812,0.642,0.897,1,1.495,0
F101567,Vihiga,F,23,3,0.55,8549,3.3,107,0.546,0.757,0.833,1,1.097,0
F101568,Siaya,M,48,4,0.39,12489,0.7,136,0.526,0.55,0.65,1,1.072,1
F101569,Siaya,F,52,6,1.65,5230,11.7,95,0.5,0.75,0.906,1,0.754,0
F101570,Kakamega,M,24,2,1.55,10453,10.0,106,0.852,0.724,0.799,1,1.062,0
F101571,Busia,F,45,2,0.73,15974,1.1,7,0.892,0.203,0.913,1,1.081,0
F101572,Trans Nzoia,F,24,2,0.87,10967,5.0,137,0.718,0.445,0.767,1,0.766,1
F101573,Trans Nzoia,F,42,5,0.57,19956,2.1,61,0.853,0.949,0.688,1,1.185,0
F101574,Kakamega,F,52,1,0.4,21769,4.0,71,0.885,0.801,0.701,1,0.936,0
F101575,Bungoma,F,55,6,0.61,15354,6.5,77,0.743,0.524,0.844,1,0.447,0
F101576,Vihiga,M,55,4,0.06,10499,0.4,15,0.829,0.166,0.8,1,0.869,0
F101577,Trans Nzoia,F,57,3,2.23,9678,16.9,90,0.935,0.795,0.564,1,1.242,0
F101578,Kakamega,M,32,7,0.29,15026,3.6,70,0.857,0.589,0.659,1,0.776,0
F101579,Vihiga,F,62,7,0.98,18834,0.4,44,0.575,0.553,0.647,1,1.605,0
F101580,Bungoma,M,37,7,0.11,5787,5.1,46,0.532,0.764,0.763,1,1.119,0
F101581,Bungoma,M,38,8,1.51,12855,7.2,9,0.903,0.614,0.675,1,1.559,0
F101582,Vihiga,F,59,2,1.84,12692,17.0,160,0.905,0.539,0.9,1,0.724,1
F101583,Busia,M,36,7,1.05,9304,0.9,55,0.325,0.899,0.628,1,0.697,0
F101584,Vihiga,M,23,2,0.93,8230,0.7,157,0.754,0.65,0.78,0,0.94,1
F101585,Bungoma,M,55,3,0.57,21503,5.0,151,0.868,0.608,0.618,1,0.683,1
F101586,Trans Nzoia,F,53,5,2.2,12514,2.2,83,0.636,0.607,0.759,1,0.886,0
F101587,Kakamega,F,49,6,0.23,15683,1.5,145,0.928,0.528,0.782,1,1.397,0
F101588,Siaya,M,27,5,0.69,3842,3.8,40,0.803,0.735,0.715,1,0.923,0
F101589,Kakamega,F,51,5,0.52,9235,1.5,34,0.916,0.549,0.753,1,0.602,0
F101590,Trans Nzoia,M,29,4,0.5,7919,3.1,162,0.869,0.625,0.435,1,1.075,1
F101591,Busia,F,47,5,2.16,10229,1.9,117,0.745,0.929,0.868,0,1.331,0
F101592,Busia,M,45,4,0.89,21515,0.2,124,0.93,0.902,0.976,0,0.532,0
F101593,Kakamega,F,58,4,0.57,15576,2.8,166,0.254,0.866,0.821,1,0.662,1
F101594,Trans Nzoia,F,68,5,1.26,22848,10.8,5,0.881,0.758,0.513,0,1.014,0
F101595,Kakamega,M,29,5,1.18,12304,1.0,33,0.823,0.955,0.974,1,0.701,0
F101596,Vihiga,M,25,3,1.82,19940,3.6,173,0.894,0.455,0.685,1,0.958,1
F101597,Trans Nzoia,M,47,2,1.36,6531,1.2,25,0.802,0.791,0.979,0,1.36,0
F101598,Siaya,M,67,3,0.92,20936,1.0,82,0.819,0.666,0.863,0,0.906,0
F101599,Trans Nzoia,F,27,4,0.97,16430,3.0,6,0.561,0.746,0.618,1,1.114,0
F101600,Bungoma,F,44,2,1.31,3853,0.6,60,0.713,0.184,0.858,1,1.132,0
F101601,Trans Nzoia,F,40,2,0.45,18160,1.3,33,0.689,0.724,0.692,0,0.802,0
F101602,Trans Nzoia,F,35,8,1.16,13544,9.1,48,0.429,0.61,0.936,1,0.736,0
F101603,Bungoma,F,53,3,2.74,3002,0.8,147,0.922,0.529,0.9,1,1.249,0
F101604,Kakamega,M,34,6,1.05,21633,0.7,51,0.908,0.916,0.931,1,1.012,0
F101605,Siaya,F,44,2,0.75,14811,13.4,147,0.765,0.722,0.791,1,1.052,1
F101606,Kakamega,F,62,8,0.74,16344,19.6,161,0.409,0.386,0.911,1,0.991,1
F101607,Vihiga,F,38,2,1.28,15697,3.9,98,0.665,0.68,0.621,1,0.968,0
F101608,Bungoma,F,21,4,1.12,4992,0.3,98,0.734,0.935,0.866,1,1.048,0
F101609,Kakamega,F,64,7,1.56,10305,1.9,62,0.43,0.89,0.809,0,0.721,0
F101610,Trans Nzoia,M,33,2,0.6,18437,3.5,121,0.692,0.137,0.567,1,1.097,1
F101611,Kakamega,F,58,5,0.85,10452,4.8,145,0.721,0.978,0.817,1,0.75,0
F101612,Trans Nzoia,F,58,7,1.75,22543,3.3,155,0.956,0.692,0.236,1,1.581,1
F101613,Trans Nzoia,M,46,1,1.84,9988,1.7,37,0.889,0.838,0.334,1,1.153,0
F101614,Kakamega,F,24,1,1.85,13110,2.9,124,0.326,0.708,0.71,1,1.071,1
F101615,Bungoma,M,67,7,1.62,12797,5.1,27,0.991,0.619,0.829,0,0.734,0
F101616,Trans Nzoia,F,54,3,1.66,3415,0.3,89,0.832,0.659,0.621,1,1.276,0
F101617,Vihiga,F,41,8,1.16,20862,2.2,18,0.643,0.731,0.658,1,0.881,0
F101618,Kakamega,F,62,8,0.28,5983,3.1,100,0.81,0.558,0.543,1,1.151,0
F101619,Siaya,M,59,8,0.31,13318,0.1,153,0.615,0.125,0.89,1,0.833,1
F101620,Bungoma,M,58,8,1.03,22972,0.4,147,0.37,0.603,0.631,1,0.521,1
F101621,Kakamega,F,28,7,1.07,24860,0.1,129,0.486,0.755,0.616,1,1.385,0
F101622,Siaya,F,51,4,0.49,8065,8.8,105,0.533,0.736,0.741,1,1.145,0
F101623,Kakamega,M,34,8,0.52,11275,2.0,113,0.822,0.31,0.92,1,0.902,0
F101624,Vihiga,M,23,3,0.92,15446,0.7,20,0.404,0.828,0.953,1,1.492,0
F101625,Siaya,F,36,5,3.8,18383,2.9,131,0.821,0.777,0.626,1,0.995,0
F101626,Vihiga,M,25,1,0.41,8500,3.0,123,0.863,0.942,0.657,1,1.302,0
F101627,Vihiga,M,25,8,0.72,15077,0.9,28,0.782,0.666,0.849,1,0.592,0
F101628,Busia,M,56,5,1.82,21354,2.3,114,0.68,0.822,0.94,0,0.918,0
F101629,Kakamega,F,45,8,1.6,19770,6.2,71,0.607,0.92,0.612,1,0.927,0
F101630,Vihiga,F,39,3,1.23,21085,3.4,93,0.688,0.516,0.696,0,0.753,1
F101631,Siaya,M,29,3,0.17,22544,6.7,147,0.866,0.867,0.917,1,0.779,0
F101632,Kakamega,F,58,5,0.81,21949,3.2,60,0.819,0.799,0.725,1,1.037,0
F101633,Siaya,F,51,7,3.14,14257,1.1,165,0.862,0.711,0.726,1,0.956,0
F101634,Busia,F,49,5,0.5,24433,4.1,76,0.985,0.728,0.77,0,0.951,0
F101635,Vihiga,F,29,7,0.49,13878,7.3,93,0.68,0.774,0.814,1,0.872,0
F101636,Kakamega,M,26,2,2.66,18609,0.6,8,0.551,0.485,0.935,0,1.255,0
F101637,Vihiga,F,26,7,0.92,23739,1.7,24,0.888,0.56,0.921,1,0.689,0
F101638,Bungoma,M,21,6,0.19,3951,4.0,52,0.694,0.775,0.761,1,1.013,0
F101639,Bungoma,F,68,8,0.37,23540,4.3,176,0.557,0.67,0.993,1,0.887,1
F101640,Trans Nzoia,F,38,1,0.61,21081,3.9,49,0.727,0.388,0.69,0,0.867,1
F101641,Kakamega,F,52,4,1.19,24933,1.1,72,0.785,0.59,0.837,1,0.455,0
F101642,Busia,M,69,1,0.84,20000,20.0,154,0.83,0.382,0.652,1,0.99,1
F101643,Vihiga,F,66,4,0.47,6442,3.5,59,0.409,0.737,0.826,1,0.847,0
F101644,Kakamega,F,36,7,0.85,9643,12.2,146,0.765,0.365,0.854,1,1.069,1
F101645,Bungoma,M,44,6,0.5,3078,3.3,24,0.875,0.448,0.888,1,1.768,0
F101646,Busia,F,43,7,3.26,16372,0.2,26,0.611,0.925,0.892,1,1.043,0
F101647,Vihiga,F,21,6,0.35,12620,5.9,5,0.748,0.74,0.845,1,1.116,0
F101648,Siaya,F,58,8,0.68,13443,1.8,25,0.818,0.885,0.725,1,0.804,0
F101649,Siaya,M,48,8,0.6,19133,8.6,109,0.651,0.705,0.747,1,1.043,0
F101650,Bungoma,F,38,5,0.61,21045,2.0,19,0.603,0.627,0.879,0,0.972,0
F101651,Kakamega,F,47,8,0.39,4602,1.5,111,0.66,0.551,0.936,1,0.793,0
F101652,Kakamega,F,56,1,2.52,23172,0.5,109,0.645,0.172,0.842,1,0.772,1
F101653,Vihiga,F,20,6,3.99,11219,1.7,44,0.565,0.378,0.816,1,1.119,0
F101654,Kakamega,F,52,5,1.29,19544,2.7,9,0.927,0.505,0.604,1,0.832,0
F101655,Bungoma,F,63,8,1.21,15792,1.0,31,0.87,0.512,0.904,1,0.764,0
F101656,Siaya,F,56,5,0.23,12762,1.1,28,0.81,0.59,0.932,1,1.33,0
F101657,Siaya,F,50,2,2.48,7676,7.0,96,0.771,0.948,0.645,1,1.382,0
F101658,Siaya,M,24,6,0.5,7171,6.6,167,0.525,0.32,0.871,1,0.768,1
F101659,Bungoma,F,57,8,0.2,19085,0.6,80,0.626,0.712,0.913,1,1.264,0
F101660,Vihiga,F,57,1,1.47,10070,0.3,115,0.326,0.683,0.801,1,0.59,1
F101661,Vihiga,M,44,1,2.05,8049,0.1,56,0.597,0.855,0.825,1,0.762,0
F101662,Bungoma,M,49,6,2.47,3126,5.0,19,0.573,0.496,0.529,0,0.696,1
F101663,Vihiga,M,50,5,0.68,21494,2.0,41,0.845,0.911,0.809,1,0.875,0
F101664,Vihiga,F,26,5,0.62,11702,1.9,87,0.67,0.345,0.829,1,1.0,0
F101665,Busia,F,32,1,1.14,10662,3.2,155,0.829,0.629,0.876,1,0.686,0
F101666,Trans Nzoia,F,59,5,0.84,11178,7.0,46,0.587,0.617,0.261,1,0.891,1
F101667,Trans Nzoia,F,68,5,1.49,16170,0.7,177,0.754,0.847,0.302,0,0.763,1
F101668,Vihiga,F,33,7,1.15,13601,2.2,116,0.614,0.436,0.726,1,1.058,0
F101669,Trans Nzoia,F,40,4,0.47,14971,0.3,65,0.707,0.828,0.758,1,1.029,0
F101670,Trans Nzoia,F,65,3,2.52,9113,1.2,113,0.78,0.838,0.836,1,1.347,0
F101671,Vihiga,F,28,1,1.49,9521,2.8,126,0.954,0.778,0.649,1,0.562,0
F101672,Bungoma,F,33,5,2.02,21981,1.9,124,0.871,0.818,0.882,0,1.283,0
F101673,Trans Nzoia,F,22,6,0.47,12659,0.8,156,0.908,0.823,0.46,1,1.284,0
F101674,Trans Nzoia,M,31,3,1.46,24405,0.8,120,0.745,0.85,0.782,1,0.865,0
F101675,Siaya,M,51,6,1.76,21611,14.7,7,0.843,0.418,0.725,0,0.907,0
F101676,Kakamega,F,37,8,1.12,18657,0.1,69,0.587,0.659,0.714,1,1.081,0
F101677,Busia,F,69,2,0.38,15063,4.1,163,0.865,0.64,0.486,1,1.251,1
F101678,Siaya,F,64,5,1.04,21423,4.4,39,0.753,0.365,0.891,1,0.486,0
F101679,Vihiga,F,64,6,1.64,4222,1.7,91,0.824,0.844,0.943,1,0.884,0
F101680,Siaya,M,56,1,2.11,13978,4.0,91,0.721,0.716,0.847,0,1.108,0
F101681,Kakamega,F,55,2,0.25,18686,7.8,101,0.761,0.753,0.813,1,1.016,0
F101682,Kakamega,F,45,4,1.1,5379,2.5,156,0.639,0.889,0.926,1,1.006,0
F101683,Trans Nzoia,F,69,2,0.31,7013,4.4,98,0.65,0.944,0.649,1,0.592,0
F101684,Busia,F,24,3,1.66,4436,3.6,3,0.592,0.242,0.7,1,0.875,0
F101685,Vihiga,F,56,2,1.97,13693,0.7,45,0.752,0.717,0.735,1,0.902,0
F101686,Busia,F,27,8,0.44,14912,0.2,114,0.724,0.593,0.69,0,0.777,1
F101687,Busia,M,36,5,0.37,13307,9.2,141,0.883,0.732,0.691,1,1.277,0
F101688,Siaya,F,32,3,0.6,4208,0.6,117,0.408,0.501,0.646,1,0.906,1
F101689,Kakamega,F,50,7,0.86,13702,4.4,132,0.919,0.695,0.574,1,0.786,0
F101690,Trans Nzoia,F,59,1,0.53,22537,9.2,45,0.32,0.84,0.917,0,1.49,0
F101691,Siaya,F,23,5,1.76,3682,2.3,19,0.403,0.664,0.397,1,1.112,0
F101692,Vihiga,F,50,6,2.12,20071,5.0,170,0.343,0.695,0.814,0,1.04,1
F101693,Busia,F,31,7,1.07,8992,2.5,102,0.807,0.567,0.553,1,0.967,0
F101694,Kakamega,M,23,2,0.55,4644,4.4,133,0.222,0.507,0.8,1,0.831,1
F101695,Trans Nzoia,F,40,5,0.84,4116,4.0,172,0.614,0.763,0.841,1,0.79,1
F101696,Busia,F,49,7,1.07,3279,2.9,35,0.796,0.706,0.469,0,0.707,0
F101697,Kakamega,F,30,7,0.81,12129,0.2,157,0.869,0.609,0.617,1,0.916,0
F101698,Busia,F,39,2,0.92,13955,7.0,67,0.49,0.881,0.899,1,0.621,0
F101699,Siaya,F,67,8,2.0,16669,0.3,113,0.952,0.8,0.976,1,1.225,0
F101700,Bungoma,M,37,3,0.52,4785,0.4,71,0.623,0.791,0.798,0,0.831,0
F101701,Bungoma,F,69,4,3.44,17389,0.6,38,0.405,0.625,0.736,1,1.214,0
F101702,Trans Nzoia,F,61,2,1.09,19274,1.8,158,0.778,0.913,0.603,1,0.791,1
F101703,Bungoma,M,38,2,0.78,4420,0.1,64,0.841,0.624,0.678,1,1.097,0
F101704,Siaya,F,48,3,0.51,17852,0.1,7,0.646,0.751,0.768,1,0.649,0
F101705,Siaya,F,55,2,0.54,5615,2.5,29,0.543,0.842,0.792,0,0.84,0
F101706,Siaya,F,43,6,0.99,12665,11.5,173,0.727,0.499,0.869,1,0.87,1
F101707,Siaya,M,40,5,1.09,17553,13.0,148,0.912,0.494,0.982,1,1.062,0
F101708,Bungoma,F,36,4,0.76,22160,2.1,120,0.725,0.552,0.951,1,0.686,0
F101709,Bungoma,M,26,5,0.3,14686,5.1,140,0.76,0.754,0.824,1,1.362,0
F101710,Busia,M,21,5,0.99,12578,4.1,117,0.852,0.952,0.834,1,0.994,0
F101711,Busia,M,36,2,0.55,21335,3.6,164,0.791,0.473,0.798,1,0.983,1
F101712,Siaya,M,59,3,0.18,7755,13.9,20,0.699,0.698,0.432,1,0.636,0
F101713,Trans Nzoia,M,31,8,1.53,7513,3.1,14,0.777,0.47,0.934,1,1.076,0
F101714,Vihiga,M,28,1,0.22,13260,5.7,125,0.679,0.79,0.889,1,1.274,0
F101715,Siaya,M,36,8,0.73,5647,3.5,173,0.856,0.717,0.596,1,0.767,1
F101716,Vihiga,M,49,8,0.9,3489,3.4,105,0.775,0.774,0.867,1,0.849,0
F101717,Busia,M,30,3,2.31,10964,6.1,174,0.569,0.685,0.597,0,0.934,1
F101718,Busia,M,31,3,0.2,6355,3.8,73,0.723,0.445,0.672,1,0.919,0
F101719,Vihiga,F,25,2,1.64,17015,1.2,122,0.9,0.576,0.894,1,0.761,0
F101720,Kakamega,M,36,5,1.83,15068,3.6,93,0.589,0.569,0.735,1,1.099,0
F101721,Trans Nzoia,F,30,2,2.79,13691,5.1,159,0.921,0.831,0.771,1,1.293,0
F101722,Vihiga,M,61,7,2.07,13918,15.6,117,0.724,0.357,0.898,1,0.982,1
F101723,Trans Nzoia,F,65,4,0.93,5169,7.8,80,0.794,0.935,0.924,0,0.774,0
F101724,Vihiga,M,38,8,1.7,11855,3.2,46,0.79,0.666,0.68,1,0.72,0
F101725,Trans Nzoia,M,24,7,2.39,4568,1.7,58,0.878,0.644,0.717,1,1.605,0
F101726,Siaya,M,24,4,0.15,10807,0.2,16,0.791,0.668,0.967,1,0.89,0
F101727,Vihiga,F,36,5,0.3,17909,2.9,30,0.841,0.548,0.79,1,1.125,0
F101728,Busia,M,43,1,1.17,24701,0.9,93,0.677,0.841,0.715,1,0.583,0
F101729,Kakamega,M,46,1,1.81,9533,2.5,8,0.729,0.889,0.435,0,0.811,0
F101730,Trans Nzoia,M,35,5,1.49,8810,5.5,86,0.627,0.663,0.961,1,1.269,0
F101731,Siaya,M,37,4,1.25,17728,7.9,10,0.807,0.807,0.96,1,0.779,0
F101732,Trans Nzoia,F,34,4,2.76,23193,4.9,31,0.878,0.516,0.4,1,0.793,0
F101733,Siaya,F,45,1,0.75,9488,21.2,125,0.614,0.375,0.929,0,1.089,1
F101734,Siaya,F,54,7,0.53,21438,5.0,8,0.411,0.368,0.54,1,0.835,1
F101735,Trans Nzoia,M,22,4,0.64,9925,3.7,62,0.753,0.58,0.655,1,1.136,0
F101736,Vihiga,F,43,4,1.19,17065,0.9,36,0.889,0.555,0.874,1,0.834,0
F101737,Kakamega,M,52,4,0.9,7615,5.8,12,0.949,0.755,0.675,0,0.974,0
F101738,Kakamega,M,53,4,1.88,8765,0.1,39,0.639,0.479,0.821,1,1.162,0
F101739,Bungoma,F,48,6,0.56,24641,8.5,22,0.862,0.883,0.513,1,0.885,0
F101740,Busia,F,46,7,1.3,11559,14.3,17,0.709,0.439,0.874,1,0.686,0
F101741,Trans Nzoia,F,54,5,1.7,3353,3.6,120,0.762,0.835,0.622,1,0.89,0
F101742,Busia,M,38,2,2.39,19986,10.2,25,0.496,0.721,0.729,0,0.751,1
F101743,Kakamega,F,48,7,0.35,5799,2.5,169,0.617,0.746,0.628,1,0.876,1
F101744,Bungoma,F,35,3,0.63,5434,0.4,89,0.593,0.274,0.825,1,1.001,0
F101745,Siaya,M,41,1,0.85,21398,0.9,75,0.6,0.805,0.831,0,1.001,0
F101746,Siaya,F,26,1,0.26,10668,0.9,158,0.386,0.789,0.675,1,1.226,1
F101747,Busia,M,37,7,1.24,6039,5.9,140,0.816,0.745,0.926,1,0.804,0
F101748,Trans Nzoia,F,27,4,1.22,24466,3.0,77,0.83,0.787,0.493,1,0.995,0
F101749,Trans Nzoia,F,31,1,1.15,9175,4.6,175,0.898,0.665,0.81,1,1.342,0
F101750,Siaya,F,40,7,0.81,16924,8.4,96,0.847,0.934,0.619,1,1.081,0
F101751,Siaya,F,45,3,2.21,8781,0.5,128,0.565,0.522,0.665,1,1.236,1
F101752,Vihiga,F,67,8,0.65,15784,0.3,174,0.755,0.307,0.739,0,0.986,1
F101753,Busia,M,21,8,2.08,18333,4.6,130,0.601,0.882,0.649,1,1.201,0
F101754,Vihiga,F,64,1,0.64,19669,0.9,107,0.911,0.424,0.796,1,0.954,0
F101755,Bungoma,F,36,6,0.35,12046,5.5,112,0.92,0.78,0.742,1,0.647,0
F101756,Busia,F,56,5,0.93,16550,5.5,118,0.5,0.919,0.747,1,1.161,0
F101757,Vihiga,F,53,2,1.07,21492,6.9,176,0.504,0.467,0.597,1,1.092,1
F101758,Vihiga,M,68,3,1.31,21486,7.4,127,0.685,0.623,0.95,1,1.01,0
F101759,Vihiga,F,25,4,0.1,19443,7.4,56,0.918,0.84,0.774,1,0.763,0
F101760,Busia,M,68,2,0.74,11791,7.5,6,0.811,0.889,0.821,1,1.389,0
F101761,Busia,F,23,6,3.28,14684,8.8,141,0.882,0.544,0.691,0,1.199,0
F101762,Kakamega,F,63,3,0.6,24287,12.5,89,0.696,0.6,0.708,1,0.841,1
F101763,Vihiga,F,52,8,1.83,8479,1.7,76,0.611,0.69,0.498,1,1.355,0
F101764,Vihiga,F,44,7,5.49,18235,12.0,168,0.828,0.925,0.878,1,1.342,0
F101765,Siaya,M,39,6,3.68,20433,4.4,30,0.678,0.575,0.861,1,0.949,0
F101766,Vihiga,F,24,1,0.4,13578,0.6,9,0.415,0.778,0.767,0,0.786,0
F101767,Busia,F,60,1,1.72,22051,1.5,133,0.823,0.684,0.767,1,1.118,0
F101768,Kakamega,M,56,2,1.8,12420,1.5,166,0.488,0.706,0.922,1,0.951,1
F101769,Bungoma,M,66,4,1.54,21398,0.4,149,0.795,0.556,0.762,1,1.673,0
F101770,Busia,M,56,7,0.34,17175,3.7,157,0.389,0.789,0.887,1,0.742,1
F101771,Busia,M,67,2,1.14,4137,7.8,155,0.817,0.708,0.971,1,1.391,0
F101772,Busia,M,64,6,1.14,21113,0.6,124,0.915,0.767,0.937,1,0.898,0
F101773,Busia,M,41,1,0.29,18355,16.3,166,0.666,0.604,0.582,0,0.942,1
F101774,Trans Nzoia,M,55,3,0.78,7891,4.1,63,0.617,0.408,0.644,1,0.79,1
F101775,Kakamega,F,33,5,1.18,18486,3.3,134,0.744,0.697,0.852,1,1.03,0
F101776,Bungoma,M,59,7,0.91,14255,2.8,19,0.654,0.892,0.528,1,0.782,0
F101777,Kakamega,F,50,7,1.62,23747,2.6,96,0.784,0.943,0.617,1,0.942,0
F101778,Bungoma,M,42,5,0.76,9703,0.8,54,0.949,0.629,0.733,1,0.684,0
F101779,Trans Nzoia,M,51,1,1.06,8796,5.2,169,0.709,0.116,0.658,0,0.501,1
F101780,Kakamega,F,33,3,1.91,4285,1.8,80,0.395,0.703,0.777,1,0.943,0
F101781,Busia,M,51,7,3.02,20299,0.4,40,0.75,0.96,0.895,0,1.326,0
F101782,Kakamega,M,43,1,0.33,24674,9.5,103,0.497,0.635,0.714,1,1.061,1
F101783,Siaya,F,36,6,1.57,18160,0.7,16,0.569,0.709,0.833,1,0.956,0
F101784,Trans Nzoia,F,68,6,0.67,11124,17.3,25,0.629,0.542,0.874,1,1.652,0
F101785,Bungoma,M,23,7,1.33,22331,3.0,79,0.924,0.416,0.747,1,0.418,0
F101786,Bungoma,M,57,2,0.31,8573,1.0,114,0.752,0.225,0.63,1,1.069,1
F101787,Kakamega,F,30,2,2.25,18252,10.4,106,0.776,0.363,0.835,0,0.778,1
F101788,Busia,F,31,2,0.5,16133,4.2,12,0.847,0.877,0.616,1,1.009,0
F101789,Trans Nzoia,M,27,4,1.93,21753,0.2,123,0.642,0.944,0.832,1,0.802,0
F101790,Vihiga,F,25,5,0.35,24378,2.0,13,0.668,0.659,0.958,1,0.83,0
F101791,Siaya,F,26,1,0.25,10910,4.3,147,0.469,0.483,0.639,1,1.066,1
F101792,Busia,F,61,5,0.83,5097,6.2,9,0.767,0.777,0.737,1,0.951,0
F101793,Bungoma,F,66,2,1.15,6467,8.4,7,0.825,0.538,0.741,1,0.815,0
F101794,Busia,F,49,5,3.9,19264,0.4,94,0.46,0.851,0.644,1,0.662,0
F101795,Bungoma,M,20,3,1.13,10993,3.2,144,0.805,0.788,0.66,1,1.189,0
F101796,Siaya,M,63,8,0.4,6077,11.9,138,0.636,0.212,0.776,1,0.938,1
F101797,Bungoma,M,50,3,1.72,20931,2.7,109,0.485,0.811,0.875,1,0.69,0
F101798,Busia,F,46,7,2.5,17273,0.9,34,0.716,0.758,0.585,1,0.573,0
F101799,Vihiga,F,67,2,0.48,5896,10.9,171,0.735,0.691,0.641,1,1.066,1
F101800,Kakamega,F,40,1,1.89,18690,5.4,6,0.721,0.544,0.798,1,0.919,0
F101801,Busia,F,38,2,2.29,17034,6.9,64,0.931,0.467,0.465,1,1.039,0
F101802,Busia,F,58,4,1.75,24664,4.6,136,0.509,0.808,0.516,0,1.631,1
F101803,Bungoma,F,46,8,0.57,24726,1.6,112,0.458,0.6,0.694,1,1.199,1
F101804,Kakamega,F,55,2,1.16,24458,4.2,142,0.546,0.937,0.564,1,0.988,1
F101805,Kakamega,F,54,7,1.33,22690,0.9,138,0.884,0.758,0.889,1,0.577,0
F101806,Kakamega,M,61,6,2.2,20451,3.2,169,0.946,0.37,0.71,1,1.404,0
F101807,Busia,M,35,3,0.6,17766,3.9,94,0.381,0.876,0.583,1,1.016,1
F101808,Kakamega,M,23,3,1.92,14984,0.6,148,0.856,0.874,0.92,1,1.609,0
F101809,Siaya,M,43,8,0.89,20437,0.5,30,0.653,0.674,0.626,1,0.795,0
F101810,Bungoma,F,52,6,0.74,24249,1.2,33,0.485,0.719,0.905,1,0.676,0
F101811,Vihiga,F,60,2,1.03,5562,1.1,11,0.937,0.675,0.707,1,1.357,0
F101812,Trans Nzoia,F,33,8,0.08,6001,5.2,39,0.82,0.539,0.934,0,1.061,0
F101813,Busia,F,57,4,0.12,13974,3.9,22,0.853,0.711,0.792,1,1.31,0
F101814,Siaya,F,61,1,0.16,9459,1.0,148,0.825,0.524,0.868,1,0.693,0
F101815,Kakamega,F,60,7,1.37,14702,1.6,90,0.904,0.788,0.559,1,0.69,0
F101816,Bungoma,F,60,7,0.81,9846,2.7,81,0.561,0.779,0.914,0,0.743,0
F101817,Bungoma,F,69,4,0.57,20219,0.2,116,0.754,0.582,0.921,1,0.305,0
F101818,Kakamega,M,53,6,0.96,22764,6.0,66,0.549,0.624,0.947,1,0.869,0
F101819,Bungoma,M,38,2,1.95,9217,1.0,103,0.589,0.809,0.797,0,0.532,1
F101820,Bungoma,M,41,7,0.93,19993,0.8,3,0.695,0.837,0.921,1,1.019,0
F101821,Trans Nzoia,M,57,3,0.39,5342,3.0,129,0.585,0.65,0.804,0,0.976,1
F101822,Bungoma,F,31,3,4.31,20529,2.4,157,0.597,0.607,0.868,0,0.776,1
F101823,Siaya,F,50,5,1.0,18358,3.9,9,0.296,0.917,0.888,1,1.128,0
F101824,Trans Nzoia,M,48,3,2.31,18629,12.1,17,0.393,0.814,0.89,1,1.04,0
F101825,Siaya,F,53,5,1.76,13837,1.8,27,0.497,0.645,0.923,1,1.332,0
F101826,Kakamega,F,41,6,0.7,5353,9.5,110,0.342,0.596,0.791,1,1.462,0
F101827,Siaya,F,56,4,3.0,21530,0.5,137,0.472,0.817,0.69,1,1.033,1
F101828,Vihiga,M,23,7,0.61,5413,15.2,148,0.777,0.845,0.629,1,1.108,0
F101829,Siaya,M,57,4,1.35,13592,0.2,141,0.884,0.837,0.666,1,1.146,0
F101830,Busia,F,60,8,1.22,6834,0.6,105,0.868,0.792,0.955,1,1.482,0
F101831,Siaya,M,64,3,1.31,21617,3.0,127,0.716,0.925,0.815,1,0.648,0
F101832,Vihiga,F,66,6,2.66,15632,3.9,52,0.546,0.682,0.514,1,0.858,0
F101833,Kakamega,F,37,5,1.02,14172,3.4,134,0.819,0.487,0.844,1,0.655,0
F101834,Busia,F,22,8,1.17,9981,6.8,35,0.699,0.446,0.911,1,0.843,0
F101835,Kakamega,F,52,2,1.21,20219,15.6,173,0.898,0.524,0.902,0,0.903,1
F101836,Siaya,M,24,2,3.79,7621,0.2,10,0.582,0.854,0.472,1,0.781,0
F101837,Bungoma,F,34,7,2.19,18856,0.4,170,0.689,0.753,0.639,1,1.104,0
F101838,Bungoma,M,55,8,0.24,24323,0.0,84,0.778,0.942,0.704,1,1.126,0
F101839,Vihiga,F,49,6,0.63,8853,0.8,117,0.771,0.837,0.93,1,0.998,0
F101840,Busia,M,50,4,1.07,18092,1.0,31,0.879,0.809,0.231,1,1.081,0
F101841,Kakamega,M,57,4,2.63,9806,7.9,59,0.74,0.786,0.748,0,1.444,0
F101842,Trans Nzoia,M,28,6,2.8,23453,0.1,155,0.75,0.868,0.624,1,1.09,0
F101843,Siaya,F,59,6,0.97,22782,1.9,5,0.515,0.375,0.743,0,0.667,1
F101844,Trans Nzoia,M,49,3,0.62,9902,1.5,36,0.861,0.971,0.663,1,0.802,0
F101845,Vihiga,F,41,1,0.87,8082,2.9,114,0.624,0.458,0.522,0,0.783,1
F101846,Busia,M,43,1,1.1,4816,0.5,145,0.932,0.841,0.815,0,1.354,0
F101847,Vihiga,M,45,3,0.82,18345,2.9,79,0.777,0.769,0.862,0,0.874,1
F101848,Vihiga,F,47,6,2.35,23231,1.5,18,0.591,0.85,0.66,1,0.742,0
F101849,Kakamega,F,36,4,0.76,6192,5.2,29,0.405,0.528,0.615,0,0.714,1
F101850,Kakamega,F,31,5,0.48,20954,4.6,160,0.779,0.547,0.866,1,0.856,1
F101851,Bungoma,F,28,4,0.86,19613,14.5,41,0.779,0.666,0.751,0,0.846,0
F101852,Busia,F,37,3,1.27,13383,1.8,105,0.833,0.679,0.813,1,0.809,0
F101853,Kakamega,F,33,6,2.37,7912,6.4,168,0.696,0.929,0.638,0,1.219,1
F101854,Kakamega,F,45,6,0.45,17364,0.1,69,0.963,0.359,0.858,1,0.927,0
F101855,Siaya,F,65,8,1.28,16069,0.6,14,0.875,0.437,0.882,1,0.98,0
F101856,Busia,M,25,7,1.3,20854,0.5,146,0.94,0.694,0.738,0,1.187,0
F101857,Vihiga,F,35,4,1.48,15413,18.9,142,0.63,0.651,0.963,0,1.206,1
F101858,Vihiga,M,22,6,0.76,4074,0.2,118,0.808,0.897,0.702,1,0.847,0
F101859,Trans Nzoia,F,68,3,1.47,7477,0.9,162,0.716,0.606,0.707,1,1.301,0
F101860,Trans Nzoia,F,55,7,1.73,11373,3.0,140,0.557,0.775,0.877,1,0.994,0
F101861,Bungoma,F,32,5,0.75,13810,2.4,124,0.531,0.833,0.741,0,0.852,1
F101862,Siaya,M,40,7,1.17,10698,0.7,62,0.558,0.729,0.798,1,1.228,0
F101863,Busia,F,56,3,0.9,22343,15.1,13,0.823,0.923,0.66,1,1.098,0
F101864,Siaya,M,67,1,0.54,9185,0.3,131,0.545,0.659,0.833,1,1.073,0
F101865,Busia,F,48,2,0.32,17971,2.0,152,0.615,0.871,0.727,0,0.909,1
F101866,Kakamega,F,33,5,0.61,10951,4.8,126,0.843,0.777,0.986,1,1.0,0
F101867,Trans Nzoia,F,54,8,0.65,24838,1.3,118,0.93,0.921,0.758,0,0.817,0
F101868,Kakamega,M,54,6,0.31,23154,4.2,130,0.399,0.476,0.586,1,0.947,1
F101869,Trans Nzoia,F,52,7,1.4,20260,0.6,52,0.864,0.979,0.854,0,0.895,0
F101870,Kakamega,F,22,4,1.82,19827,1.2,23,0.772,0.368,0.948,1,1.061,0
F101871,Bungoma,F,55,8,0.88,17156,0.1,114,0.678,0.808,0.897,1,1.384,0
F101872,Vihiga,F,20,8,0.98,15918,1.7,169,0.656,0.52,0.782,0,0.956,0
F101873,Siaya,F,65,2,0.69,15390,0.0,27,0.606,0.715,0.751,1,1.196,0
F101874,Busia,M,64,7,0.94,3592,6.8,15,0.955,0.631,0.725,1,1.033,0
F101875,Kakamega,F,48,1,1.47,23623,0.9,128,0.594,0.623,0.69,1,1.287,1
F101876,Bungoma,F,52,5,1.28,24596,0.3,77,0.563,0.935,0.398,1,1.426,0
F101877,Siaya,M,23,4,0.94,14594,0.8,162,0.456,0.884,0.472,0,0.872,1
F101878,Trans Nzoia,F,63,3,0.65,22152,4.2,86,0.929,0.348,0.871,1,0.573,0
F101879,Kakamega,F,33,8,1.71,11858,1.9,95,0.825,0.668,0.756,1,0.688,0
F101880,Busia,M,33,6,0.71,5470,12.0,13,0.785,0.728,0.911,0,1.246,0
F101881,Bungoma,M,55,2,0.33,21358,0.6,171,0.667,0.637,0.68,1,1.08,1
F101882,Bungoma,M,66,2,1.12,14207,3.5,61,0.49,0.596,0.751,1,0.756,0
F101883,Siaya,F,44,1,0.19,23685,1.1,80,0.802,0.94,0.582,1,1.401,0
F101884,Vihiga,M,45,3,1.24,7690,8.8,114,0.75,0.717,0.797,1,0.92,0
F101885,Bungoma,F,47,1,1.31,13536,3.4,154,0.889,0.875,0.643,0,0.91,1
F101886,Vihiga,M,34,3,0.61,17683,10.5,143,0.862,0.541,0.736,1,0.927,1
F101887,Busia,M,49,7,0.68,6019,0.1,139,0.529,0.21,0.678,1,1.316,1
F101888,Kakamega,M,68,7,1.89,24925,1.2,21,0.924,0.889,0.811,1,0.809,0
F101889,Busia,F,39,7,3.55,16384,3.6,18,0.758,0.877,0.834,0,1.32,0
F101890,Bungoma,F,58,4,1.02,6780,17.9,150,0.807,0.804,0.485,1,1.141,1
F101891,Bungoma,M,58,6,0.62,19299,1.3,164,0.418,0.715,0.905,1,1.341,0
F101892,Siaya,F,62,8,1.31,22325,11.4,113,0.63,0.878,0.669,0,1.191,1
F101893,Trans Nzoia,F,56,1,0.91,11219,2.6,164,0.71,0.811,0.84,0,1.088,1
F101894,Kakamega,M,66,8,1.25,16418,3.0,59,0.783,0.727,0.834,1,1.174,0
F101895,Siaya,M,55,6,1.12,19453,6.5,65,0.599,0.631,0.664,1,1.023,0
F101896,Vihiga,F,68,4,1.14,6201,2.4,33,0.997,0.442,0.803,1,0.824,0
F101897,Siaya,F,55,4,0.13,14683,2.2,143,0.688,0.571,0.892,1,1.165,0
F101898,Trans Nzoia,F,61,4,0.68,15302,1.8,121,0.677,0.41,0.608,0,0.982,1
F101899,Busia,F,64,2,0.63,9629,2.2,42,0.905,0.479,0.956,1,1.316,0
F101900,Vihiga,F,69,2,0.62,9593,5.1,179,0.832,0.523,0.739,1,1.307,1
F101901,Vihiga,M,49,3,1.55,16849,0.4,8,0.621,0.629,0.415,1,1.146,0
F101902,Trans Nzoia,M,55,1,0.36,19537,0.4,139,0.812,0.749,0.623,1,1.248,0
F101903,Bungoma,F,68,5,0.13,11556,1.4,39,0.599,0.83,0.6,1,1.123,0
F101904,Bungoma,F,39,4,0.61,6223,4.3,141,0.913,0.983,0.787,1,1.126,0
F101905,Bungoma,M,25,3,0.51,20310,0.8,88,0.725,0.447,0.378,1,0.842,1
F101906,Bungoma,M,64,2,1.03,6820,8.3,44,0.785,0.52,0.888,0,1.063,0
F101907,Kakamega,M,51,8,0.51,3067,0.4,13,0.43,0.561,0.662,1,1.111,0
F101908,Kakamega,F,41,6,0.81,10092,7.6,112,0.832,0.484,0.777,0,1.092,1
F101909,Siaya,M,55,4,0.72,20999,3.8,31,0.61,0.752,0.967,1,1.068,0
F101910,Kakamega,F,21,6,2.29,19648,4.7,82,0.734,0.627,0.86,1,1.053,0
F101911,Siaya,F,43,3,0.52,9744,5.6,171,0.776,0.634,0.823,1,1.52,0
F101912,Kakamega,M,33,2,1.49,14426,1.6,160,0.945,0.883,0.645,1,1.034,0
F101913,Trans Nzoia,F,34,6,0.93,24111,1.8,90,0.825,0.718,0.825,1,1.186,0
F101914,Bungoma,F,68,7,1.91,18813,4.6,132,0.754,0.569,0.726,1,1.008,0
F101915,Vihiga,F,47,6,2.77,19701,7.1,148,0.923,0.662,0.847,1,1.085,0
F101916,Bungoma,F,27,5,0.92,4927,0.6,110,0.366,0.38,0.644,1,0.789,1
F101917,Busia,F,38,1,0.2,8302,0.7,39,0.412,0.545,0.697,0,0.858,1
F101918,Busia,M,32,6,0.37,5288,1.0,146,0.342,0.766,0.761,1,0.882,1
F101919,Vihiga,F,65,5,0.29,24533,1.9,18,0.846,0.506,0.641,1,0.655,0
F101920,Busia,F,34,4,0.68,10529,4.8,95,0.806,0.128,0.793,1,1.035,0
F101921,Vihiga,M,37,2,0.6,13990,0.9,141,0.987,0.452,0.623,1,0.782,1
F101922,Trans Nzoia,F,36,8,1.16,15134,3.4,103,0.569,0.607,0.498,1,0.736,1
F101923,Busia,M,28,4,1.81,14504,4.7,64,0.88,0.33,0.703,1,1.544,0
F101924,Busia,F,59,3,0.18,4146,3.3,76,0.887,0.836,0.375,1,1.294,0
F101925,Kakamega,F,48,6,0.98,23009,1.4,84,0.806,0.849,0.79,0,1.52,0
F101926,Busia,F,41,4,0.53,11367,1.2,134,0.497,0.628,0.932,1,0.992,0
F101927,Kakamega,M,39,5,1.01,23204,3.5,178,0.627,0.84,0.724,1,0.935,1
F101928,Bungoma,F,53,6,0.69,19830,5.4,140,0.787,0.628,0.662,1,1.11,0
F101929,Siaya,M,24,3,1.61,18331,1.2,59,0.929,0.545,0.944,1,1.108,0
F101930,Kakamega,F,66,2,0.39,18463,11.4,22,0.948,0.661,0.968,1,0.928,0
F101931,Busia,F,48,2,0.56,24525,2.6,86,0.604,0.704,0.526,1,0.824,1
F101932,Siaya,F,31,8,0.87,9673,2.8,154,0.695,0.57,0.752,1,1.164,0
F101933,Siaya,F,46,5,0.74,10235,12.4,115,0.98,0.389,0.845,0,0.619,1
F101934,Kakamega,F,62,4,0.87,17754,5.1,59,0.502,0.79,0.917,1,1.161,0
F101935,Kakamega,F,28,3,0.23,8111,11.2,18,0.685,0.8,0.863,0,0.94,0
F101936,Busia,F,46,6,2.5,20686,3.6,47,0.562,0.499,0.939,1,1.21,0
F101937,Vihiga,M,49,8,0.64,3643,0.5,129,0.522,0.692,0.954,1,1.283,0
F101938,Siaya,F,60,7,0.41,22739,0.2,121,0.841,0.61,0.663,1,1.158,0
F101939,Bungoma,F,48,5,0.89,10619,4.5,82,0.615,0.547,0.938,1,0.723,0
F101940,Kakamega,F,56,4,0.99,3099,3.1,62,0.805,0.698,0.753,1,0.639,0
F101941,Bungoma,F,58,7,3.23,16257,13.9,33,0.712,0.931,0.938,1,0.619,0
F101942,Siaya,F,64,7,2.02,9060,13.2,175,0.602,0.629,0.655,0,0.888,1
F101943,Kakamega,F,38,4,0.73,9718,11.9,79,0.846,0.683,0.947,1,0.642,0
F101944,Busia,F,55,8,2.86,13592,4.0,138,0.7,0.398,0.651,1,0.996,1
F101945,Kakamega,M,32,7,2.5,15751,4.2,84,0.515,0.709,0.916,0,0.783,0
F101946,Kakamega,F,62,7,0.42,5995,2.0,103,0.924,0.75,0.493,1,0.863,0
F101947,Siaya,F,67,1,3.73,4064,5.4,116,0.89,0.331,0.902,1,1.003,0
F101948,Kakamega,M,34,2,0.65,13150,3.2,65,0.897,0.819,0.778,1,1.102,0
F101949,Bungoma,F,48,3,1.08,10790,1.3,168,0.693,0.274,0.793,1,0.804,1
F101950,Siaya,F,61,7,2.25,15806,2.9,83,0.866,0.753,0.905,0,0.896,0
F101951,Vihiga,M,21,1,0.18,19456,2.0,138,0.915,0.5,0.683,1,1.091,0
F101952,Kakamega,M,55,1,0.87,16520,2.4,165,0.679,0.984,0.809,1,0.972,0
F101953,Busia,M,61,1,1.21,5295,0.5,70,0.788,0.405,0.889,1,0.964,0
F101954,Siaya,F,63,2,1.96,24918,2.4,44,0.78,0.577,0.722,1,1.173,0
F101955,Busia,F,29,8,0.96,18726,0.6,174,0.739,0.8,0.931,1,0.778,0
F101956,Vihiga,M,57,6,0.18,4080,2.9,142,0.683,0.815,0.773,1,1.209,0
F101957,Vihiga,M,59,6,3.22,19792,0.6,142,0.344,0.809,0.871,1,1.573,0
F101958,Vihiga,F,20,3,0.98,22372,4.2,170,0.901,0.333,0.752,1,1.072,1
F101959,Bungoma,F,55,6,1.24,15512,2.5,7,0.732,0.734,0.605,1,0.889,0
F101960,Siaya,F,51,7,0.25,21314,5.0,170,0.853,0.386,0.66,1,0.639,1
F101961,Siaya,F,68,5,2.43,22493,3.0,23,0.653,0.582,0.78,1,0.877,0
F101962,Kakamega,M,22,7,0.66,24209,4.8,28,0.503,0.808,0.776,1,1.092,0
F101963,Trans Nzoia,F,68,5,0.53,24000,1.5,41,0.365,0.727,0.798,1,0.972,0
F101964,Trans Nzoia,F,48,3,2.07,7263,2.1,23,0.667,0.611,0.588,1,0.987,0
F101965,Trans Nzoia,F,33,6,0.28,3762,1.4,17,0.894,0.75,0.683,1,0.973,0
F101966,Busia,F,39,8,1.25,17338,0.7,25,0.842,0.839,0.719,1,0.876,0
F101967,Busia,F,58,7,0.52,17939,0.3,88,0.843,0.954,0.732,0,0.986,0
F101968,Siaya,F,69,4,1.36,15515,4.5,68,0.687,0.852,0.679,1,0.798,0
F101969,Kakamega,F,35,5,1.62,8217,1.0,63,0.534,0.771,0.697,1,1.025,0
F101970,Trans Nzoia,M,69,8,0.64,23873,5.1,33,0.67,0.872,0.981,1,1.039,0
F101971,Siaya,F,51,6,2.33,11980,0.6,175,0.757,0.613,0.629,1,1.349,0
F101972,Trans Nzoia,F,29,5,0.98,19313,1.7,61,0.769,0.501,0.805,1,0.808,0
F101973,Busia,F,49,3,3.25,16709,3.2,86,0.757,0.906,0.695,0,1.183,0
F101974,Vihiga,F,60,8,2.09,22703,1.8,28,0.578,0.668,0.69,1,1.212,0
F101975,Kakamega,F,22,8,1.07,18669,6.9,40,0.827,0.684,0.886,0,0.937,0
F101976,Siaya,F,23,1,1.06,16961,3.7,44,0.733,0.51,0.875,1,0.833,0
F101977,Busia,F,20,1,0.31,21484,1.2,174,0.397,0.668,0.597,1,1.334,1
F101978,Kakamega,F,48,1,2.07,4193,1.8,34,0.76,0.61,0.664,1,0.675,0
F101979,Trans Nzoia,M,22,4,0.59,18518,9.1,93,0.686,0.788,0.814,1,0.797,0
F101980,Vihiga,F,66,2,1.15,15896,1.5,99,0.853,0.89,0.847,1,0.732,0
F101981,Vihiga,F,26,8,3.23,20102,1.7,15,0.311,0.709,0.924,1,0.831,0
F101982,Kakamega,F,23,8,2.3,7931,4.1,65,0.562,0.615,0.848,1,0.941,0
F101983,Trans Nzoia,F,32,2,0.44,16179,12.1,17,0.956,0.989,0.566,1,1.371,0
F101984,Vihiga,F,58,7,0.99,9250,2.9,33,0.412,0.888,0.813,1,0.895,0
F101985,Trans Nzoia,F,65,2,1.24,5575,0.9,122,0.611,0.83,0.899,1,1.526,0
F101986,Trans Nzoia,F,32,7,2.49,15656,42.0,103,0.883,0.84,0.738,1,1.225,0
F101987,Bungoma,F,45,3,2.25,3471,0.8,90,0.668,0.234,0.868,1,0.874,0
F101988,Bungoma,M,58,1,1.48,5049,4.7,40,0.76,0.376,0.598,0,0.877,1
F101989,Siaya,M,59,4,1.38,14655,1.1,113,0.852,0.939,0.674,1,1.049,0
F101990,Vihiga,M,27,7,0.97,22768,9.4,163,0.784,0.66,0.707,1,1.019,1
F101991,Busia,F,61,8,1.22,18741,5.2,153,0.778,0.927,0.668,0,0.709,1
F101992,Bungoma,F,63,1,0.81,3339,1.0,33,0.656,0.79,0.376,1,0.817,0
F101993,Vihiga,F,56,7,1.73,5395,0.2,123,0.903,0.671,0.422,1,0.613,0
F101994,Trans Nzoia,F,46,3,1.43,12483,11.5,46,0.889,0.31,0.721,1,1.44,0
F101995,Kakamega,F,39,4,2.02,12444,3.3,155,0.555,0.501,0.813,0,1.035,1
F101996,Vihiga,F,64,1,1.98,3878,2.7,86,0.861,0.773,0.704,0,0.922,0
F101997,Siaya,F,63,8,0.59,8635,14.7,134,0.863,0.784,0.762,1,0.833,0
F101998,Bungoma,F,45,7,0.1,5791,8.4,98,0.764,0.667,0.906,1,0.861,0
F101999,Bungoma,F,57,6,0.55,15476,1.0,122,0.752,0.696,0.748,0,0.633,1
F102000,Siaya,M,39,6,1.21,17483,1.9,168,0.796,0.876,0.673,1,1.041,0
F102001,Kakamega,F,57,7,0.81,11591,1.1,26,0.86,0.536,0.685,1,1.194,0
F102002,Busia,M,24,2,0.78,15573,8.8,162,0.744,0.679,0.573,1,1.392,1
F102003,Busia,F,65,2,0.52,7432,9.1,88,0.839,0.911,0.797,1,1.198,0
F102004,Trans Nzoia,F,45,1,1.33,21735,16.7,28,0.704,0.742,0.659,1,1.187,0
F102005,Kakamega,F,49,4,0.19,3096,2.5,79,0.492,0.401,0.952,1,1.292,0
F102006,Busia,F,29,4,1.47,14096,1.3,12,0.582,0.486,0.915,1,0.961,0
F102007,Kakamega,F,46,1,1.49,10073,1.1,98,0.418,0.658,0.296,1,0.665,1
F102008,Trans Nzoia,F,20,6,1.99,12919,12.5,86,0.788,0.724,0.899,1,1.194,0
F102009,Vihiga,F,64,1,5.84,14355,5.9,72,0.535,0.821,0.588,1,0.821,0
F102010,Busia,F,57,7,0.08,17212,7.5,81,0.685,0.727,0.779,0,0.978,0
F102011,Busia,F,42,6,1.44,23442,6.9,112,0.527,0.501,0.298,0,0.747,1
F102012,Kakamega,M,61,7,1.65,15346,1.6,149,0.837,0.325,0.813,1,1.288,0
F102013,Siaya,F,60,1,0.55,8004,6.8,72,0.818,0.496,0.914,1,1.213,0
F102014,Vihiga,F,25,7,0.85,14530,0.7,5,0.626,0.357,0.844,1,0.649,0
F102015,Bungoma,F,22,5,0.67,14269,4.7,101,0.858,0.613,0.606,1,1.025,0
F102016,Busia,F,32,7,1.51,22022,2.2,170,0.583,0.781,0.849,1,1.26,0
F102017,Trans Nzoia,F,20,6,2.14,15462,6.8,72,0.584,0.805,0.814,1,0.968,0
F102018,Trans Nzoia,F,48,6,0.35,22097,0.7,24,0.56,0.759,0.508,1,0.996,0
F102019,Busia,M,46,1,1.35,17283,5.2,162,0.705,0.488,0.606,1,1.242,1
F102020,Bungoma,F,46,6,2.44,15580,1.6,77,0.774,0.73,0.884,1,0.934,0
F102021,Vihiga,F,23,4,0.59,10228,5.6,69,0.733,0.628,0.835,1,0.979,0
F102022,Vihiga,F,65,7,0.47,8632,8.2,55,0.82,0.889,0.634,1,1.196,0
F102023,Vihiga,M,68,6,0.42,5188,2.1,132,0.824,0.35,0.518,1,0.748,1
F102024,Kakamega,M,49,1,0.49,15061,3.5,28,0.89,0.603,0.889,1,0.829,0
F102025,Busia,M,20,8,3.19,23269,2.1,111,0.83,0.858,0.445,1,0.572,0
F102026,Vihiga,M,39,1,3.69,3278,1.8,64,0.884,0.928,0.814,0,1.502,0
F102027,Siaya,M,55,3,2.66,23960,0.7,71,0.78,0.875,0.632,1,1.029,0
F102028,Vihiga,F,57,2,0.79,21906,2.9,41,0.597,0.795,0.799,1,1.263,0
F102029,Busia,M,32,8,2.73,12641,11.5,145,0.789,0.592,0.781,1,0.702,1
F102030,Vihiga,F,61,2,0.4,9899,2.5,83,0.712,0.46,0.69,1,1.31,0
F102031,Bungoma,F,68,7,1.76,15772,5.1,167,0.842,0.78,0.842,1,0.926,0
F102032,Kakamega,M,45,2,0.63,21821,7.6,149,0.924,0.77,0.598,1,1.344,0
F102033,Trans Nzoia,F,39,6,0.36,3638,2.7,137,0.853,0.85,0.9,1,0.95,0
F102034,Siaya,F,46,1,1.32,12885,9.6,82,0.821,0.77,0.597,1,0.729,0
F102035,Siaya,F,21,4,1.34,4038,0.3,170,0.527,0.424,0.84,1,1.272,1
F102036,Vihiga,F,46,5,1.44,17168,24.4,106,0.559,0.816,0.747,1,1.015,1
F102037,Kakamega,M,21,6,1.56,4686,2.3,80,0.587,0.706,0.785,0,0.707,0
F102038,Siaya,F,21,7,1.27,9965,18.1,64,0.584,0.979,0.715,1,0.589,0
F102039,Busia,M,47,7,0.92,19252,6.6,164,0.936,0.703,0.848,1,1.104,0
F102040,Bungoma,F,45,5,1.05,19543,1.4,47,0.882,0.552,0.884,1,0.993,0
F102041,Siaya,M,69,3,1.78,7999,3.5,158,0.631,0.916,0.629,0,1.051,1
F102042,Trans Nzoia,F,45,3,1.24,14285,0.1,43,0.86,0.523,0.716,1,1.058,0
F102043,Trans Nzoia,M,68,8,0.69,7057,4.5,137,0.805,0.729,0.478,1,0.964,0
F102044,Bungoma,F,60,5,0.55,16016,6.0,52,0.642,0.671,0.828,1,1.095,0
F102045,Siaya,F,36,8,1.04,3183,0.6,150,0.775,0.795,0.726,1,1.18,0
F102046,Busia,F,66,4,2.44,20903,2.0,150,0.66,0.95,0.915,1,0.963,0
F102047,Vihiga,F,44,4,1.57,3503,4.2,132,0.727,0.626,0.324,1,1.13,1
F102048,Trans Nzoia,F,49,7,2.52,16388,2.3,178,0.928,0.398,0.893,0,1.143,1
F102049,Vihiga,M,25,6,0.78,11918,1.7,93,0.353,0.461,0.652,1,1.267,1
F102050,Bungoma,M,30,2,1.17,7916,1.7,151,0.925,0.734,0.964,0,0.442,0
F102051,Bungoma,M,46,5,1.3,14916,0.9,100,0.667,0.316,0.676,0,0.893,1
F102052,Busia,F,33,2,1.84,6118,4.6,9,0.782,0.781,0.937,1,1.138,0
F102053,Siaya,F,49,7,0.78,15739,3.5,76,0.851,0.407,0.937,1,1.524,0
F102054,Trans Nzoia,M,23,1,1.57,17184,10.7,8,0.706,0.602,0.93,0,1.295,0
F102055,Busia,M,32,7,2.34,13074,5.0,120,0.725,0.904,0.948,1,1.301,0
F102056,Trans Nzoia,F,53,8,0.96,10956,0.9,29,0.765,0.853,0.784,1,1.664,0
F102057,Trans Nzoia,M,50,1,0.49,13110,3.3,60,0.744,0.784,0.824,1,0.979,0
F102058,Busia,F,69,6,2.4,24045,7.1,157,0.787,0.529,0.821,0,1.518,1
F102059,Busia,M,64,1,1.67,19569,23.4,133,0.759,0.482,0.782,1,1.171,1
F102060,Siaya,M,60,3,0.28,3128,0.1,62,0.495,0.481,0.752,0,0.755,1
F102061,Vihiga,M,20,3,0.97,9370,3.1,92,0.761,0.539,0.678,1,0.572,0
F102062,Kakamega,F,50,5,3.32,3547,1.7,105,0.885,0.395,0.764,1,0.943,0
F102063,Trans Nzoia,F,31,8,1.48,8229,1.3,65,0.779,0.849,0.751,1,1.165,0
F102064,Vihiga,F,33,4,1.04,20126,3.6,135,0.391,0.717,0.915,1,0.934,1
F102065,Vihiga,M,30,4,0.43,21795,3.3,29,0.746,0.738,0.925,0,1.029,0
F102066,Trans Nzoia,F,42,1,0.43,13054,6.4,78,0.477,0.929,0.928,1,1.479,0
F102067,Siaya,M,26,8,1.76,18163,1.6,48,0.835,0.71,0.757,0,1.011,0
F102068,Bungoma,M,46,3,0.47,11152,1.1,123,0.615,0.878,0.769,1,1.491,0
F102069,Busia,F,28,4,1.31,13491,4.2,116,0.795,0.556,0.788,1,1.193,0
F102070,Bungoma,F,45,1,0.95,21241,0.7,145,0.615,0.991,0.9,1,1.266,0
F102071,Vihiga,M,51,3,1.25,9058,6.6,68,0.484,0.677,0.905,1,0.944,0
F102072,Busia,F,28,5,0.89,10003,7.5,43,0.575,0.649,0.832,1,0.982,0
F102073,Busia,F,25,8,1.43,6004,13.0,8,0.695,0.852,0.405,0,1.004,0
F102074,Trans Nzoia,F,60,3,1.98,7803,0.7,155,0.768,0.393,0.946,1,0.978,0
F102075,Busia,F,56,5,0.9,3823,3.5,61,0.962,0.961,0.838,0,1.163,0
F102076,Busia,M,33,8,1.86,20945,6.0,136,0.872,0.775,0.89,0,1.323,0
F102077,Busia,F,64,3,2.6,21752,11.2,67,0.93,0.485,0.761,0,1.616,0
F102078,Bungoma,F,31,3,1.3,12272,4.7,61,0.429,0.786,0.784,1,0.825,0
F102079,Kakamega,F,66,1,1.73,16054,2.7,44,0.765,0.677,0.706,1,1.0,0
F102080,Trans Nzoia,F,25,8,0.36,8473,3.1,141,0.597,0.699,0.56,1,1.249,0
F102081,Kakamega,F,53,1,0.92,4008,0.7,53,0.919,0.694,0.634,1,1.015,0
F102082,Bungoma,M,20,2,0.25,14345,13.8,55,0.567,0.807,0.435,1,0.676,1
F102083,Trans Nzoia,F,29,2,0.68,6488,3.0,127,0.581,0.585,0.872,1,1.199,0
F102084,Kakamega,F,40,6,0.93,21661,3.0,94,0.397,0.787,0.791,1,0.799,0
F102085,Vihiga,M,24,3,3.51,9150,0.5,135,0.845,0.206,0.757,1,1.049,1
F102086,Trans Nzoia,F,42,6,0.55,19227,8.3,21,0.57,0.677,0.55,1,1.43,0
F102087,Vihiga,F,31,5,1.01,8787,4.1,172,0.887,0.905,0.668,0,1.176,0
F102088,Bungoma,F,24,1,0.47,5781,22.4,44,0.847,0.372,0.833,1,1.158,0
F102089,Kakamega,F,68,3,0.87,15064,3.0,23,0.652,0.881,0.923,1,1.373,0
F102090,Siaya,F,69,1,1.45,7033,7.2,22,0.828,0.907,0.759,0,0.969,0
F102091,Bungoma,M,68,1,1.62,11787,14.2,58,0.693,0.601,0.788,1,1.086,0
F102092,Trans Nzoia,M,27,4,0.78,9453,0.1,77,0.89,0.082,0.931,1,0.955,0
F102093,Bungoma,F,39,3,0.62,22408,0.1,16,0.934,0.819,0.651,0,1.196,0
F102094,Kakamega,F,36,1,2.83,14066,0.5,113,0.63,0.819,0.835,1,0.667,0
F102095,Trans Nzoia,F,36,4,0.74,18827,6.9,111,0.324,0.715,0.698,1,0.778,1
F102096,Siaya,F,40,4,0.12,15954,2.7,140,0.472,0.465,0.87,1,1.008,1
F102097,Siaya,M,45,8,2.35,23036,2.9,5,0.606,0.614,0.706,1,1.151,0
F102098,Trans Nzoia,M,44,6,0.16,12669,1.5,20,0.78,0.525,0.66,1,1.476,0
F102099,Bungoma,M,34,4,2.35,21982,15.9,39,0.824,0.459,0.835,1,0.777,0
F102100,Siaya,F,68,4,0.25,22761,20.1,80,0.811,0.342,0.582,1,0.984,1
F102101,Trans Nzoia,M,68,1,0.31,23270,14.5,106,0.658,0.672,0.784,1,1.064,1
F102102,Bungoma,F,36,4,0.39,18306,5.1,38,0.632,0.441,0.612,1,0.713,0
F102103,Kakamega,F,31,5,0.69,24560,0.7,66,0.747,0.632,0.941,1,0.813,0
F102104,Siaya,M,46,1,2.37,19391,8.3,93,0.805,0.357,0.744,1,0.551,1
F102105,Bungoma,F,38,8,0.4,9857,4.1,99,0.329,0.612,0.84,0,1.138,1
F102106,Trans Nzoia,M,69,5,1.45,6454,3.7,96,0.747,0.656,0.583,0,0.799,1
F102107,Kakamega,M,41,7,1.23,7612,4.2,116,0.662,0.68,0.774,0,1.307,0
F102108,Bungoma,M,21,3,1.08,15622,0.7,136,0.946,0.482,0.721,1,1.105,0
F102109,Bungoma,F,26,7,2.08,6633,1.7,151,0.851,0.845,0.769,1,0.952,0
F102110,Bungoma,F,23,3,1.15,8227,1.3,173,0.953,0.392,0.815,1,0.812,1
F102111,Trans Nzoia,M,39,8,1.21,16817,1.7,72,0.907,0.877,0.815,1,1.096,0
F102112,Siaya,M,35,5,1.72,10320,1.0,61,0.906,0.415,0.705,1,0.936,0
F102113,Siaya,F,62,6,0.71,17981,0.3,52,0.435,0.611,0.886,1,1.135,0
F102114,Trans Nzoia,M,64,2,1.01,24940,0.8,64,0.763,0.721,0.655,1,1.289,0
F102115,Bungoma,F,27,8,1.3,4932,0.8,98,0.528,0.498,0.68,1,0.81,0
F102116,Siaya,F,67,2,1.94,17105,5.7,109,0.595,0.376,0.73,1,0.892,1
F102117,Vihiga,M,49,1,0.92,21063,5.1,15,0.701,0.701,0.759,1,1.32,0
F102118,Vihiga,F,35,4,1.0,6085,13.4,179,0.825,0.835,0.83,1,1.348,0
F102119,Trans Nzoia,F,40,7,1.42,20227,3.9,10,0.87,0.717,0.486,0,0.759,0
F102120,Trans Nzoia,M,42,8,0.93,14161,1.5,73,0.745,0.724,0.589,1,0.79,0
F102121,Siaya,M,28,7,0.56,16826,5.5,83,0.782,0.697,0.669,1,0.788,0
F102122,Vihiga,M,63,5,1.72,4134,9.9,64,0.702,0.539,0.73,1,1.059,0
F102123,Vihiga,F,20,8,1.15,12583,0.7,41,0.923,0.942,0.504,1,0.652,0
F102124,Trans Nzoia,M,23,4,0.75,11072,6.7,96,0.868,0.871,0.906,1,1.008,0
F102125,Bungoma,F,33,4,0.39,6380,1.8,4,0.542,0.684,0.597,0,0.99,0
F102126,Bungoma,F,27,2,0.16,19782,7.0,134,0.689,0.763,0.979,1,0.846,0
F102127,Vihiga,F,23,7,1.48,14123,0.0,123,0.625,0.735,0.925,1,1.022,0
F102128,Kakamega,M,39,3,0.55,22316,3.9,139,0.544,0.698,0.716,0,1.022,1
F102129,Bungoma,M,38,2,0.24,6501,0.7,147,0.603,0.917,0.68,1,0.911,0
F102130,Trans Nzoia,M,26,3,0.5,19077,1.3,160,0.757,0.712,0.616,1,1.42,0
F102131,Siaya,M,60,5,1.29,16309,0.7,29,0.84,0.832,0.659,1,0.898,0
F102132,Vihiga,F,64,3,0.55,17322,6.2,150,0.792,0.824,0.782,0,1.011,1
F102133,Busia,F,55,3,1.31,9819,0.1,102,0.799,0.759,0.828,1,0.849,0
F102134,Busia,F,46,3,0.65,18197,7.9,24,0.659,0.458,0.583,1,1.243,0
F102135,Trans Nzoia,F,67,5,1.01,8440,0.8,177,0.817,0.718,0.655,1,0.716,1
F102136,Vihiga,F,37,6,1.08,19769,1.9,146,0.813,0.757,0.48,1,1.037,0
F102137,Kakamega,M,41,6,1.65,12703,0.7,50,0.772,0.708,0.785,1,0.773,0
F102138,Vihiga,M,20,2,1.69,13550,6.2,160,0.833,0.622,0.9,1,0.571,1
F102139,Busia,M,55,3,1.04,15775,6.7,132,0.964,0.586,0.899,1,0.833,0
F102140,Trans Nzoia,F,24,6,0.45,4854,0.5,82,0.411,0.687,0.832,1,0.841,0
F102141,Siaya,F,53,2,2.23,11084,0.4,31,0.816,0.769,0.849,1,1.134,0
F102142,Siaya,F,59,1,0.74,7472,1.3,132,0.906,0.254,0.635,1,0.789,1
F102143,Vihiga,F,30,3,0.07,24199,1.1,167,0.894,0.822,0.96,0,0.481,1
F102144,Busia,F,50,6,1.26,12277,0.8,37,0.32,0.37,0.808,1,0.503,1
F102145,Busia,F,35,6,1.3,3129,0.8,3,0.87,0.501,0.655,1,1.041,0
F102146,Bungoma,F,39,2,0.76,3572,0.8,43,0.605,0.655,0.905,0,1.117,0
F102147,Siaya,M,46,6,0.26,23082,2.9,55,0.699,0.554,0.679,1,1.044,0
F102148,Siaya,F,32,2,0.2,6449,2.7,70,0.788,0.515,0.87,1,0.894,0
F102149,Siaya,F,59,6,0.81,3015,4.6,175,0.743,0.505,0.802,1,1.079,1
F102150,Bungoma,F,39,5,0.41,7667,3.8,173,0.676,0.564,0.575,1,0.538,1
F102151,Bungoma,F,43,2,1.94,7767,6.2,121,0.591,0.946,0.667,1,0.497,1
F102152,Siaya,F,60,3,0.79,4757,1.0,41,0.899,0.673,0.624,0,0.636,1
F102153,Vihiga,F,31,7,0.71,24919,10.0,40,0.82,0.759,0.587,1,0.955,0
F102154,Trans Nzoia,F,42,4,3.27,4300,0.9,17,0.528,0.376,0.563,0,1.195,0
F102155,Busia,F,69,6,0.09,19018,4.4,143,0.697,0.736,0.933,1,0.748,0
F102156,Busia,M,39,6,1.0,21412,7.0,42,0.541,0.304,0.954,1,0.777,0
F102157,Vihiga,F,25,1,0.17,17178,3.9,161,0.863,0.672,0.584,1,1.158,1
F102158,Trans Nzoia,F,34,8,2.39,5911,0.9,109,0.845,0.716,0.747,1,0.896,0
F102159,Busia,F,67,3,0.23,18974,1.7,89,0.568,0.435,0.417,0,1.045,1
F102160,Trans Nzoia,F,57,7,1.33,10253,6.5,167,0.407,0.709,0.856,1,1.025,1
F102161,Bungoma,F,60,4,1.2,11982,9.3,30,0.743,0.598,0.631,0,0.688,1
F102162,Busia,M,32,5,0.17,8530,0.0,85,0.791,0.745,0.685,0,1.448,0
F102163,Siaya,F,61,3,1.34,20252,5.7,48,0.781,0.613,0.562,0,0.779,1
F102164,Siaya,M,39,7,0.65,15756,11.9,35,0.456,0.468,0.483,1,1.475,0
F102165,Siaya,F,59,1,1.53,6407,0.9,169,0.894,0.342,0.943,1,1.137,0
F102166,Bungoma,F,64,8,0.61,11964,1.4,110,0.804,0.329,0.841,1,1.068,0
F102167,Siaya,F,30,2,1.35,20465,6.0,31,0.947,0.63,0.841,1,0.627,0
F102168,Siaya,F,66,8,0.93,23627,1.2,22,0.729,0.831,0.832,1,1.086,0
F102169,Siaya,F,51,1,1.34,23669,1.1,58,0.677,0.786,0.714,1,0.98,0
F102170,Kakamega,M,56,1,1.51,5967,1.8,150,0.685,0.734,0.906,0,0.943,1
F102171,Trans Nzoia,M,57,1,0.85,21869,0.4,28,0.836,0.211,0.752,0,0.674,1
F102172,Siaya,M,28,5,0.74,15457,4.5,134,0.549,0.728,0.77,1,1.219,0
F102173,Trans Nzoia,F,57,3,1.48,19272,6.5,21,0.817,0.323,0.649,1,1.23,0
F102174,Bungoma,M,30,5,0.66,11486,6.5,62,0.897,0.555,0.753,1,0.572,0
F102175,Trans Nzoia,F,33,7,0.86,17330,5.3,95,0.685,0.683,0.631,1,0.85,0
F102176,Kakamega,F,25,1,2.71,8680,2.8,25,0.72,0.789,0.88,1,0.928,0
F102177,Busia,M,29,5,1.01,14464,16.2,73,0.891,0.873,0.837,1,1.085,0
F102178,Vihiga,M,68,6,1.69,7967,9.3,50,0.851,0.787,0.67,1,1.036,0
F102179,Busia,M,36,4,0.57,11694,3.1,11,0.33,0.478,0.875,1,0.982,0
F102180,Trans Nzoia,M,39,8,1.33,11975,1.4,3,0.531,0.964,0.706,1,1.121,0
F102181,Bungoma,F,43,6,0.88,22044,3.9,28,0.51,0.833,0.867,1,1.467,0
F102182,Vihiga,M,55,1,0.76,16821,0.1,135,0.885,0.456,0.39,1,0.926,1
F102183,Vihiga,F,48,5,0.15,17244,6.2,9,0.963,0.349,0.817,1,1.258,0
F102184,Vihiga,M,46,4,0.42,9242,3.0,92,0.611,0.595,0.825,1,1.438,0
F102185,Bungoma,M,61,2,3.41,12567,0.6,7,0.851,0.882,0.755,1,1.382,0
F102186,Bungoma,F,44,8,0.92,13402,4.6,41,0.554,0.427,0.591,1,1.165,0
F102187,Bungoma,F,58,2,1.02,20265,0.3,34,0.761,0.704,0.825,1,1.164,0
F102188,Busia,F,65,1,1.9,7081,18.7,63,0.852,0.785,0.569,1,1.108,0
F102189,Vihiga,F,53,2,1.24,4190,0.9,134,0.702,0.808,0.908,1,1.423,0
F102190,Busia,F,21,7,0.76,14112,11.6,77,0.883,0.928,0.837,1,0.903,0
F102191,Busia,M,33,5,0.76,20888,5.1,5,0.715,0.652,0.552,0,0.906,0
F102192,Bungoma,F,50,7,0.39,19139,1.6,28,0.78,0.997,0.935,1,0.835,0
F102193,Bungoma,M,43,4,1.41,20835,10.5,56,0.797,0.74,0.751,1,1.61,0
F102194,Vihiga,F,34,1,1.45,11655,0.3,52,0.838,0.367,0.613,1,1.384,0
F102195,Trans Nzoia,F,36,4,1.03,8027,2.5,102,0.621,0.507,0.8,1,0.849,0
F102196,Bungoma,F,23,2,0.9,17518,2.4,65,0.66,0.666,0.761,1,0.699,0
F102197,Siaya,M,31,5,1.46,3828,6.6,134,0.653,0.887,0.931,0,0.95,0
F102198,Vihiga,F,59,3,0.38,22700,4.2,47,0.823,0.767,0.626,1,1.018,0
F102199,Bungoma,F,20,8,1.29,18701,0.1,122,0.736,0.574,0.755,1,1.064,0
F102200,Busia,F,61,4,2.81,14085,4.6,20,0.923,0.716,0.97,1,0.615,0
F102201,Kakamega,M,36,3,0.59,7397,3.8,177,0.949,0.639,0.794,1,0.815,0
F102202,Kakamega,F,60,8,0.83,8507,1.7,177,0.832,0.812,0.743,1,1.304,0
F102203,Busia,F,32,5,2.32,24912,1.7,51,0.643,0.957,0.858,1,1.153,0
F102204,Busia,M,61,2,1.03,3320,4.8,44,0.614,0.505,0.817,0,0.825,0
F102205,Trans Nzoia,M,48,4,1.78,3202,3.6,3,0.873,0.714,0.677,0,1.242,0
F102206,Kakamega,F,62,3,1.35,10644,3.6,175,0.727,0.739,0.877,0,1.244,1
F102207,Siaya,F,23,6,1.43,8055,4.9,9,0.872,0.419,0.788,1,1.556,0
F102208,Bungoma,F,59,5,0.56,17888,6.2,3,0.613,0.675,0.875,1,0.946,0
F102209,Kakamega,F,33,6,0.55,3925,1.7,20,0.66,0.788,0.641,1,0.832,0
F102210,Trans Nzoia,M,37,8,1.62,20281,2.6,55,0.457,0.614,0.714,1,0.963,0
F102211,Trans Nzoia,F,22,6,0.28,20218,3.2,175,0.603,0.455,0.704,1,1.232,1
F102212,Vihiga,F,67,3,0.86,8048,5.9,32,0.837,0.77,0.858,1,0.687,1
F102213,Kakamega,F,52,2,1.46,15731,0.4,103,0.676,0.371,0.738,1,1.001,1
F102214,Kakamega,F,69,5,0.83,17777,3.8,118,0.271,0.87,0.835,1,1.01,0
F102215,Busia,F,48,4,0.91,21665,1.5,144,0.646,0.538,0.845,1,1.332,0
F102216,Busia,M,27,3,1.84,19116,6.5,126,0.785,0.692,0.782,1,0.866,0
F102217,Siaya,F,36,7,2.51,24177,1.2,177,0.73,0.432,0.864,1,0.963,1
F102218,Bungoma,M,41,8,4.32,5551,0.9,120,0.475,0.68,0.99,0,1.131,0
F102219,Bungoma,M,27,4,2.37,16422,10.5,152,0.517,0.827,0.725,0,0.846,1
F102220,Siaya,F,66,6,0.7,20001,0.2,59,0.937,0.859,0.848,1,0.801,0
F102221,Kakamega,F,67,8,0.48,8098,3.7,75,0.281,0.918,0.68,1,1.468,0
F102222,Kakamega,F,48,1,0.71,7805,2.1,133,0.564,0.274,0.874,1,1.139,1
F102223,Busia,F,49,3,1.48,5038,3.5,158,0.407,0.514,0.636,0,1.304,1
F102224,Busia,F,55,6,0.77,24686,4.1,3,0.827,0.496,0.592,1,1.182,0
F102225,Vihiga,M,53,4,0.58,22057,2.9,79,0.467,0.72,0.664,1,0.971,0
F102226,Siaya,F,23,7,2.72,5661,3.8,145,0.714,0.644,0.865,1,0.849,0
F102227,Siaya,F,46,4,0.75,8392,1.3,23,0.365,0.525,0.697,1,0.859,0
F102228,Bungoma,F,58,1,1.39,13080,0.4,65,0.565,0.604,0.843,1,0.816,0
F102229,Siaya,F,60,4,1.37,22657,0.9,100,0.651,0.801,0.597,1,0.818,0
F102230,Vihiga,M,49,4,0.16,21164,3.5,17,0.355,0.772,0.834,0,0.805,0
F102231,Kakamega,F,64,7,2.61,22322,0.1,165,0.65,0.707,0.923,1,1.195,0
F102232,Siaya,M,49,2,0.36,21222,1.9,68,0.889,0.654,0.669,1,0.76,0
F102233,Kakamega,M,39,2,0.25,16811,2.8,141,0.642,0.668,0.92,1,1.348,0
F102234,Vihiga,F,42,2,0.68,9401,5.5,78,0.671,0.561,0.655,1,1.188,0
F102235,Trans Nzoia,F,54,5,0.49,16287,5.9,74,0.625,0.788,0.639,1,1.168,0
F102236,Bungoma,F,64,8,2.34,13871,6.6,173,0.954,0.662,0.891,1,1.06,0
F102237,Bungoma,M,31,5,1.23,23918,1.4,154,0.813,0.495,0.929,1,1.104,0
F102238,Busia,F,34,7,0.63,12866,1.0,94,0.62,0.491,0.72,0,0.894,1
F102239,Siaya,M,52,7,0.24,19632,1.9,85,0.854,0.711,0.918,1,0.789,0
F102240,Bungoma,M,58,5,1.33,6817,5.4,141,0.881,0.796,0.623,1,0.889,0
F102241,Vihiga,M,39,5,0.8,18032,7.9,124,0.621,0.562,0.876,1,0.672,1
F102242,Busia,F,52,2,1.47,12983,2.9,176,0.761,0.877,0.853,1,1.115,0
F102243,Kakamega,F,20,8,1.23,12586,10.7,61,0.823,0.666,0.889,1,0.75,0
F102244,Trans Nzoia,M,34,7,0.5,19604,0.0,22,0.676,0.889,0.7,0,1.163,0
F102245,Trans Nzoia,F,67,7,1.6,13647,8.0,37,0.801,0.724,0.645,1,1.17,0
F102246,Vihiga,M,48,8,0.32,4296,0.6,96,0.566,0.394,0.531,0,1.065,1
F102247,Bungoma,F,63,3,0.78,11556,2.4,58,0.763,0.617,0.521,1,0.873,0
F102248,Kakamega,F,30,2,0.86,24191,37.6,146,0.836,0.15,0.827,1,0.789,1
F102249,Busia,M,34,7,0.96,23819,0.1,157,0.633,0.693,0.902,1,0.819,0
F102250,Vihiga,F,68,4,0.3,16515,9.1,36,0.463,0.939,0.818,0,0.769,0
F102251,Vihiga,F,69,8,2.26,17038,4.7,178,0.834,0.84,0.739,1,0.997,0
F102252,Bungoma,F,63,6,0.5,8782,3.8,114,0.446,0.319,0.487,1,0.973,1
F102253,Vihiga,F,35,3,0.19,20167,1.1,49,0.639,0.811,0.743,1,1.477,0
F102254,Bungoma,M,60,3,1.26,16187,4.4,38,0.874,0.846,0.748,1,1.464,0
F102255,Trans Nzoia,F,42,5,3.38,3818,1.0,32,0.534,0.739,0.731,1,1.382,0
F102256,Trans Nzoia,F,62,4,0.15,23887,7.2,86,0.402,0.806,0.857,1,0.95,0
F102257,Vihiga,F,62,3,1.86,21753,0.5,15,0.837,0.793,0.671,1,0.646,0
F102258,Kakamega,M,41,2,1.01,4795,2.2,26,0.593,0.687,0.959,1,1.046,0
F102259,Siaya,F,35,6,0.31,12188,2.2,136,0.702,0.631,0.859,1,0.938,0
F102260,Kakamega,M,68,1,0.86,19335,2.3,89,0.939,0.612,0.887,1,1.01,0
F102261,Siaya,M,42,1,2.85,19217,0.1,96,0.495,0.684,0.699,1,1.108,0
F102262,Kakamega,F,41,1,2.43,6681,19.1,60,0.624,0.801,0.767,0,1.176,1
F102263,Vihiga,M,53,6,4.86,3880,10.0,101,0.812,0.432,0.693,1,0.555,1
F102264,Kakamega,M,66,1,1.65,24661,5.8,63,0.459,0.584,0.913,1,1.324,0
F102265,Kakamega,F,26,4,0.66,22665,1.0,11,0.607,0.691,0.488,1,1.239,0
F102266,Trans Nzoia,F,69,1,1.84,19244,2.3,103,0.866,0.517,0.649,1,0.857,0
F102267,Trans Nzoia,M,41,5,0.55,17516,2.1,17,0.626,0.53,0.684,1,1.222,0
F102268,Kakamega,M,21,1,0.91,18102,3.1,124,0.828,0.742,0.834,1,0.937,0
F102269,Siaya,M,35,1,0.55,13065,0.8,164,0.768,0.45,0.657,0,1.009,1
F102270,Bungoma,M,43,4,1.65,18056,1.8,121,0.866,0.512,0.655,1,0.963,0
F102271,Bungoma,F,53,6,1.55,9678,0.4,105,0.839,0.773,0.742,1,0.819,0
F102272,Bungoma,M,48,1,0.6,4841,15.7,173,0.545,0.583,0.822,1,0.686,1
F102273,Busia,M,26,4,2.14,9842,0.8,41,0.743,0.464,0.893,1,1.683,0
F102274,Bungoma,F,44,7,2.61,9465,1.5,139,0.768,0.8,0.97,1,1.157,0
F102275,Busia,F,31,6,0.67,9674,2.1,39,0.415,0.509,0.817,1,1.035,0
F102276,Bungoma,F,33,7,1.35,13360,0.9,3,0.678,0.677,0.471,1,1.453,0
F102277,Kakamega,M,55,3,2.72,5882,9.2,45,0.489,0.449,0.823,1,0.58,1
F102278,Busia,F,60,8,1.27,11970,12.1,91,0.84,0.773,0.841,1,0.939,0
F102279,Trans Nzoia,M,27,2,0.78,13203,9.7,14,0.883,0.573,0.707,1,0.846,0
F102280,Trans Nzoia,F,50,5,0.94,7138,5.6,52,0.759,0.948,0.697,0,0.877,0
F102281,Busia,F,41,4,0.66,12976,5.4,11,0.763,0.665,0.387,0,1.008,0
F102282,Bungoma,F,36,1,2.18,17835,3.4,46,0.428,0.443,0.881,1,0.891,0
F102283,Trans Nzoia,F,55,8,2.0,12062,0.1,130,0.601,0.896,0.666,1,0.555,0
F102284,Trans Nzoia,M,32,6,0.54,3054,2.9,29,0.928,0.583,0.897,0,0.746,0
F102285,Trans Nzoia,F,58,2,0.63,18468,0.8,49,0.706,0.608,0.936,1,0.77,0
F102286,Siaya,M,40,1,0.26,15727,0.0,27,0.496,0.856,0.692,1,0.889,0
F102287,Trans Nzoia,F,24,6,1.48,12235,1.9,71,0.81,0.803,0.504,1,0.762,0
F102288,Siaya,M,59,5,0.37,3502,0.0,137,0.463,0.921,0.539,1,0.956,0
F102289,Busia,F,62,1,3.69,4958,1.2,98,0.817,0.524,0.679,1,0.963,0
F102290,Busia,F,48,8,0.49,4746,0.0,38,0.876,0.572,0.884,1,0.461,0
F102291,Bungoma,F,56,6,0.14,21745,4.8,59,0.888,0.815,0.747,1,0.732,0
F102292,Bungoma,F,27,4,0.35,9793,1.0,121,0.625,0.612,0.443,1,1.054,1
F102293,Trans Nzoia,F,36,2,1.24,12352,10.7,87,0.743,0.85,0.909,0,0.972,0
F102294,Trans Nzoia,M,37,3,0.93,18312,0.9,84,0.868,0.408,0.659,1,0.561,0
F102295,Trans Nzoia,F,58,4,0.48,17416,10.9,156,0.813,0.828,0.956,1,1.201,0
F102296,Bungoma,F,37,1,0.9,4416,4.1,147,0.904,0.338,0.808,1,1.152,0
F102297,Busia,F,56,3,0.61,23457,2.6,46,0.947,0.748,0.677,0,1.582,0
F102298,Bungoma,F,35,2,1.46,8832,2.2,127,0.653,0.551,0.811,1,1.441,0
F102299,Siaya,M,50,1,0.38,19883,1.3,143,0.548,0.608,0.803,1,0.787,1
F102300,Bungoma,F,30,2,1.11,21306,4.8,162,0.717,0.521,0.823,0,0.968,1
F102301,Kakamega,M,47,3,1.14,14853,1.7,49,0.784,0.942,0.839,1,1.008,0
F102302,Vihiga,M,24,4,0.95,6566,1.4,131,0.694,0.697,0.834,1,1.319,0
F102303,Siaya,F,56,3,1.34,14990,0.3,36,0.669,0.661,0.84,0,0.929,0
F102304,Siaya,F,21,6,0.89,8380,2.8,81,0.833,0.67,0.739,1,1.336,0
F102305,Kakamega,F,69,5,1.64,21689,2.7,15,0.893,0.493,0.758,1,1.071,0
F102306,Bungoma,F,61,2,0.95,19599,6.2,109,0.845,0.595,0.991,1,0.8,0
F102307,Kakamega,F,48,8,2.25,21119,4.0,124,0.869,0.661,0.802,1,0.705,0
F102308,Bungoma,M,65,6,1.11,21223,9.4,82,0.798,0.671,0.567,0,1.254,1
F102309,Vihiga,M,60,4,2.15,6930,2.9,75,0.446,0.946,0.942,1,1.242,0
F102310,Bungoma,F,27,1,0.62,3666,9.4,45,0.597,0.706,0.823,0,1.273,0
F102311,Kakamega,M,57,8,0.42,16783,1.5,139,0.315,0.934,0.744,1,0.355,1
F102312,Vihiga,F,38,6,1.63,16506,0.9,164,0.694,0.78,0.803,0,0.967,1
F102313,Kakamega,M,62,4,0.97,22045,1.6,26,0.771,0.87,0.563,1,1.313,0
F102314,Bungoma,F,63,2,0.09,17032,5.7,51,0.441,0.497,0.855,1,0.642,1
F102315,Kakamega,F,67,1,0.53,20672,7.2,109,0.449,0.61,0.739,1,1.142,1
F102316,Kakamega,M,42,3,1.24,10671,4.9,67,0.857,0.401,0.543,1,0.862,0
F102317,Busia,M,29,2,0.9,5743,3.9,5,0.759,0.75,0.816,1,0.765,0
F102318,Siaya,M,26,2,0.51,3835,15.3,6,0.607,0.64,0.823,0,0.818,0
F102319,Trans Nzoia,F,28,4,0.96,12585,14.8,44,0.941,0.473,0.779,1,1.395,0
F102320,Kakamega,M,69,1,1.08,3042,0.3,174,0.683,0.687,0.788,0,1.224,1
F102321,Kakamega,F,49,3,0.19,14401,3.1,110,0.59,0.621,0.818,1,0.971,0
F102322,Busia,F,37,7,2.11,11816,1.5,48,0.65,0.956,0.539,1,1.55,0
F102323,Vihiga,F,42,7,2.44,8671,6.6,12,0.29,0.436,0.91,1,0.552,0
F102324,Trans Nzoia,F,28,1,0.53,16004,11.5,136,0.436,0.584,0.939,1,0.84,1
F102325,Trans Nzoia,F,48,6,3.3,17948,6.4,69,0.986,0.727,0.822,1,1.4,0
F102326,Busia,F,41,8,0.91,3873,5.2,72,0.795,0.89,0.704,1,0.955,0
F102327,Bungoma,M,59,5,0.58,13476,6.3,102,0.953,0.363,0.775,1,0.948,0
F102328,Kakamega,M,21,4,0.56,23672,0.0,43,0.935,0.57,0.698,1,0.97,0
F102329,Kakamega,M,66,4,3.16,9545,21.4,131,0.961,0.563,0.454,1,0.886,1
F102330,Kakamega,F,23,2,0.39,20183,3.4,58,0.98,0.884,0.884,0,1.232,0
F102331,Siaya,M,40,4,1.1,10411,3.2,127,0.776,0.739,0.608,1,0.794,0
F102332,Bungoma,F,37,8,1.2,8976,1.8,94,0.646,0.533,0.894,1,1.672,0
F102333,Trans Nzoia,F,55,5,1.64,21846,5.1,29,0.585,0.81,0.826,1,0.646,0
F102334,Vihiga,M,52,4,1.04,10841,3.2,113,0.88,0.64,0.641,1,1.423,0
F102335,Vihiga,F,29,1,3.01,22056,3.3,16,0.855,0.998,0.336,1,1.206,0
F102336,Busia,F,44,8,3.39,17402,0.9,129,0.505,0.533,0.891,1,0.829,1
F102337,Trans Nzoia,F,46,2,2.56,20872,2.7,69,0.639,0.838,0.874,1,1.064,0
F102338,Kakamega,F,43,6,1.29,20925,0.4,121,0.754,0.473,0.728,1,1.211,0
F102339,Kakamega,M,21,3,1.88,23105,2.5,45,0.856,0.81,0.558,0,1.157,0
F102340,Busia,F,28,3,0.77,15205,1.1,75,0.748,0.78,0.674,1,0.525,0
F102341,Busia,F,45,2,2.17,23950,9.6,57,0.827,0.85,0.833,1,1.097,0
F102342,Vihiga,F,33,4,0.61,4313,5.6,47,0.972,0.884,0.685,1,0.653,0
F102343,Trans Nzoia,F,47,6,0.45,13820,1.0,63,0.789,0.688,0.778,1,1.262,0
F102344,Vihiga,M,28,4,0.44,11724,1.1,12,0.613,0.821,0.645,1,1.267,0
F102345,Bungoma,M,56,1,1.49,5127,0.6,73,0.616,0.877,0.553,1,0.658,0
F102346,Bungoma,M,29,3,2.77,22213,6.3,24,0.888,0.515,0.67,1,0.506,0
F102347,Trans Nzoia,M,52,2,2.91,20601,8.1,94,0.82,0.632,0.874,1,0.924,0
F102348,Bungoma,F,61,4,0.1,19471,1.5,19,0.92,0.561,0.97,0,0.94,0
F102349,Vihiga,M,37,8,1.96,16935,4.7,4,0.854,0.765,0.921,0,1.002,0
F102350,Vihiga,F,26,8,0.42,16242,0.6,80,0.914,0.648,0.929,0,1.105,0
F102351,Trans Nzoia,F,20,8,4.28,11371,0.6,55,0.622,0.83,0.843,1,0.961,0
F102352,Trans Nzoia,M,38,1,0.31,18034,1.2,158,0.73,0.606,0.931,0,1.026,1
F102353,Busia,F,25,4,0.19,24461,0.9,49,0.861,0.421,0.605,0,0.792,1
F102354,Bungoma,M,64,1,1.99,8527,6.9,73,0.887,0.702,0.621,1,0.743,0
F102355,Busia,M,68,4,0.73,10451,0.2,44,0.944,0.875,0.805,1,1.151,0
F102356,Busia,M,69,5,0.69,5403,7.9,160,0.82,0.314,0.721,1,1.13,1
F102357,Bungoma,F,66,7,0.52,22967,1.1,142,0.464,0.502,0.849,1,0.911,1
F102358,Vihiga,F,49,3,0.6,14661,1.6,33,0.674,0.971,0.791,1,0.737,0
F102359,Bungoma,M,36,1,2.05,16036,0.7,47,0.896,0.526,0.496,1,1.388,0
F102360,Vihiga,F,42,4,0.44,8862,0.3,35,0.597,0.724,0.565,0,1.428,0
F102361,Trans Nzoia,F,32,4,0.88,3806,7.9,29,0.668,0.664,0.921,1,1.285,0
F102362,Siaya,M,62,5,0.4,20706,1.7,45,0.551,0.555,0.649,1,1.158,0
F102363,Kakamega,M,41,1,1.07,21927,2.5,153,0.907,0.738,0.848,1,0.728,0
F102364,Trans Nzoia,M,39,5,0.69,10503,1.5,84,0.831,0.868,0.774,1,1.32,0
F102365,Kakamega,F,54,4,1.39,19768,1.7,70,0.828,0.541,0.778,1,1.145,0
F102366,Busia,F,38,6,1.53,15584,1.4,36,0.543,0.687,0.919,1,0.744,0
F102367,Bungoma,F,37,8,2.8,17134,2.9,35,0.921,0.569,0.789,0,1.176,0
F102368,Kakamega,F,31,2,4.1,6800,2.1,101,0.959,0.735,0.896,1,0.872,0
F102369,Bungoma,F,23,7,0.57,16520,1.7,135,0.822,0.62,0.823,1,1.207,0
F102370,Kakamega,F,21,2,1.66,6545,0.4,101,0.848,0.7,0.619,1,1.286,0
F102371,Trans Nzoia,F,40,8,0.68,7814,1.2,119,0.677,0.689,0.848,1,1.13,0
F102372,Kakamega,F,69,4,1.5,10849,8.4,49,0.751,0.823,0.8,1,0.791,0
F102373,Busia,F,33,6,1.45,7718,5.1,170,0.608,0.629,0.889,1,1.154,0
F102374,Trans Nzoia,F,52,7,1.42,23000,0.6,148,0.713,0.667,0.844,0,1.14,1
F102375,Siaya,F,36,5,1.75,3641,2.8,158,0.773,0.544,0.949,1,0.825,0
F102376,Siaya,M,35,4,1.12,22888,9.2,121,0.534,0.886,0.906,0,0.915,1
F102377,Kakamega,F,28,7,0.73,6391,3.6,125,0.739,0.726,0.797,1,1.476,0
F102378,Siaya,M,48,4,1.08,22144,8.1,15,0.776,0.533,0.637,1,1.414,0
F102379,Vihiga,F,52,6,3.9,10402,8.2,31,0.85,0.746,0.807,1,0.863,0
F102380,Bungoma,F,37,5,0.62,23265,0.5,26,0.792,0.5,0.517,1,0.495,0
F102381,Busia,F,46,4,0.78,14895,4.7,88,0.599,0.944,0.863,1,1.371,0
F102382,Siaya,F,43,1,0.53,13772,2.3,107,0.732,0.616,0.924,1,1.53,0
F102383,Busia,F,33,3,0.15,5877,1.1,24,0.618,0.72,0.528,1,1.393,0
F102384,Bungoma,M,54,8,0.95,12537,1.3,136,0.498,0.653,0.837,1,0.911,0
F102385,Siaya,M,47,5,1.57,15266,4.5,100,0.851,0.727,0.692,0,1.168,0
F102386,Siaya,F,23,6,0.46,24635,26.6,108,0.532,0.651,0.889,0,0.769,1
F102387,Siaya,F,44,3,2.51,8793,1.8,165,0.686,0.88,0.857,1,1.27,0
F102388,Siaya,M,39,6,1.36,4821,5.8,106,0.758,0.788,0.867,0,0.854,0
F102389,Siaya,F,59,4,2.06,8587,3.3,3,0.553,0.439,0.806,1,0.841,0
F102390,Busia,F,35,2,1.27,8346,1.9,139,0.76,0.668,0.844,1,0.979,0
F102391,Bungoma,M,67,2,0.88,23854,0.7,158,0.732,0.916,0.778,0,0.86,1
F102392,Vihiga,F,50,4,0.75,6305,17.2,17,0.597,0.865,0.707,1,1.184,0
F102393,Bungoma,M,26,5,1.23,24831,2.3,98,0.783,0.727,0.865,1,0.786,0
F102394,Busia,F,40,3,1.32,5488,0.3,86,0.884,0.462,0.61,1,1.647,0
F102395,Vihiga,F,64,2,0.66,20851,1.9,29,0.726,0.561,0.879,1,1.138,0
F102396,Siaya,F,32,3,0.86,12121,11.7,51,0.854,0.816,0.818,0,0.913,0
F102397,Bungoma,M,55,3,3.41,4196,3.0,154,0.671,0.718,0.526,1,0.756,1
F102398,Bungoma,F,59,6,1.09,16504,0.0,72,0.926,0.827,0.817,1,0.922,0
F102399,Trans Nzoia,M,54,4,1.18,19029,0.2,98,0.692,0.716,0.763,1,0.948,0
F102400,Kakamega,M,24,4,2.87,21450,1.7,140,0.941,0.578,0.756,1,0.932,0
F102401,Vihiga,M,38,2,1.33,6925,5.1,82,0.965,0.879,0.56,1,0.876,0
F102402,Trans Nzoia,F,37,5,0.99,16582,1.8,160,0.666,0.817,0.94,1,0.794,0
F102403,Vihiga,F,37,8,2.02,15522,8.6,91,0.942,0.769,0.828,1,1.227,0
F102404,Busia,F,63,6,1.71,12735,1.2,177,0.525,0.778,0.884,1,1.353,0
F102405,Trans Nzoia,F,20,4,1.2,22661,6.3,29,0.688,0.719,0.803,1,0.784,0
F102406,Busia,M,46,3,1.28,12309,4.2,160,0.567,0.586,0.821,1,0.988,1
F102407,Trans Nzoia,F,69,3,0.8,11364,2.2,22,0.588,0.66,0.808,1,0.55,0
F102408,Busia,M,63,1,0.37,14556,3.6,146,0.704,0.785,0.52,1,0.864,1
F102409,Kakamega,F,50,1,1.54,23434,7.4,120,0.937,0.239,0.742,1,1.492,0
F102410,Vihiga,F,69,7,0.24,22081,1.6,102,0.921,0.794,0.929,1,1.3,0
F102411,Kakamega,F,40,7,0.39,18584,4.8,158,0.381,0.378,0.794,1,1.155,1
F102412,Siaya,M,50,8,0.85,4778,1.7,116,0.719,0.89,0.47,1,0.711,0
F102413,Vihiga,F,47,6,0.79,9622,5.0,125,0.434,0.528,0.474,1,0.826,1
F102414,Busia,F,22,8,1.66,3332,1.2,136,0.761,0.692,0.825,1,0.871,0
F102415,Busia,M,22,4,1.97,5088,4.4,151,0.557,0.75,0.766,1,1.255,0
F102416,Vihiga,F,64,3,3.73,21296,3.1,44,0.697,0.849,0.686,1,1.325,0
F102417,Bungoma,F,28,2,0.21,20937,1.4,152,0.764,0.932,0.613,1,1.002,0
F102418,Bungoma,F,37,2,1.41,5255,13.2,107,0.733,0.826,0.503,0,1.227,1
F102419,Busia,F,51,6,1.37,13077,4.3,8,0.846,0.638,0.905,0,0.818,0
F102420,Bungoma,F,48,1,1.25,9142,7.6,165,0.746,0.648,0.93,1,1.083,0
F102421,Trans Nzoia,F,45,8,1.54,4599,19.4,139,0.74,0.221,0.781,1,1.265,1
F102422,Kakamega,F,68,7,1.78,11392,9.2,160,0.835,0.624,0.668,1,1.402,0
F102423,Trans Nzoia,F,59,4,2.56,5268,10.3,139,0.849,0.515,0.691,1,0.713,1
F102424,Busia,F,67,6,1.28,19193,2.6,64,0.745,0.627,0.839,1,1.366,0
F102425,Vihiga,F,52,2,3.1,24273,1.3,64,0.47,0.595,0.675,0,1.606,0
F102426,Kakamega,F,68,4,1.29,12295,2.7,51,0.548,0.812,0.542,1,0.649,0
F102427,Busia,F,50,1,0.7,8346,1.2,75,0.725,0.657,0.933,1,0.608,0
F102428,Trans Nzoia,F,47,1,1.2,13990,5.2,9,0.833,0.694,0.794,1,1.412,0
F102429,Bungoma,F,60,1,0.49,24265,5.9,134,0.475,0.542,0.779,0,0.912,1
F102430,Kakamega,F,63,7,0.51,6511,2.4,136,0.868,0.94,0.845,0,0.962,0
F102431,Vihiga,M,23,6,0.91,17985,3.8,177,0.834,0.69,0.818,1,1.314,0
F102432,Kakamega,M,65,8,0.81,5049,0.7,100,0.763,0.544,0.766,1,0.797,0
F102433,Bungoma,F,54,8,2.52,9610,3.1,177,0.674,0.73,0.83,1,1.086,0
F102434,Busia,F,64,8,0.9,12665,0.3,40,0.817,0.928,0.732,1,0.679,0
F102435,Vihiga,F,55,8,0.43,11442,4.7,86,0.415,0.183,0.694,1,1.238,1
F102436,Vihiga,M,66,1,1.04,6928,0.6,141,0.843,0.578,0.83,1,1.237,0
F102437,Trans Nzoia,F,33,7,1.28,20094,7.6,142,0.46,0.431,0.775,1,1.065,1
F102438,Siaya,F,29,6,1.13,17808,5.0,139,0.468,0.538,0.823,1,1.026,1
F102439,Kakamega,F,29,2,0.41,12579,0.7,85,0.748,0.533,0.73,1,1.019,0
F102440,Busia,F,32,2,2.7,12210,2.2,15,0.318,0.245,0.777,1,0.98,0
F102441,Kakamega,F,30,8,0.18,4644,1.0,156,0.497,0.799,0.808,0,1.004,1
F102442,Kakamega,M,42,8,1.11,17531,0.0,70,0.788,0.602,0.69,0,1.241,0
F102443,Bungoma,M,29,3,0.4,8055,10.2,118,0.468,0.549,0.932,1,0.576,1
F102444,Vihiga,F,27,1,2.1,9623,0.1,26,0.786,0.593,0.886,1,1.481,0
F102445,Siaya,F,46,3,1.42,21927,1.8,168,0.385,0.615,0.333,1,1.069,1
F102446,Trans Nzoia,F,59,1,1.28,17128,3.2,48,0.739,0.822,0.725,1,1.586,0
F102447,Vihiga,F,26,6,0.85,18315,2.9,179,0.604,0.452,0.768,1,1.085,1
F102448,Trans Nzoia,F,45,4,2.54,8823,1.6,129,0.659,0.533,0.835,1,1.025,0
F102449,Bungoma,F,52,1,0.85,14022,4.7,61,0.568,0.471,0.895,1,1.179,0
F102450,Siaya,M,55,8,3.28,3302,9.6,68,0.73,0.253,0.781,1,0.71,0
F102451,Siaya,M,25,7,0.5,8400,0.9,176,0.609,0.754,0.856,1,0.755,1
F102452,Kakamega,M,56,8,1.05,20601,0.8,108,0.616,0.71,0.842,0,0.972,0
F102453,Busia,M,21,8,1.74,13440,0.2,125,0.54,0.759,0.541,1,1.041,0
F102454,Trans Nzoia,F,31,1,1.49,16966,0.6,111,0.552,0.837,0.804,1,1.28,0
F102455,Busia,F,35,7,0.98,20354,1.0,45,0.575,0.531,0.927,1,1.042,0
F102456,Siaya,F,62,7,0.21,23612,0.2,26,0.805,0.871,0.816,1,1.385,0
F102457,Siaya,F,29,7,1.17,4793,4.2,3,0.659,0.492,0.529,1,0.353,0
F102458,Busia,F,59,3,0.77,15782,4.0,74,0.791,0.799,0.765,0,1.474,0
F102459,Kakamega,M,69,4,0.63,24884,0.9,124,0.98,0.531,0.609,1,0.92,0
F102460,Busia,F,67,8,1.82,7397,3.7,56,0.716,0.759,0.957,1,1.193,0
F102461,Bungoma,F,35,1,0.16,21914,2.2,42,0.751,0.774,0.86,0,1.322,0
F102462,Busia,F,24,6,1.01,15764,4.9,71,0.646,0.7,0.709,1,0.693,0
F102463,Vihiga,M,31,7,0.05,9995,0.6,43,0.75,0.443,0.69,1,1.383,0
F102464,Busia,F,58,7,1.5,20231,8.2,79,0.376,0.408,0.821,1,1.211,1
F102465,Bungoma,F,29,5,1.83,22152,2.8,100,0.945,0.636,0.88,0,1.466,0
F102466,Bungoma,F,52,7,1.16,6138,2.2,51,0.749,0.308,0.898,1,1.041,0
F102467,Trans Nzoia,M,38,8,0.71,17997,3.4,8,0.828,0.635,0.884,0,1.021,0
F102468,Kakamega,M,58,7,2.52,23601,8.8,21,0.916,0.805,0.794,0,0.837,0
F102469,Bungoma,F,50,1,2.64,17659,2.6,76,0.741,0.658,0.782,1,0.846,0
F102470,Siaya,M,49,2,1.32,15038,1.2,34,0.664,0.687,0.462,0,1.006,0
F102471,Kakamega,F,59,3,2.9,6073,6.9,144,0.318,0.665,0.454,0,1.168,1
F102472,Busia,M,67,3,0.5,12905,2.0,32,0.792,0.614,0.86,1,1.21,0
F102473,Bungoma,F,38,3,0.94,22929,2.4,7,0.475,0.635,0.812,1,0.769,0
F102474,Kakamega,F,46,2,0.09,20581,7.5,112,0.596,0.689,0.847,1,0.997,0
F102475,Busia,M,51,6,0.37,12907,5.6,113,0.751,0.631,0.765,1,1.078,0
F102476,Vihiga,F,61,1,0.34,9795,1.3,121,0.713,0.875,0.417,1,0.483,1
F102477,Bungoma,F,44,7,1.49,20671,1.7,31,0.72,0.653,0.672,1,1.237,0
F102478,Kakamega,M,38,6,0.4,24287,8.5,123,0.879,0.941,0.968,1,0.956,0
F102479,Kakamega,M,62,8,0.59,9589,0.6,155,0.852,0.601,0.687,1,1.024,0
F102480,Vihiga,F,67,1,0.65,20838,2.3,110,0.907,0.882,0.513,1,1.385,0
F102481,Siaya,M,48,3,0.31,9776,4.2,72,0.313,0.615,0.884,0,0.772,1
F102482,Bungoma,M,25,8,1.09,21202,2.7,88,0.465,0.752,0.846,0,0.803,1
F102483,Bungoma,F,34,4,1.25,24223,2.5,146,0.866,0.698,0.666,1,0.448,1
F102484,Busia,M,43,5,0.24,17591,8.1,28,0.717,0.527,0.416,1,1.001,0
F102485,Busia,F,55,1,1.66,13926,2.6,131,0.867,0.628,0.802,1,1.292,0
F102486,Bungoma,M,53,7,0.47,9910,4.8,50,0.742,0.632,0.692,1,0.49,0
F102487,Kakamega,F,61,3,0.64,4317,8.4,158,0.491,0.524,0.87,1,0.759,1
F102488,Vihiga,F,21,8,1.43,4154,0.3,27,0.733,0.269,0.758,0,1.058,0
F102489,Busia,F,43,3,0.65,21385,8.3,94,0.318,0.512,0.533,1,0.901,1
F102490,Busia,F,55,2,0.38,17552,0.1,73,0.757,0.852,0.901,1,0.904,0
F102491,Bungoma,M,69,5,1.04,7999,5.6,89,0.926,0.562,0.914,1,1.055,0
F102492,Siaya,M,27,4,2.12,15144,4.4,70,0.779,0.903,0.776,1,1.476,0
F102493,Vihiga,F,63,4,1.94,22332,0.5,9,0.789,0.596,0.535,0,1.027,0
F102494,Busia,F,20,8,0.6,17251,4.6,154,0.43,0.672,0.847,1,1.077,1
F102495,Bungoma,F,29,3,0.44,23161,5.2,97,0.476,0.481,0.635,1,1.137,1
F102496,Trans Nzoia,F,62,4,0.53,5585,3.5,109,0.188,0.588,0.817,1,0.53,1
F102497,Siaya,F,59,5,1.96,4600,7.5,95,0.901,0.841,0.726,1,1.098,0
F102498,Kakamega,M,68,2,0.52,17663,2.0,96,0.984,0.563,0.634,1,0.631,0
F102499,Siaya,M,50,7,2.81,15813,0.0,110,0.518,0.961,0.866,1,1.024,0
F102500,Trans Nzoia,F,50,2,1.41,18140,0.6,77,0.793,0.557,0.658,1,1.29,0
F102501,Kakamega,F,46,2,0.96,24593,4.0,26,0.696,0.933,0.863,0,0.913,0
F102502,Trans Nzoia,F,45,1,0.59,5396,13.5,8,0.611,0.484,0.717,1,1.285,0
F102503,Kakamega,F,45,3,1.06,23480,14.3,98,0.535,0.698,0.882,0,0.585,1
F102504,Kakamega,F,34,5,0.38,4338,9.1,35,0.42,0.605,0.774,1,1.086,0
F102505,Kakamega,F,62,6,0.24,14555,1.2,83,0.362,0.877,0.966,1,1.09,0
F102506,Busia,F,37,8,1.42,21301,3.0,110,0.804,0.564,0.936,1,0.343,0
F102507,Vihiga,F,50,7,0.95,17970,1.3,108,0.636,0.83,0.718,1,1.145,0
F102508,Busia,M,53,3,1.7,7897,1.8,32,0.782,0.531,0.708,1,0.27,0
F102509,Kakamega,F,46,7,1.22,16293,2.1,119,0.857,0.653,0.623,1,1.059,0
F102510,Bungoma,F,50,2,0.58,22845,8.3,169,0.533,0.763,0.864,1,1.127,1
F102511,Siaya,F,22,2,1.94,7471,7.3,66,0.619,0.634,0.856,0,0.909,0
F102512,Siaya,M,35,3,0.64,23624,9.9,23,0.893,0.72,0.691,1,1.057,0
F102513,Trans Nzoia,F,42,5,2.33,17365,0.5,92,0.935,0.181,0.803,1,1.582,0
F102514,Kakamega,F,39,2,0.62,4908,2.1,112,0.742,0.417,0.834,1,0.878,0
F102515,Trans Nzoia,F,65,8,0.29,10329,1.6,72,0.899,0.655,0.739,1,0.723,0
F102516,Trans Nzoia,F,64,3,2.61,21966,1.1,109,0.761,0.775,0.956,1,1.526,0
F102517,Vihiga,F,55,4,0.61,10435,0.6,138,0.522,0.407,0.922,0,1.063,1
F102518,Kakamega,M,37,5,0.64,23827,3.6,105,0.691,0.275,0.586,1,1.304,1
F102519,Siaya,F,22,4,0.3,12239,0.8,143,0.509,0.754,0.87,1,0.603,1
F102520,Busia,F,57,4,0.89,10539,3.0,28,0.647,0.606,0.712,0,0.394,1
F102521,Kakamega,F,64,8,0.34,21747,1.6,54,0.807,0.468,0.657,1,0.792,0
F102522,Bungoma,M,44,4,2.51,20281,0.3,101,0.505,0.29,0.947,0,0.964,0
F102523,Busia,M,61,1,0.72,8243,2.0,48,0.786,0.654,0.677,1,0.877,0
F102524,Kakamega,M,66,6,0.45,20181,1.3,179,0.739,0.702,0.745,1,0.877,1
F102525,Bungoma,F,47,6,1.02,8517,9.9,123,0.763,0.584,0.801,1,0.539,1
F102526,Busia,M,30,2,4.04,22703,4.8,75,0.935,0.853,0.769,1,1.062,0
F102527,Siaya,M,21,7,1.05,3161,1.6,140,0.721,0.821,0.446,1,0.941,0
F102528,Kakamega,F,57,4,0.81,17568,2.9,177,0.886,0.612,0.898,1,0.456,1
F102529,Vihiga,F,48,2,1.0,6410,11.6,4,0.529,0.388,0.797,0,0.929,1
F102530,Siaya,M,27,2,1.76,17889,3.3,101,0.482,0.791,0.629,1,0.973,1
F102531,Trans Nzoia,F,22,6,1.65,24530,9.3,78,0.744,0.206,0.96,1,1.271,0
F102532,Siaya,M,68,2,1.19,17687,1.0,136,0.824,0.652,0.91,0,0.872,0
F102533,Bungoma,F,36,4,2.0,12545,7.4,57,0.528,0.499,0.819,1,1.249,0
F102534,Trans Nzoia,F,36,6,1.04,21112,10.6,60,0.708,0.751,0.756,1,1.221,0
F102535,Siaya,F,51,7,0.86,7293,2.2,138,0.551,0.449,0.686,1,0.8,1
F102536,Bungoma,M,38,4,1.02,14948,2.4,160,0.807,0.866,0.78,1,1.174,0
F102537,Busia,M,65,8,0.63,24244,3.6,28,0.701,0.754,0.458,0,1.291,0
F102538,Vihiga,F,54,3,1.79,10830,4.4,111,0.712,0.222,0.713,1,1.278,1
F102539,Busia,F,37,7,0.6,3596,2.6,140,0.556,0.777,0.853,1,1.093,0
F102540,Bungoma,F,33,3,0.13,12714,0.7,32,0.363,0.457,0.958,1,0.977,0
F102541,Siaya,F,63,1,0.24,13651,0.5,120,0.653,0.273,0.528,1,0.662,1
F102542,Siaya,M,49,6,1.28,20862,6.7,176,0.853,0.608,0.796,1,1.3,0
F102543,Busia,F,65,7,0.52,20701,0.8,152,0.559,0.501,0.92,1,0.637,1
F102544,Trans Nzoia,F,37,8,1.68,10481,0.2,37,0.959,0.253,0.783,0,0.962,0
F102545,Busia,F,21,8,0.96,20002,2.2,178,0.618,0.648,0.807,0,1.274,1
F102546,Trans Nzoia,M,64,1,1.78,6148,2.0,66,0.644,0.541,0.798,1,0.752,0
F102547,Vihiga,F,31,5,0.15,7162,8.1,87,0.495,0.833,0.608,1,1.0,0
F102548,Busia,M,62,6,0.6,16288,0.3,54,0.764,0.856,0.777,1,0.607,0
F102549,Kakamega,F,55,5,0.43,18571,5.5,126,0.954,0.623,0.727,1,0.911,0
F102550,Vihiga,F,31,1,4.56,20759,2.8,25,0.524,0.56,0.925,1,0.752,0
F102551,Bungoma,M,57,1,0.68,16690,2.1,128,0.846,0.815,0.719,1,0.805,0
F102552,Bungoma,F,24,6,0.24,5810,3.1,12,0.694,0.654,0.821,0,1.144,0
F102553,Bungoma,M,39,7,1.26,17856,2.6,152,0.486,0.66,0.481,1,1.166,1
F102554,Siaya,F,37,2,0.4,12443,0.6,60,0.703,0.369,0.787,0,0.858,1
F102555,Kakamega,M,52,1,1.91,8854,0.8,94,0.905,0.908,0.805,1,1.07,0
F102556,Trans Nzoia,M,46,4,2.13,10460,4.9,43,0.675,0.881,0.609,1,0.887,0
F102557,Siaya,M,50,3,0.44,20836,0.4,22,0.751,0.434,0.788,1,0.913,0
F102558,Kakamega,F,43,8,0.53,6905,1.8,7,0.888,0.573,0.364,1,0.713,0
F102559,Vihiga,M,56,8,1.18,15303,1.3,176,0.461,0.735,0.604,0,0.871,1
F102560,Vihiga,M,28,5,1.95,4824,0.7,27,0.67,0.282,0.844,1,0.509,0
F102561,Busia,F,55,8,1.28,18951,4.4,13,0.67,0.838,0.75,0,1.528,0
F102562,Trans Nzoia,F,22,2,0.69,6297,3.3,93,0.764,0.418,0.955,0,1.302,0
F102563,Busia,M,24,8,0.29,23670,7.7,173,0.775,0.775,0.51,1,1.614,0
F102564,Busia,F,56,4,2.98,22404,5.6,17,0.823,0.871,0.764,1,1.285,0
F102565,Busia,M,27,4,1.3,21820,1.5,48,0.658,0.57,0.889,1,1.079,0
F102566,Trans Nzoia,M,58,1,3.41,10668,2.8,101,0.635,0.741,0.669,1,0.456,1
F102567,Vihiga,F,26,2,1.44,20211,1.4,90,0.475,0.958,0.872,1,1.262,0
F102568,Busia,F,27,2,3.11,5960,2.5,28,0.754,0.956,0.609,0,1.34,0
F102569,Siaya,F,66,4,0.49,9372,0.3,171,0.804,0.819,0.95,1,0.719,0
F102570,Trans Nzoia,F,28,2,0.52,5914,7.8,66,0.686,0.218,0.822,1,1.143,0
F102571,Siaya,M,65,1,0.84,4189,7.1,122,0.66,0.821,0.922,1,1.042,0
F102572,Trans Nzoia,F,37,5,0.46,11074,0.8,84,0.794,0.746,0.534,1,0.986,0
F102573,Busia,F,59,7,0.2,15642,1.6,106,0.969,0.54,0.602,1,1.141,0
F102574,Trans Nzoia,M,66,1,0.57,21972,1.6,163,0.755,0.586,0.827,1,1.12,1
F102575,Bungoma,F,25,5,1.43,3759,0.4,60,0.603,0.743,0.724,1,0.755,0
F102576,Bungoma,M,36,8,0.32,11953,1.9,147,0.462,0.59,0.738,1,1.246,1
F102577,Busia,F,48,4,0.36,18712,3.6,54,0.948,0.545,0.961,1,0.639,0
F102578,Siaya,F,63,2,0.61,7433,0.2,59,0.582,0.581,0.643,1,1.125,0
F102579,Vihiga,F,29,1,0.41,19210,6.4,8,0.748,0.853,0.671,1,1.077,0
F102580,Busia,M,29,8,0.63,15543,8.5,64,0.63,0.833,0.813,1,0.815,0
F102581,Busia,M,38,4,0.89,15384,8.6,106,0.621,0.563,0.841,1,1.315,0
F102582,Bungoma,M,30,1,0.35,5748,4.9,116,0.617,0.41,0.911,1,0.53,1
F102583,Vihiga,M,33,7,0.62,6699,1.4,79,0.658,0.214,0.906,1,1.07,0
F102584,Busia,M,26,7,0.95,22302,0.7,66,0.816,0.676,0.747,1,1.052,0
F102585,Vihiga,M,61,6,0.47,22265,2.1,42,0.446,0.65,0.854,1,1.398,0
F102586,Busia,F,59,1,0.29,12955,4.1,163,0.78,0.482,0.757,1,1.167,1
F102587,Bungoma,M,27,1,0.51,16110,0.1,71,0.954,0.913,0.919,0,0.447,0
F102588,Siaya,M,46,2,0.72,14923,13.7,57,0.719,0.772,0.751,1,0.886,0
F102589,Busia,M,52,2,0.19,14327,8.0,169,0.59,0.932,0.7,1,1.406,0
F102590,Kakamega,F,51,5,1.44,18668,6.1,115,0.825,0.622,0.928,0,0.962,0
F102591,Busia,F,69,4,0.75,15487,7.3,153,0.704,0.555,0.811,1,0.723,1
F102592,Vihiga,M,52,7,0.51,5755,1.6,71,0.775,0.851,0.707,1,0.987,0
F102593,Kakamega,F,54,1,0.22,4823,2.4,79,0.82,0.678,0.854,1,1.42,0
F102594,Bungoma,F,21,6,1.31,21705,0.2,132,0.915,0.798,0.79,1,0.788,0
F102595,Kakamega,M,23,8,2.15,19289,3.4,176,0.614,0.56,0.766,1,0.738,1
F102596,Vihiga,F,50,2,0.59,7372,0.5,142,0.722,0.807,0.878,1,0.943,0
F102597,Trans Nzoia,F,65,6,3.21,4337,0.0,84,0.829,0.616,0.734,1,0.838,0
F102598,Siaya,F,39,5,0.91,7828,0.6,108,0.559,0.632,0.798,1,1.184,0
F102599,Busia,F,52,1,0.94,15724,2.4,64,0.703,0.864,0.89,0,0.912,0
F102600,Siaya,M,30,3,1.73,15844,3.1,83,0.948,0.918,0.645,1,1.088,0
F102601,Bungoma,M,42,7,1.36,6723,3.1,71,0.931,0.853,0.776,1,1.407,0
F102602,Trans Nzoia,M,57,7,0.32,6876,5.2,20,0.693,0.536,0.827,1,0.763,0
F102603,Vihiga,M,52,3,0.57,7569,1.2,157,0.971,0.719,0.946,1,1.259,0
F102604,Trans Nzoia,M,25,1,1.94,12749,1.3,27,0.818,0.957,0.584,1,1.226,0
F102605,Trans Nzoia,F,63,2,1.38,8131,9.1,50,0.757,0.552,0.923,1,0.69,0
F102606,Vihiga,M,66,7,3.23,13039,5.2,47,0.864,0.828,0.744,1,1.344,0
F102607,Bungoma,F,43,5,1.23,3314,6.2,42,0.553,0.492,0.882,1,0.693,0
F102608,Vihiga,F,37,4,1.42,23594,25.4,91,0.74,0.436,0.982,1,0.636,1
F102609,Trans Nzoia,M,46,1,0.5,22620,11.1,173,0.815,0.51,0.36,1,0.79,1
F102610,Siaya,M,60,7,2.13,10449,12.3,61,0.777,0.599,0.716,0,0.799,1
F102611,Siaya,F,42,4,0.09,20693,17.1,132,0.893,0.949,0.933,1,0.913,0
F102612,Bungoma,M,21,5,1.07,14777,3.4,132,0.779,0.747,0.414,1,0.723,1
F102613,Vihiga,F,23,7,1.45,3688,2.5,138,0.633,0.377,0.95,0,1.142,1
F102614,Kakamega,F,60,5,1.17,9263,0.1,113,0.651,0.839,0.509,0,0.968,1
F102615,Trans Nzoia,F,59,8,0.92,4253,6.4,134,0.472,0.572,0.635,1,1.046,1
F102616,Siaya,F,58,5,0.84,18575,11.4,137,0.818,0.544,0.94,1,1.17,0
F102617,Kakamega,F,26,3,0.95,20223,3.1,123,0.468,0.733,0.913,1,1.381,0
F102618,Vihiga,F,28,8,0.37,16577,0.3,101,0.808,0.563,0.689,1,0.892,0
F102619,Siaya,F,39,6,1.17,3149,0.8,19,0.735,0.787,0.5,1,0.846,0
F102620,Siaya,F,31,7,0.51,8192,0.3,92,0.816,0.75,0.795,1,1.2,0
F102621,Busia,M,39,2,0.59,13317,2.6,136,0.601,0.488,0.625,1,1.314,1
F102622,Kakamega,M,47,6,0.33,6182,5.3,63,0.785,0.849,0.634,1,1.02,0
F102623,Siaya,M,34,5,5.23,5360,7.5,47,0.83,0.511,0.713,0,1.018,0
F102624,Siaya,F,26,1,1.11,9695,7.2,108,0.956,0.527,0.698,0,0.948,1
F102625,Vihiga,M,40,3,0.27,16015,0.2,26,0.84,0.57,0.825,1,0.846,0
F102626,Siaya,M,56,8,1.02,4947,1.3,130,0.702,0.381,0.759,0,0.901,1
F102627,Kakamega,F,50,5,2.11,24963,0.6,176,0.711,0.941,0.798,1,0.98,0
F102628,Vihiga,F,36,7,1.16,13098,2.4,88,0.837,0.56,0.772,1,1.165,0
F102629,Kakamega,F,35,2,0.9,6784,8.1,7,0.598,0.677,0.78,1,1.209,0
F102630,Siaya,F,49,2,0.47,3441,0.5,51,0.563,0.872,0.809,0,0.771,0
F102631,Trans Nzoia,F,28,8,1.16,24047,11.2,8,0.95,0.564,0.754,0,1.016,0
F102632,Siaya,F,61,4,1.61,16080,4.1,84,0.747,0.528,0.675,1,0.821,0
F102633,Vihiga,F,63,8,1.62,22040,0.5,57,0.563,0.749,0.622,1,0.936,0
F102634,Kakamega,M,21,7,1.08,20086,0.5,139,0.67,0.491,0.973,1,1.032,0
F102635,Kakamega,F,68,3,1.08,24688,0.3,152,0.778,0.869,0.773,1,1.24,0
F102636,Busia,F,21,8,2.35,22574,0.1,79,0.676,0.785,0.963,1,0.965,0
F102637,Trans Nzoia,M,42,7,2.19,19856,13.8,176,0.887,0.65,0.794,1,1.111,1
F102638,Kakamega,F,53,2,0.8,21725,4.5,82,0.588,0.822,0.882,1,0.733,0
F102639,Siaya,F,36,1,3.05,21853,5.4,23,0.938,0.651,0.442,1,0.716,0
F102640,Bungoma,F,30,2,0.27,8606,4.7,163,0.476,0.865,0.78,1,0.935,1
F102641,Busia,F,22,6,1.12,16081,11.1,72,0.518,0.716,0.6,1,1.834,0
F102642,Bungoma,F,56,2,1.2,24690,31.0,159,0.951,0.608,0.65,1,0.803,1
F102643,Busia,F,21,3,0.45,22080,0.3,132,0.886,0.131,0.767,1,1.038,1
F102644,Busia,F,44,4,0.22,5315,3.8,169,0.574,0.532,0.768,1,1.102,1
F102645,Kakamega,M,39,2,0.46,5453,7.3,117,0.645,0.892,0.732,1,1.008,0
F102646,Vihiga,M,68,3,1.84,7400,4.6,107,0.514,0.531,0.908,1,0.851,0
F102647,Trans Nzoia,F,66,6,1.88,19316,3.2,44,0.788,0.788,0.514,0,1.139,0
F102648,Siaya,F,60,8,1.55,11663,8.1,52,0.566,0.447,0.841,1,0.772,0
F102649,Bungoma,F,56,4,0.52,16831,0.2,61,0.533,0.355,0.757,1,1.095,0
F102650,Siaya,M,47,6,1.89,6074,11.4,57,0.723,0.509,0.813,1,0.854,0
F102651,Siaya,M,37,5,0.55,4316,6.7,108,0.687,0.946,0.547,1,1.249,0
F102652,Siaya,F,28,4,1.17,19960,0.0,157,0.665,0.66,0.757,1,0.553,1
F102653,Busia,F,68,5,0.95,9414,10.5,9,0.923,0.672,0.895,0,0.973,0
F102654,Siaya,F,39,8,0.69,3949,2.9,112,0.509,0.566,0.715,1,0.72,1
F102655,Vihiga,M,41,1,1.49,7754,6.0,137,0.783,0.476,0.888,0,1.207,1
F102656,Kakamega,M,27,5,1.71,10108,14.2,81,0.972,0.576,0.84,1,1.21,0
F102657,Bungoma,F,33,1,0.49,11913,0.2,51,0.698,0.766,0.809,1,0.343,0
F102658,Trans Nzoia,F,51,8,0.99,22728,0.3,79,0.522,0.354,0.754,1,0.689,1
F102659,Kakamega,F,41,5,1.65,7363,0.7,149,0.829,0.94,0.76,1,1.233,0
F102660,Busia,M,49,1,0.04,16290,0.3,164,0.742,0.763,0.81,1,0.967,0
F102661,Trans Nzoia,M,30,5,1.28,9046,5.1,124,0.87,0.85,0.703,1,1.153,0
F102662,Kakamega,F,24,4,1.67,13966,1.7,88,0.964,0.751,0.634,1,0.996,0
F102663,Busia,F,64,1,1.33,9512,3.4,117,0.605,0.822,0.875,1,1.04,0
F102664,Bungoma,F,41,8,1.37,10575,6.7,122,0.897,0.866,0.833,0,1.247,0
F102665,Vihiga,F,38,4,0.89,16195,31.8,138,0.676,0.637,0.614,1,0.702,1
F102666,Bungoma,M,34,1,1.59,15975,0.5,28,0.686,0.714,0.821,0,0.889,0
F102667,Siaya,F,52,5,0.31,5967,2.6,16,0.517,0.411,0.929,0,0.741,0
F102668,Kakamega,M,48,4,0.46,6446,2.5,64,0.661,0.757,0.726,1,1.068,0
F102669,Siaya,F,39,6,1.35,8304,2.1,49,0.919,0.728,0.932,1,0.673,0
F102670,Trans Nzoia,F,66,2,1.6,22785,3.7,111,0.836,0.896,0.589,1,1.231,0
F102671,Siaya,F,65,7,2.12,9977,2.6,95,0.719,0.577,0.436,1,0.866,1
F102672,Siaya,F,29,4,2.75,15713,1.8,165,0.521,0.722,0.601,1,1.128,1
F102673,Bungoma,F,52,4,0.52,12879,4.2,140,0.724,0.688,0.77,1,0.815,0
F102674,Siaya,M,68,7,0.37,10790,1.3,29,0.424,0.832,0.573,1,1.202,0
F102675,Vihiga,F,44,5,1.81,3837,2.0,153,0.432,0.82,0.591,1,1.297,1
F102676,Siaya,F,21,1,0.67,12705,0.8,139,0.458,0.712,0.745,1,1.19,1
F102677,Siaya,F,26,5,0.92,24982,1.0,70,0.81,0.599,0.783,1,0.779,0
F102678,Vihiga,F,53,6,1.69,23699,1.0,13,0.918,0.722,0.908,1,1.365,0
F102679,Busia,M,65,3,1.11,9608,3.0,143,0.686,0.802,0.664,0,1.173,1
F102680,Kakamega,M,26,2,1.56,14728,1.0,37,0.643,0.889,0.691,1,0.841,0
F102681,Kakamega,F,47,1,0.48,9321,1.1,41,0.64,0.577,0.673,1,1.07,0
F102682,Busia,M,44,7,1.21,23272,6.4,86,0.882,0.615,0.968,1,1.384,0
F102683,Trans Nzoia,M,34,1,1.19,15207,7.7,17,0.887,0.539,0.522,1,0.776,0
F102684,Vihiga,M,51,5,2.09,23242,1.1,73,0.659,0.659,0.855,1,0.769,0
F102685,Busia,F,63,7,2.42,21788,3.4,46,0.903,0.802,0.866,1,0.968,0
F102686,Bungoma,F,31,3,0.66,10206,3.7,12,0.917,0.762,0.881,0,0.65,0
F102687,Vihiga,F,22,2,0.41,13049,0.1,162,0.728,0.399,0.891,0,1.027,1
F102688,Vihiga,M,37,6,1.62,15528,0.2,49,0.834,0.401,0.623,1,1.183,0
F102689,Siaya,M,35,6,0.2,8474,4.4,99,0.654,0.475,0.747,1,1.043,0
F102690,Trans Nzoia,F,56,1,1.7,21294,0.6,147,0.824,0.859,0.736,1,0.819,0
F102691,Vihiga,F,46,5,1.8,15449,4.5,88,0.752,0.688,0.607,1,1.227,0
F102692,Siaya,M,20,1,0.61,7561,1.9,54,0.428,0.829,0.819,1,0.957,0
F102693,Busia,M,36,4,0.06,13624,0.6,134,0.614,0.913,0.906,1,0.802,0
F102694,Siaya,F,56,3,1.93,21075,8.1,125,0.46,0.683,0.888,0,1.065,1
F102695,Busia,M,43,7,2.53,12307,1.7,4,0.92,0.78,0.425,1,1.301,0
F102696,Kakamega,F,48,8,2.42,18624,1.3,147,0.628,0.365,0.714,0,0.855,1
F102697,Busia,F,33,6,2.47,24645,3.5,23,0.893,0.89,0.641,1,1.4,0
F102698,Kakamega,F,35,6,0.29,10370,4.8,133,0.724,0.72,0.751,0,1.019,1
F102699,Kakamega,M,26,1,1.01,24910,1.0,20,0.865,0.69,0.948,1,1.032,0
F102700,Siaya,M,24,1,1.19,12116,5.3,14,0.89,0.771,0.746,1,1.029,0
F102701,Trans Nzoia,F,21,7,1.06,15362,0.2,24,0.735,0.647,0.808,1,0.862,0
F102702,Bungoma,F,51,4,1.57,20005,3.3,134,0.762,0.648,0.318,1,0.683,1
F102703,Siaya,F,27,5,0.38,4496,2.9,83,0.674,0.712,0.872,1,1.489,0
F102704,Kakamega,F,48,6,0.19,18432,4.0,109,0.656,0.751,0.87,1,0.705,0
F102705,Bungoma,F,67,3,0.13,15472,7.2,52,0.488,0.965,0.741,1,1.311,0
F102706,Trans Nzoia,F,54,6,1.96,17417,8.2,24,0.404,0.594,0.953,1,1.432,0
F102707,Bungoma,F,48,6,0.29,23954,26.8,142,0.641,0.795,0.241,1,0.822,1
F102708,Trans Nzoia,F,25,2,1.05,13673,5.7,150,0.834,0.864,0.672,0,1.155,1
F102709,Siaya,F,44,6,0.59,23365,1.7,151,0.875,0.891,0.69,1,1.173,0
F102710,Kakamega,M,64,2,0.61,15490,6.6,14,0.923,0.741,0.576,0,1.173,0
F102711,Kakamega,F,39,3,0.83,7741,7.3,166,0.925,0.722,0.83,0,0.842,1
F102712,Siaya,F,61,7,0.64,17355,7.3,98,0.679,0.818,0.742,1,0.903,0
F102713,Vihiga,M,55,8,0.19,7182,0.3,37,0.925,0.752,0.866,1,1.201,0
F102714,Vihiga,F,33,1,0.83,22782,10.5,38,0.49,0.325,0.744,1,0.59,1
F102715,Busia,F,27,6,0.49,6349,2.7,92,0.664,0.681,0.595,1,0.5,0
F102716,Busia,F,20,5,0.47,13970,4.7,109,0.561,0.882,0.766,0,1.026,0
F102717,Trans Nzoia,F,33,5,3.03,21035,10.2,11,0.706,0.829,0.795,1,0.968,0
F102718,Vihiga,F,36,7,0.24,3202,4.4,90,0.806,0.881,0.83,1,1.039,0
F102719,Kakamega,F,52,1,0.79,13781,2.1,45,0.555,0.85,0.566,1,0.819,0
F102720,Vihiga,F,48,6,1.12,14141,4.1,165,0.739,0.697,0.809,1,1.196,0
F102721,Trans Nzoia,F,43,3,3.03,10437,8.5,111,0.444,0.539,0.638,1,1.212,1
F102722,Kakamega,F,56,2,0.35,17802,1.7,68,0.688,0.475,0.822,1,1.041,0
F102723,Busia,F,58,4,2.33,10145,0.5,77,0.563,0.791,0.949,1,0.669,0
F102724,Trans Nzoia,F,55,1,0.82,11236,1.0,151,0.83,0.521,0.844,1,1.26,0
F102725,Vihiga,F,64,6,0.85,9059,10.9,125,0.609,0.752,0.737,0,0.561,1
F102726,Kakamega,M,37,5,1.5,16734,1.5,71,0.937,0.536,0.588,1,0.684,0
F102727,Kakamega,F,61,5,2.58,22417,1.4,151,0.804,0.428,0.712,1,1.19,1
F102728,Vihiga,F,41,1,0.63,6907,3.7,113,0.956,0.603,0.903,1,0.719,0
F102729,Busia,F,29,7,1.19,12012,1.3,13,0.871,0.343,0.698,1,0.816,1
F102730,Siaya,F,27,1,1.07,7968,5.0,114,0.776,0.672,0.799,0,1.033,0
F102731,Vihiga,M,24,3,1.03,8368,5.2,169,0.806,0.505,0.704,1,1.23,1
F102732,Siaya,F,67,4,1.69,24375,6.5,155,0.376,0.539,0.83,1,1.145,1
F102733,Bungoma,F,28,6,0.52,18628,0.9,10,0.606,0.928,0.971,1,1.33,0
F102734,Busia,M,61,4,0.71,23777,1.3,159,0.689,0.595,0.609,0,0.887,1
F102735,Kakamega,M,59,7,0.2,16980,4.4,176,0.815,0.56,0.939,0,0.783,1
F102736,Vihiga,M,41,8,1.42,17663,2.7,31,0.713,0.552,0.483,1,0.679,0
F102737,Bungoma,F,65,7,0.99,18738,2.2,115,0.92,0.894,0.86,1,1.028,0
F102738,Busia,F,65,1,2.54,17366,0.1,136,0.835,0.818,0.732,0,1.069,0
F102739,Busia,M,66,7,0.34,21083,0.6,10,0.839,0.684,0.763,1,1.612,0
F102740,Bungoma,F,44,2,3.28,10174,2.4,149,0.447,0.725,0.653,1,1.153,1
F102741,Kakamega,F,34,8,1.59,5227,8.0,72,0.449,0.809,0.914,1,0.572,0
F102742,Vihiga,M,22,8,1.54,13748,9.1,55,0.75,0.803,0.9,1,1.287,0
F102743,Siaya,F,62,1,0.58,3043,2.2,48,0.64,0.648,0.868,1,0.789,0
F102744,Bungoma,F,63,1,0.77,4041,3.4,92,0.854,0.359,0.796,1,0.672,0
F102745,Busia,F,46,6,0.67,4112,3.8,144,0.934,0.794,0.914,1,1.259,0
F102746,Bungoma,F,23,2,2.24,4702,1.2,148,0.735,0.859,0.856,1,1.21,0
F102747,Trans Nzoia,F,61,8,0.16,18549,0.4,42,0.601,0.695,0.859,1,1.272,0
F102748,Busia,M,34,5,0.86,16148,1.5,149,0.92,0.42,0.798,1,0.844,0
F102749,Siaya,F,47,5,0.92,23558,1.1,149,0.596,0.489,0.607,1,1.556,1
F102750,Bungoma,F,52,7,0.65,9377,3.3,13,0.916,0.492,0.914,0,1.229,0
F102751,Kakamega,F,27,2,0.42,10284,3.8,58,0.935,0.505,0.883,1,0.762,0
F102752,Vihiga,F,23,5,0.08,13782,2.0,5,0.584,0.695,0.802,1,1.555,0
F102753,Vihiga,F,23,8,0.87,20186,3.2,178,0.445,0.812,0.67,0,1.144,1
F102754,Siaya,M,67,1,1.42,23475,2.0,86,0.497,0.519,0.58,1,0.996,1
F102755,Siaya,F,67,2,0.99,19042,1.8,50,0.969,0.531,0.741,1,0.86,0
F102756,Siaya,F,41,2,0.42,14157,1.6,161,0.542,0.74,0.786,1,0.196,1
F102757,Vihiga,M,41,3,0.92,24517,11.9,124,0.738,0.669,0.578,1,1.191,1
F102758,Busia,F,40,2,2.56,6989,1.0,169,0.76,0.621,0.651,1,0.845,1
F102759,Busia,M,37,2,0.54,13357,2.1,144,0.382,0.913,0.841,1,0.941,0
F102760,Kakamega,F,47,7,1.11,8431,4.2,172,0.895,0.418,0.958,1,0.975,0
F102761,Busia,F,37,4,1.23,6653,0.2,41,0.753,0.612,0.777,0,0.784,0
F102762,Busia,M,50,3,0.26,11725,1.4,39,0.686,0.68,0.881,1,1.129,0
F102763,Kakamega,F,38,4,0.74,19835,0.2,16,0.611,0.602,0.814,1,0.79,0
F102764,Bungoma,F,51,8,0.74,10038,0.1,63,0.776,0.665,0.878,1,0.599,0
F102765,Vihiga,F,67,4,0.96,21014,0.8,100,0.553,0.749,0.908,1,1.016,0
F102766,Busia,M,30,4,2.18,16440,2.1,103,0.999,0.663,0.424,1,0.855,0
F102767,Siaya,F,23,8,0.33,18560,5.5,122,0.693,0.103,0.706,1,0.51,1
F102768,Busia,F,46,1,2.28,8350,1.9,132,0.691,0.839,0.817,1,0.693,0
F102769,Siaya,M,25,4,1.49,21989,1.5,147,0.657,0.506,0.405,1,1.042,1
F102770,Vihiga,M,31,6,3.34,7483,3.8,95,0.763,0.656,0.518,1,1.035,0
F102771,Kakamega,F,59,5,0.11,11166,9.7,51,0.654,0.407,0.767,1,1.348,0
F102772,Bungoma,F,40,7,4.58,20232,0.8,80,0.581,0.71,0.841,0,1.294,0
F102773,Trans Nzoia,F,47,8,0.25,18186,2.6,157,0.932,0.829,0.559,1,1.11,0
F102774,Vihiga,F,58,3,0.45,9588,0.2,147,0.791,0.51,0.905,0,0.824,1
F102775,Bungoma,F,26,7,0.46,8804,7.6,165,0.542,0.504,0.766,1,0.864,1
F102776,Vihiga,F,43,2,1.44,12527,2.5,98,0.871,0.821,0.643,1,1.109,0
F102777,Siaya,F,21,2,0.79,12821,0.6,140,0.85,0.639,0.716,1,1.248,0
F102778,Busia,F,44,8,0.52,4308,1.6,76,0.462,0.656,0.901,1,1.136,0
F102779,Kakamega,M,31,1,2.94,8334,2.4,4,0.725,0.694,0.52,1,0.883,0
F102780,Bungoma,F,65,3,0.09,6400,1.3,134,0.841,0.617,0.757,1,1.052,0
F102781,Siaya,M,33,6,1.9,6399,3.8,18,0.817,0.812,0.639,1,0.936,0
F102782,Trans Nzoia,M,30,4,0.9,10777,5.0,115,0.406,0.698,0.908,1,0.472,1
F102783,Siaya,F,20,7,0.51,3790,0.1,179,0.704,0.84,0.865,1,0.947,0
F102784,Siaya,M,26,3,0.57,17896,1.9,7,0.77,0.433,0.555,1,0.897,0
F102785,Kakamega,M,30,5,0.73,17771,4.9,132,0.921,0.55,0.877,1,1.199,0
F102786,Bungoma,F,31,2,0.46,7849,4.6,156,0.814,0.887,0.524,1,0.724,1
F102787,Kakamega,M,56,2,1.7,22256,3.4,113,0.876,0.953,0.724,1,0.753,0
F102788,Kakamega,F,64,2,0.68,16061,6.1,125,0.758,0.623,0.525,1,1.264,1
F102789,Siaya,M,62,6,1.53,9917,1.5,162,0.453,0.196,0.674,0,0.77,1
F102790,Siaya,F,67,2,0.57,7268,7.9,140,0.709,0.448,0.589,1,0.828,1
F102791,Kakamega,F,64,6,1.09,12443,0.3,10,0.859,0.506,0.876,1,1.124,0
F102792,Trans Nzoia,F,42,3,1.09,24123,0.9,140,0.635,0.352,0.72,0,1.178,1
F102793,Vihiga,M,39,5,0.96,3078,0.2,137,0.746,0.955,0.834,1,1.349,0
F102794,Kakamega,F,52,7,2.33,3442,2.8,43,0.868,0.713,0.945,1,0.911,0
F102795,Siaya,F,35,7,2.49,12082,4.8,118,0.681,0.566,0.78,1,0.926,0
F102796,Siaya,F,50,1,1.64,23220,1.9,152,0.736,0.734,0.703,1,0.959,1
F102797,Vihiga,F,69,7,2.02,9189,1.1,153,0.376,0.607,0.768,1,0.849,1
F102798,Trans Nzoia,M,29,8,1.57,19442,1.0,157,0.985,0.615,0.817,0,1.108,0
F102799,Busia,M,58,6,0.64,15632,3.7,140,0.293,0.833,0.805,1,0.918,1
F102800,Trans Nzoia,F,66,2,0.84,7386,2.1,24,0.674,0.787,0.752,1,0.695,0
F102801,Busia,F,46,6,0.12,22987,12.6,88,0.255,0.834,0.788,1,0.558,1
F102802,Siaya,F,37,6,0.4,6592,3.4,44,0.803,0.492,0.75,1,0.969,0
F102803,Kakamega,F,32,6,0.25,14135,4.3,15,0.926,0.432,0.675,1,1.155,0
F102804,Bungoma,M,28,4,0.51,17579,0.2,49,0.842,0.72,0.746,1,0.828,0
F102805,Siaya,M,36,5,1.16,17861,14.3,163,0.761,0.666,0.868,1,0.673,1
F102806,Bungoma,F,57,6,0.62,21795,1.6,108,0.92,0.437,0.951,1,1.384,0
F102807,Bungoma,F,45,4,1.76,18520,16.0,138,0.858,0.727,0.95,1,0.911,0
F102808,Trans Nzoia,F,31,7,0.41,17460,1.6,91,0.615,0.699,0.853,1,1.225,0
F102809,Bungoma,F,47,6,1.48,6353,6.5,66,0.99,0.733,0.832,1,1.263,0
F102810,Vihiga,F,60,3,0.38,9745,0.0,88,0.804,0.753,0.754,1,1.378,0
F102811,Bungoma,M,20,5,2.22,10624,1.9,177,0.653,0.734,0.781,1,0.986,0
F102812,Bungoma,F,21,7,0.41,11163,1.2,53,0.822,0.854,0.897,0,0.643,0
F102813,Siaya,M,67,4,1.33,5489,1.0,58,0.668,0.626,0.691,1,0.522,0
F102814,Bungoma,F,57,6,0.52,5091,1.4,152,0.687,0.406,0.898,1,0.934,0
F102815,Kakamega,F,48,2,2.74,12696,1.4,68,0.969,0.674,0.82,1,1.424,0
F102816,Trans Nzoia,F,65,4,2.67,18904,3.2,162,0.539,0.623,0.787,1,1.018,1
F102817,Siaya,F,49,6,1.29,22520,0.9,175,0.685,0.454,0.734,1,1.339,1
F102818,Kakamega,F,46,8,1.27,23684,1.9,14,0.97,0.722,0.715,1,0.757,0
F102819,Trans Nzoia,F,30,6,1.67,13580,0.8,121,0.431,0.815,0.903,1,1.363,0
F102820,Vihiga,M,60,6,1.46,22758,1.2,19,0.658,0.833,0.476,1,1.169,0
F102821,Trans Nzoia,F,58,3,1.83,13035,5.8,158,0.49,0.963,0.894,1,1.033,0
F102822,Kakamega,M,34,6,0.4,13414,0.0,23,0.87,0.937,0.812,1,1.235,0
F102823,Siaya,M,56,3,0.96,7605,9.6,160,0.602,0.817,0.704,0,0.858,1
F102824,Vihiga,F,56,1,0.55,16815,1.6,139,0.509,0.509,0.616,1,1.116,1
F102825,Siaya,F,24,2,2.64,9824,1.8,97,0.653,0.842,0.886,0,0.789,0
F102826,Busia,F,28,5,0.3,13670,10.3,39,0.547,0.802,0.694,1,0.847,0
F102827,Siaya,F,49,8,2.96,23605,2.6,50,0.541,0.833,0.236,1,0.771,1
F102828,Vihiga,M,51,4,0.97,15020,10.7,79,0.434,0.561,0.716,1,0.777,1
F102829,Kakamega,M,52,7,1.85,9665,2.2,152,0.606,0.492,0.842,1,0.566,1
F102830,Siaya,F,38,7,0.61,17749,0.2,161,0.365,0.771,0.924,1,1.569,1
F102831,Trans Nzoia,F,61,5,0.27,19090,1.7,91,0.831,0.351,0.658,0,0.699,1
F102832,Bungoma,M,42,7,2.57,16346,2.5,44,0.687,0.624,0.563,1,1.258,0
F102833,Vihiga,M,30,4,1.38,3927,9.1,102,0.904,0.881,0.723,1,0.578,0
F102834,Busia,F,25,4,0.33,7974,6.5,150,0.963,0.596,0.574,1,0.856,1
F102835,Vihiga,M,63,6,0.87,5822,0.2,98,0.912,0.402,0.818,1,0.91,0
F102836,Siaya,F,55,6,0.82,24026,2.6,160,0.869,0.709,0.613,1,1.356,0
F102837,Siaya,F,43,5,1.34,9852,7.8,4,0.75,0.41,0.663,1,1.083,0
F102838,Bungoma,F,30,4,0.4,13434,6.1,91,0.716,0.843,0.431,1,0.732,0
F102839,Siaya,F,24,8,0.32,22831,0.4,11,0.787,0.605,0.852,1,0.939,0
F102840,Busia,M,27,1,1.06,24807,4.6,111,0.919,0.679,0.764,1,1.297,0
F102841,Trans Nzoia,F,25,1,0.42,7824,10.2,112,0.908,0.504,0.801,1,1.263,0
F102842,Trans Nzoia,F,46,4,2.62,21906,4.9,58,0.903,0.765,0.702,1,0.833,0
F102843,Busia,F,29,1,1.72,18988,8.4,143,0.785,0.535,0.694,1,0.632,1
F102844,Busia,F,26,3,1.69,16508,6.5,171,0.918,0.489,0.839,1,0.839,1
F102845,Busia,F,34,5,0.11,6685,2.8,83,0.965,0.866,0.677,1,1.17,0
F102846,Siaya,F,54,4,0.63,18205,1.8,79,0.857,0.613,0.644,1,0.561,0
F102847,Busia,M,44,2,0.75,16482,1.1,36,0.55,0.829,0.64,0,0.957,0
F102848,Bungoma,F,27,3,0.36,12818,0.7,7,0.573,0.532,0.658,1,0.695,1
F102849,Busia,M,57,5,1.46,15910,0.9,74,0.639,0.734,0.671,0,0.878,0
F102850,Bungoma,F,44,8,1.32,7636,6.6,81,0.685,0.702,0.905,1,1.128,0
F102851,Busia,M,29,7,1.64,16682,1.6,138,0.753,0.787,0.878,1,0.984,0
F102852,Kakamega,M,54,5,1.99,6370,5.8,155,0.605,0.756,0.837,0,1.174,1
F102853,Kakamega,F,69,2,1.92,9298,5.8,22,0.781,0.83,0.609,1,1.306,0
F102854,Trans Nzoia,F,47,2,4.84,13888,2.9,29,0.841,0.78,0.823,1,1.933,0
F102855,Kakamega,M,28,4,0.93,6566,7.5,102,0.729,0.715,0.642,1,1.227,0
F102856,Vihiga,F,35,2,0.81,23101,2.2,69,0.856,0.679,0.909,1,1.15,0
F102857,Trans Nzoia,M,49,6,1.45,22502,5.4,127,0.814,0.746,0.692,1,0.836,0
F102858,Trans Nzoia,F,69,3,2.24,13435,10.2,60,0.947,0.584,0.823,0,1.224,0
F102859,Busia,F,66,7,0.19,15527,3.3,76,0.555,0.713,0.875,1,1.391,0
F102860,Bungoma,F,66,3,0.48,9415,2.5,81,0.516,0.657,0.746,1,0.831,0
F102861,Siaya,M,61,4,0.58,7664,12.8,109,0.608,0.421,0.803,1,0.86,1
F102862,Siaya,F,48,6,1.01,24142,10.5,15,0.59,0.7,0.646,0,0.838,1
F102863,Vihiga,M,52,2,0.64,12093,25.3,159,0.758,0.566,0.913,1,0.669,1
F102864,Kakamega,M,56,7,2.01,23978,2.5,62,0.622,0.613,0.842,1,0.996,0
F102865,Kakamega,F,55,5,1.12,4476,3.8,40,0.567,0.818,0.778,1,0.663,0
F102866,Bungoma,F,51,6,0.86,5346,9.1,116,0.777,0.771,0.85,0,0.975,0
F102867,Kakamega,F,26,4,1.33,13458,0.5,26,0.755,0.772,0.789,1,1.08,0
F102868,Siaya,F,63,8,0.13,20201,3.3,107,0.496,0.579,0.992,1,1.071,0
F102869,Bungoma,M,20,7,1.29,12325,4.6,13,0.905,0.558,0.569,1,0.876,0
F102870,Bungoma,F,41,2,0.43,21476,3.6,49,0.395,0.281,0.635,1,0.613,1
F102871,Siaya,F,41,5,1.76,5919,2.8,131,0.593,0.508,0.833,1,1.305,0
F102872,Trans Nzoia,M,69,8,0.16,21835,7.3,68,0.885,0.443,0.868,1,0.558,0
F102873,Bungoma,F,24,3,1.4,12776,0.7,162,0.852,0.542,0.877,1,1.029,0
F102874,Busia,F,43,5,0.45,9270,1.3,65,0.689,0.876,0.931,1,1.371,0
F102875,Vihiga,F,37,7,2.27,17069,7.0,125,0.424,0.534,0.743,0,1.023,1
F102876,Vihiga,F,24,3,0.21,20128,1.6,8,0.56,0.537,0.538,1,1.32,0
F102877,Siaya,M,31,5,0.98,23426,7.4,175,0.824,0.634,0.844,1,1.127,1
F102878,Siaya,F,41,5,1.59,4926,0.0,112,0.69,0.417,0.861,1,0.652,0
F102879,Siaya,F,65,2,1.23,18470,2.3,128,0.944,0.956,0.818,1,1.328,0
F102880,Kakamega,F,39,2,1.23,9919,1.0,60,0.598,0.265,0.796,1,0.853,0
F102881,Bungoma,F,64,5,0.3,14053,1.3,54,0.518,0.747,0.667,0,0.893,0
F102882,Vihiga,F,56,2,0.28,13160,10.4,80,0.655,0.968,0.831,0,1.171,0
F102883,Kakamega,F,60,8,1.19,19941,1.7,48,0.733,0.789,0.709,1,0.763,0
F102884,Busia,M,62,5,1.06,11765,0.4,6,0.85,0.556,0.64,1,1.235,0
F102885,Kakamega,M,55,6,0.38,9158,6.8,121,0.632,0.502,0.8,1,1.105,0
F102886,Siaya,F,56,4,0.36,13722,8.4,129,0.689,0.405,0.904,0,1.414,1
F102887,Kakamega,M,27,3,0.88,17713,2.2,122,0.841,0.558,0.848,1,1.287,0
F102888,Kakamega,F,55,4,0.69,21619,1.2,101,0.728,0.475,0.771,1,0.949,0
F102889,Bungoma,M,22,6,3.27,3111,0.2,95,0.794,0.821,0.783,1,0.896,0
F102890,Kakamega,F,56,4,2.36,15507,6.6,177,0.554,0.562,0.868,1,0.817,1
F102891,Vihiga,F,52,3,1.72,4596,4.8,96,0.613,0.638,0.939,1,0.937,0
F102892,Busia,F,57,2,2.56,16639,3.4,127,0.818,0.607,0.567,1,0.775,1
F102893,Siaya,F,52,5,0.55,16733,3.2,76,0.619,0.793,0.828,1,0.923,0
F102894,Bungoma,M,38,6,0.62,21810,6.9,8,0.905,0.677,0.784,1,0.684,0
F102895,Vihiga,F,38,5,2.13,7236,0.8,64,0.613,0.641,0.938,1,0.756,0
F102896,Vihiga,F,49,3,0.98,20480,2.6,130,0.767,0.591,0.779,1,1.342,0
F102897,Vihiga,F,43,2,1.02,18152,5.3,115,0.769,0.905,0.902,1,0.665,0
F102898,Trans Nzoia,M,37,4,0.34,17633,1.8,125,0.608,0.478,0.994,1,0.643,1
F102899,Bungoma,M,44,3,2.06,17008,7.2,135,0.933,0.201,0.758,1,0.819,1
F102900,Vihiga,F,46,2,1.45,15092,2.5,41,0.641,0.905,0.698,1,1.341,0
F102901,Trans Nzoia,F,31,8,0.76,4400,3.0,146,0.745,0.963,0.643,1,0.765,0
F102902,Siaya,F,51,3,0.62,20888,3.8,129,0.537,0.584,0.807,1,0.923,1
F102903,Vihiga,M,35,3,2.3,11634,7.7,57,0.787,0.299,0.778,1,1.07,0
F102904,Vihiga,M,33,5,0.55,5298,0.3,92,0.887,0.743,0.54,0,1.131,0
F102905,Siaya,F,40,7,0.24,16486,7.5,154,0.623,0.743,0.713,1,0.972,1
F102906,Vihiga,M,25,4,2.38,23839,0.0,32,0.861,0.572,0.785,0,1.097,0
F102907,Siaya,F,50,6,2.42,18696,5.5,56,0.744,0.42,0.956,1,1.241,0
F102908,Kakamega,M,56,1,0.55,8411,0.3,36,0.687,0.54,0.888,1,0.678,0
F102909,Busia,F,67,5,3.69,20953,9.2,56,0.734,0.847,0.769,1,0.829,0
F102910,Kakamega,F,34,1,0.89,21625,6.3,39,0.899,0.871,0.798,1,0.79,0
F102911,Kakamega,F,46,2,0.56,10269,1.8,145,0.919,0.967,0.715,0,0.907,0
F102912,Busia,F,45,5,1.41,14502,6.9,178,0.877,0.624,0.625,1,1.31,1
F102913,Bungoma,M,56,2,0.29,21407,1.8,174,0.766,0.675,0.734,1,1.243,0
F102914,Busia,F,51,1,0.42,6464,8.9,66,0.712,0.708,0.767,1,0.978,0
F102915,Busia,M,60,2,1.2,10793,10.2,168,0.652,0.544,0.891,1,1.201,1
F102916,Vihiga,M,62,7,1.04,13039,1.7,17,0.926,0.496,0.614,1,1.529,0
F102917,Siaya,M,25,5,1.84,3153,1.5,22,0.57,0.44,0.701,0,0.688,0
F102918,Siaya,M,37,4,0.33,6674,3.2,60,0.929,0.771,0.779,1,0.834,0
F102919,Busia,F,52,8,3.28,16420,0.4,54,0.78,0.515,0.566,1,0.932,0
F102920,Bungoma,F,47,4,0.68,8797,11.0,165,0.475,0.779,0.934,1,1.094,1
F102921,Trans Nzoia,F,44,8,1.01,8316,5.6,137,0.807,0.808,0.896,0,1.129,0
F102922,Kakamega,F,28,3,0.66,9514,6.0,136,0.705,0.75,0.946,1,0.735,0
F102923,Vihiga,M,48,1,0.29,5736,5.2,145,0.756,0.667,0.745,1,1.045,0
F102924,Busia,F,57,1,0.93,17010,0.0,131,0.788,0.811,0.925,1,1.211,0
F102925,Bungoma,F,21,3,1.57,8683,6.1,92,0.942,0.81,0.812,0,0.695,0
F102926,Vihiga,F,49,2,0.82,17336,4.1,13,0.902,0.61,0.861,1,1.038,0
F102927,Bungoma,F,65,2,0.46,21214,10.8,5,0.745,0.747,0.618,1,0.847,0
F102928,Bungoma,M,48,4,1.88,13531,4.1,175,0.944,0.769,0.795,1,0.639,0
F102929,Vihiga,F,67,8,1.93,23108,1.2,91,0.346,0.717,0.865,1,1.245,0
F102930,Bungoma,M,37,2,0.79,7318,6.1,171,0.604,0.876,0.699,1,1.116,1
F102931,Trans Nzoia,M,20,2,1.25,24157,3.2,8,0.48,0.578,0.484,1,0.775,1
F102932,Kakamega,M,54,8,1.87,10081,3.1,115,0.755,0.581,0.847,0,1.229,0
F102933,Busia,F,30,2,1.56,9662,1.1,52,0.824,0.788,0.895,0,1.53,0
F102934,Trans Nzoia,M,20,7,1.23,24548,10.1,67,0.715,0.452,0.477,1,1.026,1
F102935,Bungoma,F,29,5,1.51,13030,1.9,119,0.597,0.827,0.806,1,0.654,0
F102936,Trans Nzoia,F,66,8,1.32,19444,0.3,90,0.493,0.685,0.293,0,0.925,0
F102937,Trans Nzoia,M,59,5,0.97,20655,0.9,26,0.782,0.278,0.752,1,0.515,0
F102938,Siaya,M,33,5,0.33,12861,0.6,179,0.647,0.67,0.598,0,0.97,1
F102939,Bungoma,F,49,2,0.4,9993,0.2,129,0.596,0.826,0.88,1,0.904,0
F102940,Trans Nzoia,M,36,5,1.36,13809,0.4,66,0.431,0.226,0.983,1,1.195,0
F102941,Siaya,F,28,6,0.65,11473,1.4,112,0.797,0.615,0.85,1,0.851,1
F102942,Trans Nzoia,F,69,8,1.32,12161,0.7,29,0.893,0.452,0.876,1,1.224,0
F102943,Bungoma,M,60,1,0.32,8220,2.1,79,0.564,0.803,0.908,1,0.8,1
F102944,Trans Nzoia,F,38,2,0.5,23126,11.2,78,0.818,0.902,0.819,0,0.97,0
F102945,Kakamega,M,37,1,0.82,15592,5.8,68,0.664,0.747,0.954,1,0.648,0
F102946,Vihiga,F,60,7,0.09,20524,5.3,88,0.678,0.692,0.735,1,0.733,0
F102947,Busia,M,43,1,0.45,17503,0.4,164,0.46,0.685,0.599,1,1.196,1
F102948,Vihiga,M,38,8,0.56,10765,2.4,4,0.617,0.879,0.976,1,1.268,0
F102949,Vihiga,M,39,3,1.1,10005,4.0,100,0.738,0.386,0.709,1,0.836,0
F102950,Kakamega,F,42,3,0.78,24611,3.0,169,0.775,0.83,0.373,1,1.13,1
F102951,Vihiga,M,46,8,1.14,3533,3.7,160,0.45,0.744,0.732,0,1.195,1
F102952,Siaya,F,22,6,1.0,9487,3.2,161,0.73,0.855,0.877,1,0.733,0
F102953,Busia,M,44,5,0.76,19189,4.7,76,0.64,0.56,0.749,1,1.113,0
F102954,Bungoma,F,41,8,0.57,15008,11.5,103,0.305,0.491,0.74,0,1.003,1
F102955,Siaya,F,33,7,1.02,16565,1.4,108,0.981,0.891,0.879,0,1.088,0
F102956,Kakamega,M,37,6,2.24,3474,1.3,151,0.785,0.464,0.751,1,0.97,0
F102957,Busia,F,41,3,0.56,7817,0.9,171,0.668,0.941,0.738,1,0.467,1
F102958,Vihiga,F,38,8,3.19,16187,1.2,48,0.839,0.692,0.845,1,1.042,0
F102959,Busia,M,65,6,1.04,9922,1.8,24,0.878,0.575,0.672,1,0.959,0
F102960,Siaya,F,46,8,1.78,13349,4.3,49,0.595,0.643,0.832,1,0.917,0
F102961,Busia,F,45,8,1.26,24056,2.5,49,0.676,0.565,0.908,1,0.589,0
F102962,Siaya,F,33,5,1.4,17039,8.5,56,0.524,0.806,0.665,1,1.25,0
F102963,Kakamega,F,65,3,0.44,16864,1.3,165,0.321,0.843,0.819,0,1.01,1
F102964,Trans Nzoia,F,21,8,0.65,7321,5.3,41,0.84,0.722,0.787,1,0.494,0
F102965,Vihiga,F,47,8,0.19,16100,3.4,77,0.806,0.799,0.906,1,1.34,0
F102966,Bungoma,F,28,1,0.81,24120,0.6,66,0.722,0.51,0.913,1,1.107,0
F102967,Bungoma,F,58,6,1.5,17073,4.8,51,0.741,0.463,0.668,0,1.23,0
F102968,Trans Nzoia,F,38,5,0.81,20272,3.1,37,0.263,0.95,0.68,1,0.926,0
F102969,Vihiga,M,34,6,1.84,23997,5.4,179,0.83,0.573,0.82,1,0.997,1
F102970,Vihiga,M,22,8,0.7,22828,6.9,113,0.892,0.827,0.85,1,1.266,0
F102971,Kakamega,F,59,3,0.53,10476,1.1,21,0.672,0.649,0.716,1,1.109,0
F102972,Vihiga,F,39,8,0.62,9502,5.0,118,0.833,0.565,0.66,1,0.965,0
F102973,Siaya,M,33,6,1.6,9180,2.3,111,0.913,0.737,0.701,1,0.841,0
F102974,Kakamega,F,62,1,2.74,19945,0.1,66,0.489,0.471,0.869,1,0.36,1
F102975,Busia,F,20,5,3.41,11288,0.2,142,0.933,0.905,0.892,1,1.229,0
F102976,Busia,F,43,2,1.48,21095,6.0,145,0.761,0.896,0.724,1,1.236,0
F102977,Siaya,F,28,8,1.79,20620,5.9,142,0.6,0.783,0.751,1,1.187,1
F102978,Bungoma,M,26,7,0.24,17650,0.3,116,0.914,0.624,0.926,0,1.285,0
F102979,Busia,M,21,8,0.31,5661,3.0,81,0.617,0.521,0.792,1,0.768,0
F102980,Trans Nzoia,M,29,5,0.46,18660,2.8,39,0.757,0.519,0.688,1,0.914,0
F102981,Kakamega,F,67,4,2.33,7550,9.7,10,0.72,0.877,0.749,1,0.881,0
F102982,Trans Nzoia,F,42,4,2.31,15157,4.5,165,0.483,0.835,0.966,1,0.511,1
F102983,Trans Nzoia,F,69,8,3.92,8021,8.8,151,0.523,0.73,0.866,1,0.851,1
F102984,Trans Nzoia,F,33,2,0.45,4364,6.4,38,0.677,0.531,0.691,1,1.043,0
F102985,Vihiga,F,58,8,0.89,17000,1.7,145,0.673,0.816,0.745,1,1.262,0
F102986,Trans Nzoia,M,24,4,0.19,12929,1.2,11,0.614,0.668,0.678,1,1.13,0
F102987,Trans Nzoia,F,25,5,0.26,17114,0.5,45,0.793,0.775,0.939,1,0.843,0
F102988,Siaya,M,20,6,0.76,13791,3.1,29,0.889,0.581,0.77,1,1.239,0
F102989,Busia,F,64,1,0.47,11181,0.2,63,0.778,0.529,0.743,1,1.077,0
F102990,Busia,F,53,2,0.48,3342,11.5,59,0.768,0.731,0.701,1,0.592,0
F102991,Vihiga,M,57,2,0.58,9076,5.7,93,0.558,0.911,0.577,1,1.052,0
F102992,Bungoma,M,66,7,2.51,22372,3.3,84,0.8,0.583,0.648,1,1.204,0
F102993,Siaya,F,36,1,2.02,19602,1.0,23,0.806,0.576,0.911,1,1.141,0
F102994,Trans Nzoia,F,56,5,0.4,13205,8.4,29,0.81,0.479,0.622,1,0.714,0
F102995,Vihiga,F,45,1,1.99,3697,6.9,148,0.744,0.853,0.814,1,0.772,0
F102996,Bungoma,F,47,7,0.5,24669,0.2,100,0.684,0.87,0.599,1,1.526,0
F102997,Busia,F,53,8,0.24,19252,5.4,166,0.724,0.508,0.985,1,0.782,1
F102998,Busia,F,43,4,0.57,3486,1.5,26,0.757,0.3,0.846,1,1.023,0
F102999,Vihiga,F,21,2,1.18,7626,9.0,57,0.861,0.424,0.807,1,0.378,0
F103000,Trans Nzoia,F,23,4,0.44,6741,0.3,30,0.937,0.85,0.654,1,1.337,0
F103001,Trans Nzoia,M,45,6,1.46,22861,1.1,166,0.735,0.915,0.646,0,1.207,1
F103002,Siaya,M,48,6,0.6,23996,13.6,31,0.876,0.851,0.808,1,1.441,0
F103003,Siaya,F,56,6,1.24,12101,1.8,144,0.543,0.604,0.612,1,0.746,1
F103004,Trans Nzoia,F,48,5,0.4,6913,1.4,37,0.959,0.519,0.861,1,1.314,0
F103005,Busia,F,29,6,0.95,17130,0.0,131,0.725,0.784,0.777,1,0.749,0
F103006,Vihiga,M,38,2,0.45,8996,4.1,83,0.765,0.51,0.907,1,1.397,0
F103007,Busia,M,42,2,0.77,5661,0.4,174,0.602,0.743,0.764,1,0.407,1
F103008,Vihiga,M,69,8,3.22,8697,3.9,15,0.733,0.882,0.521,0,1.27,0
F103009,Trans Nzoia,F,46,5,0.67,8585,1.8,60,0.907,0.678,0.752,1,1.019,0
F103010,Busia,F,51,7,0.3,4180,2.2,130,0.683,0.938,0.842,1,1.18,0
F103011,Vihiga,F,56,6,1.0,18413,1.9,165,0.332,0.782,0.686,1,1.15,1
F103012,Kakamega,F,38,4,1.01,10747,2.3,98,0.871,0.782,0.749,1,1.124,0
F103013,Trans Nzoia,M,68,5,1.01,15107,5.2,20,0.494,0.631,0.855,1,1.618,0
F103014,Busia,F,53,6,1.4,15111,2.8,114,0.888,0.573,0.934,1,1.47,0
F103015,Busia,F,62,2,0.64,19950,10.8,87,0.808,0.781,0.867,1,1.156,0
F103016,Vihiga,F,57,4,1.5,19770,9.1,140,0.969,0.186,0.753,1,1.064,1
F103017,Bungoma,F,51,6,0.93,15394,9.4,100,0.818,0.735,0.444,0,1.383,1
F103018,Vihiga,F,21,1,0.29,21437,13.5,161,0.588,0.914,0.799,0,1.402,1
F103019,Trans Nzoia,F,49,1,1.65,15525,0.3,24,0.637,0.55,0.829,1,1.042,0
F103020,Busia,M,26,2,1.07,3576,7.2,113,0.828,0.741,0.86,1,1.03,0
F103021,Kakamega,M,50,5,1.45,21881,0.6,133,0.807,0.452,0.867,1,0.775,0
F103022,Busia,M,55,2,0.32,19929,1.4,74,0.711,0.723,0.737,1,1.093,1
F103023,Bungoma,M,47,4,1.72,12343,0.6,87,0.832,0.657,0.984,1,1.07,0
F103024,Busia,M,35,2,3.79,11502,1.5,126,0.366,0.368,0.652,1,1.261,1
F103025,Vihiga,F,22,3,0.3,22690,0.7,83,0.857,0.628,0.525,1,1.467,0
F103026,Kakamega,F,53,1,1.89,12367,6.0,72,0.957,0.747,0.684,0,1.324,0
F103027,Trans Nzoia,F,54,7,1.08,11188,7.9,105,0.871,0.198,0.891,1,1.278,0
F103028,Bungoma,F,43,4,0.93,19113,8.6,145,0.878,0.92,0.64,0,0.958,1
F103029,Siaya,F,55,2,1.74,10229,3.5,26,0.929,0.768,0.916,0,0.913,0
F103030,Trans Nzoia,F,58,5,1.61,11886,4.7,157,0.897,0.381,0.546,1,1.202,1
F103031,Bungoma,M,45,8,2.22,20147,4.5,38,0.559,0.834,0.667,1,1.16,0
F103032,Vihiga,F,22,7,0.33,7912,4.0,20,0.816,0.559,0.869,1,1.19,0
F103033,Kakamega,F,63,8,2.28,3254,0.8,34,0.429,0.62,0.83,1,0.769,0
F103034,Kakamega,F,43,4,1.23,10404,5.1,16,0.74,0.599,0.937,1,0.768,0
F103035,Siaya,F,53,3,0.19,6788,0.1,171,0.379,0.791,0.684,1,0.885,1
F103036,Trans Nzoia,M,65,3,0.67,10959,9.4,54,0.816,0.788,0.82,1,1.192,0
F103037,Kakamega,F,38,3,1.1,4578,0.2,139,0.995,0.431,0.744,1,1.012,0
F103038,Bungoma,M,51,8,0.66,15966,7.9,35,0.816,0.694,0.535,0,1.395,0
F103039,Bungoma,M,20,2,0.85,14266,7.9,96,0.846,0.733,0.997,1,0.757,0
F103040,Busia,F,64,7,0.59,8990,8.6,78,0.935,0.727,0.718,1,0.76,0
F103041,Bungoma,F,22,8,5.12,16817,8.2,119,0.841,0.65,0.663,1,0.954,0
F103042,Bungoma,F,47,7,1.52,6179,3.1,177,0.523,0.691,0.411,0,0.87,1
F103043,Vihiga,F,37,6,1.0,3228,0.1,118,0.506,0.615,0.974,1,0.803,0
F103044,Bungoma,F,21,7,0.39,13490,12.9,127,0.766,0.914,0.602,1,1.025,0
F103045,Siaya,M,43,1,2.23,6552,0.3,49,0.423,0.475,0.704,1,1.034,0
F103046,Trans Nzoia,F,66,7,1.38,21831,3.4,24,0.726,0.638,0.676,0,0.689,0
F103047,Trans Nzoia,M,28,5,0.43,9655,6.2,18,0.779,0.586,0.691,1,0.855,0
F103048,Bungoma,F,34,8,0.43,12433,2.4,56,0.42,0.367,0.889,1,1.183,0
F103049,Trans Nzoia,M,29,1,0.86,9472,1.5,101,0.904,0.672,0.716,1,0.935,0
F103050,Siaya,F,26,8,1.0,12539,1.1,13,0.582,0.477,0.695,1,0.797,0
F103051,Bungoma,F,31,5,1.49,5136,2.3,49,0.701,0.296,0.881,1,0.912,0
F103052,Trans Nzoia,F,48,1,0.91,23544,0.8,114,0.816,0.442,0.895,1,0.696,0
F103053,Busia,F,59,5,1.59,6802,12.8,157,0.485,0.504,0.842,1,1.447,1
F103054,Trans Nzoia,M,54,1,0.66,11701,0.0,178,0.662,0.588,0.75,0,1.223,1
F103055,Busia,F,58,1,0.91,21635,0.7,44,0.657,0.557,0.892,1,1.615,0
F103056,Trans Nzoia,F,55,5,2.28,12382,3.2,21,0.659,0.759,0.648,1,1.025,0
F103057,Kakamega,F,39,7,1.64,18412,3.3,104,0.73,0.846,0.399,0,0.913,1
F103058,Busia,F,65,1,0.95,4504,6.6,169,0.858,0.426,0.654,1,0.785,1
F103059,Bungoma,F,28,3,1.2,9514,8.6,77,0.72,0.861,0.659,1,1.115,0
F103060,Bungoma,F,54,4,0.91,19717,1.4,163,0.67,0.66,0.633,1,0.888,1
F103061,Bungoma,F,25,5,0.27,8794,5.0,134,0.625,0.364,0.622,1,0.76,1
F103062,Busia,F,58,1,2.82,12106,3.1,162,0.767,0.634,0.841,1,1.331,0
F103063,Kakamega,F,24,6,0.45,4764,3.4,171,0.911,0.759,0.799,0,1.01,0
F103064,Trans Nzoia,M,30,4,0.71,14100,1.5,22,0.759,0.873,0.692,1,1.065,0
F103065,Vihiga,F,39,8,4.55,10675,4.0,75,0.895,0.894,0.605,1,1.055,0
F103066,Trans Nzoia,M,54,3,0.37,21928,1.3,11,0.774,0.763,0.809,1,1.103,0
F103067,Trans Nzoia,F,22,4,0.87,11757,0.7,10,0.693,0.862,0.639,1,0.563,0
F103068,Kakamega,F,32,1,2.39,21198,1.3,87,0.846,0.662,0.765,1,0.712,0
F103069,Kakamega,F,36,8,3.24,22891,1.2,120,0.828,0.939,0.768,1,1.461,0
F103070,Busia,F,56,7,1.37,21458,9.7,159,0.801,0.478,0.634,1,0.988,1
F103071,Busia,F,68,3,2.24,19348,1.0,25,0.741,0.792,0.814,1,1.103,0
F103072,Bungoma,F,50,4,0.8,15846,0.1,8,0.89,0.849,0.706,0,1.199,0
F103073,Trans Nzoia,F,45,7,0.05,13541,0.7,21,0.882,0.767,0.838,1,0.906,0
F103074,Vihiga,M,36,3,2.11,4788,1.8,167,0.456,0.569,0.875,1,0.733,1
F103075,Trans Nzoia,F,61,2,0.93,5966,6.0,120,0.903,0.544,0.376,1,0.658,1
F103076,Kakamega,F,25,2,0.73,11364,1.3,88,0.854,0.893,0.925,1,0.748,0
F103077,Trans Nzoia,F,26,6,0.68,17435,1.3,21,0.955,0.351,0.687,1,0.828,0
F103078,Bungoma,F,30,2,1.56,3109,0.2,68,0.908,0.537,0.806,1,0.81,0
F103079,Busia,M,33,1,1.55,23592,2.6,25,0.532,0.934,0.915,1,0.678,0
F103080,Busia,F,43,2,0.96,24840,2.6,8,0.847,0.795,0.809,1,1.23,0
F103081,Trans Nzoia,F,67,8,1.32,4716,1.5,80,0.56,0.706,0.814,0,1.368,0
F103082,Bungoma,F,52,7,0.37,5120,1.3,91,0.453,0.573,0.795,1,0.766,0
F103083,Bungoma,F,39,8,0.81,21669,7.1,83,0.696,0.544,0.898,1,0.572,0
F103084,Busia,M,30,3,0.38,7397,2.8,157,0.881,0.796,0.389,1,1.015,1
F103085,Busia,F,52,4,0.37,6962,1.7,164,0.572,0.874,0.692,1,1.379,0
F103086,Bungoma,M,32,4,1.23,7118,0.1,24,0.921,0.651,0.524,1,0.667,0
F103087,Bungoma,F,68,5,1.0,18428,0.5,51,0.428,0.868,0.9,0,0.674,0
F103088,Bungoma,M,43,1,0.66,5917,5.5,91,0.298,0.729,0.712,0,0.408,1
F103089,Busia,F,47,5,0.78,7044,3.1,73,0.748,0.821,0.941,1,1.065,0
F103090,Busia,F,65,1,1.31,11748,5.7,80,0.695,0.533,0.756,1,0.75,0
F103091,Busia,M,35,3,1.59,16200,3.8,128,0.835,0.594,0.533,1,1.22,0
F103092,Trans Nzoia,F,43,3,1.41,24782,0.9,34,0.591,0.757,0.899,1,1.181,0
F103093,Bungoma,F,46,6,0.18,8227,18.6,149,0.894,0.385,0.818,1,1.374,1
F103094,Siaya,M,33,8,0.08,8607,1.0,49,0.558,0.29,0.929,1,1.274,0
F103095,Trans Nzoia,F,22,6,0.49,14917,5.2,64,0.766,0.802,0.576,1,0.604,0
F103096,Bungoma,M,34,4,0.08,12190,1.2,42,0.858,0.604,0.81,1,0.93,0
F103097,Bungoma,M,25,5,2.6,16203,5.2,114,0.422,0.589,0.819,0,1.285,1
F103098,Bungoma,M,53,5,0.76,8422,5.1,126,0.667,0.763,0.709,1,0.658,0
F103099,Bungoma,M,20,2,0.29,16607,4.4,113,0.924,0.656,0.535,1,0.905,0
F103100,Busia,F,35,8,0.75,23360,19.4,90,0.773,0.849,0.679,1,1.017,0
F103101,Kakamega,F,64,8,0.14,18021,1.5,56,0.959,0.749,0.848,1,0.988,1
F103102,Kakamega,F,48,2,0.29,19172,0.1,124,0.808,0.824,0.585,1,1.074,0
F103103,Busia,F,53,1,0.71,4518,1.4,23,0.488,0.583,0.728,1,0.83,0
F103104,Trans Nzoia,M,53,2,0.62,22850,2.0,58,0.852,0.316,0.815,1,0.766,0
F103105,Bungoma,F,34,6,0.7,18474,1.7,123,0.606,0.721,0.913,0,1.113,0
F103106,Siaya,F,51,1,1.34,16796,9.2,125,0.732,0.53,0.858,1,0.955,1
F103107,Busia,F,31,1,1.87,6401,10.8,50,0.448,0.734,0.83,0,1.528,0
F103108,Siaya,F,51,6,1.04,15182,3.2,63,0.716,0.614,0.614,0,0.722,1
F103109,Bungoma,M,54,2,1.94,17894,8.5,59,0.516,0.627,0.819,1,0.985,0
F103110,Vihiga,F,63,1,0.63,16717,3.2,159,0.74,0.922,0.796,1,0.669,0
F103111,Trans Nzoia,F,65,1,2.12,5728,7.0,104,0.935,0.721,0.842,1,1.092,0
F103112,Kakamega,M,21,6,1.06,3904,0.5,23,0.56,0.691,0.807,1,0.948,0
F103113,Siaya,M,34,3,1.76,13547,7.1,31,0.662,0.788,0.733,1,1.131,0
F103114,Busia,F,47,3,0.64,18779,3.0,15,0.818,0.815,0.702,0,0.821,0
F103115,Busia,M,36,6,1.02,11508,19.0,45,0.404,0.665,0.888,1,0.54,1
F103116,Vihiga,F,50,2,3.52,18126,0.9,42,0.555,0.919,0.271,1,1.319,0
F103117,Vihiga,M,62,5,1.01,24281,6.6,81,0.504,0.98,0.708,1,1.225,0
F103118,Kakamega,F,32,4,1.86,22568,4.6,135,0.794,0.649,0.796,1,1.236,0
F103119,Siaya,F,64,6,2.02,16877,3.3,158,0.561,0.959,0.778,0,1.222,1
F103120,Vihiga,M,64,5,1.49,19020,1.1,101,0.644,0.523,0.678,0,1.025,1
F103121,Siaya,F,65,6,1.68,4940,6.1,139,0.859,0.474,0.583,1,1.153,0
F103122,Busia,F,23,2,0.64,4874,0.8,118,0.799,0.727,0.513,1,0.773,0
F103123,Vihiga,F,34,2,0.48,18419,0.4,59,0.626,0.865,0.557,1,0.896,0
F103124,Busia,F,26,5,0.39,20622,1.2,111,0.704,0.9,0.781,1,1.284,0
F103125,Siaya,F,26,1,1.29,7271,0.9,56,0.776,0.914,0.843,1,1.507,0
F103126,Trans Nzoia,F,22,4,0.99,16032,1.1,57,0.61,0.496,0.801,1,1.082,0
F103127,Siaya,F,41,6,1.23,9295,5.0,177,0.768,0.926,0.82,0,0.173,1
F103128,Vihiga,M,24,7,0.33,5387,0.8,164,0.836,0.847,0.72,1,1.089,0
F103129,Trans Nzoia,M,34,6,0.54,11325,10.0,118,0.668,0.483,0.877,1,1.355,0
F103130,Busia,F,69,8,1.82,12851,5.7,107,0.783,0.753,0.815,1,0.924,0
F103131,Busia,F,64,5,1.11,20076,1.2,124,0.234,0.464,0.885,1,0.749,1
F103132,Trans Nzoia,F,66,4,1.06,22019,1.9,136,0.574,0.457,0.907,0,1.24,1
F103133,Kakamega,F,21,2,0.81,23769,4.3,12,0.442,0.763,0.523,0,0.911,1
F103134,Trans Nzoia,M,53,6,0.5,5298,0.8,66,0.601,0.69,0.663,1,0.91,0
F103135,Kakamega,F,51,7,2.17,23335,16.6,21,0.845,0.483,0.973,1,0.583,0
F103136,Vihiga,F,26,3,2.42,14391,1.2,96,0.605,0.543,0.74,1,0.588,1
F103137,Busia,F,65,1,1.02,6755,0.4,55,0.567,0.524,0.65,1,1.209,0
F103138,Busia,F,40,1,0.88,17241,13.7,61,0.872,0.672,0.844,1,0.691,0
F103139,Busia,M,68,6,2.54,4329,3.7,152,0.717,0.667,0.84,1,1.442,0
F103140,Busia,M,25,6,0.56,13156,0.2,39,0.769,0.829,0.94,1,1.499,0
F103141,Busia,F,52,1,0.67,21227,5.8,164,0.462,0.811,0.935,1,0.739,1
F103142,Busia,F,26,1,1.76,24367,0.3,77,0.502,0.444,0.963,1,0.827,0
F103143,Vihiga,M,67,6,0.66,9340,0.6,36,0.936,0.741,0.54,1,1.176,0
F103144,Trans Nzoia,F,50,4,0.98,6840,0.9,28,0.864,0.898,0.939,1,1.382,0
F103145,Vihiga,M,23,4,0.11,15822,2.0,129,0.865,0.748,0.853,1,1.042,0
F103146,Vihiga,M,30,3,2.46,6461,0.3,162,0.326,0.705,0.794,1,0.837,1
F103147,Siaya,F,37,6,1.66,24529,2.6,157,0.538,0.938,0.873,1,0.903,0
F103148,Siaya,M,20,6,2.07,10211,4.0,33,0.691,0.625,0.753,0,1.028,0
F103149,Kakamega,F,20,1,0.44,7101,1.9,158,0.871,0.777,0.697,1,0.866,0
F103150,Trans Nzoia,M,66,1,2.82,8238,0.0,42,0.772,0.723,0.828,1,1.305,0
F103151,Bungoma,F,69,5,0.91,11246,6.1,84,0.287,0.554,0.955,0,0.827,1
F103152,Bungoma,F,46,5,2.19,19315,1.9,3,0.825,0.836,0.569,0,1.115,0
F103153,Trans Nzoia,F,65,2,1.27,22087,9.1,48,0.646,0.449,0.811,1,1.19,0
F103154,Kakamega,F,52,2,1.71,19200,1.8,59,0.839,0.667,0.829,1,1.002,0
F103155,Siaya,F,21,6,1.34,17299,0.2,172,0.622,0.59,0.684,1,0.943,1
F103156,Trans Nzoia,F,55,4,0.66,8943,2.4,52,0.993,0.636,0.935,1,0.994,0
F103157,Siaya,F,20,1,0.21,23626,9.5,51,0.844,0.857,0.984,1,0.782,0
F103158,Trans Nzoia,F,60,5,2.31,24993,8.2,51,0.676,0.864,0.746,1,1.194,0
F103159,Siaya,F,38,1,0.05,16897,6.5,47,0.792,0.617,0.758,0,0.967,0
F103160,Kakamega,M,27,2,1.85,20227,2.5,98,0.748,0.776,0.886,1,0.937,0
F103161,Siaya,M,32,6,2.31,9678,0.8,39,0.675,0.645,0.765,1,0.726,0
F103162,Kakamega,F,54,2,0.27,12839,1.0,54,0.695,0.599,0.789,1,1.487,0
F103163,Bungoma,F,62,1,0.69,20712,0.0,97,0.854,0.587,0.747,1,1.214,0
F103164,Kakamega,M,48,8,0.24,12332,1.6,136,0.77,0.467,0.536,1,0.635,1
F103165,Busia,M,28,2,0.58,19703,0.2,21,0.761,0.297,0.821,1,1.141,0
F103166,Trans Nzoia,F,65,5,2.05,21917,4.5,64,0.984,0.755,0.964,0,0.848,0
F103167,Bungoma,M,59,7,1.7,23539,3.0,104,0.747,0.611,0.519,1,0.773,1
F103168,Trans Nzoia,F,40,8,1.54,9415,1.3,165,0.641,0.92,0.735,1,0.817,0
F103169,Vihiga,F,47,7,0.7,13475,6.4,170,0.344,0.859,0.869,1,1.13,1
F103170,Vihiga,M,68,3,0.06,11487,0.3,157,0.759,0.454,0.666,1,0.964,1
F103171,Siaya,M,38,7,0.32,14062,5.0,92,0.773,0.653,0.669,0,0.987,0
F103172,Busia,M,21,1,0.81,19339,5.0,20,0.503,0.473,0.877,0,1.071,0
F103173,Busia,F,27,3,0.39,10124,2.2,173,0.532,0.799,0.689,1,1.235,1
F103174,Siaya,F,50,2,1.86,8125,8.7,113,0.735,0.912,0.742,1,1.578,0
F103175,Vihiga,F,69,5,2.88,8912,4.6,163,0.722,0.749,0.726,0,0.934,1
F103176,Vihiga,F,56,8,1.26,19853,5.0,165,0.885,0.922,0.925,1,0.894,0
F103177,Bungoma,F,50,7,0.27,24923,13.3,143,0.435,0.825,0.848,1,1.027,1
F103178,Bungoma,F,36,8,2.37,5268,8.1,77,0.681,0.711,0.511,1,1.176,0
F103179,Bungoma,F,41,2,1.06,24499,3.0,110,0.87,0.714,0.797,1,1.274,0
F103180,Bungoma,M,21,7,0.96,3706,0.1,125,0.551,0.486,0.832,1,0.751,0
F103181,Bungoma,F,38,6,1.45,14652,0.0,158,0.836,0.513,0.836,1,1.606,0
F103182,Trans Nzoia,F,51,4,0.33,5943,7.9,43,0.807,0.847,0.558,1,0.705,0
F103183,Kakamega,M,65,1,0.71,24011,4.3,101,0.667,0.685,0.87,1,1.223,0
F103184,Vihiga,F,66,1,0.91,19762,13.7,108,0.628,0.728,0.72,1,1.188,1
F103185,Siaya,M,61,8,1.18,10835,3.6,39,0.584,0.826,0.7,1,0.65,0
F103186,Trans Nzoia,F,21,3,1.27,18100,5.3,74,0.742,0.662,0.765,1,1.067,0
F103187,Busia,F,60,6,1.45,21699,14.1,166,0.961,0.503,0.661,1,0.563,1
F103188,Kakamega,M,30,8,0.59,7784,4.8,5,0.859,0.495,0.672,1,0.793,0
F103189,Siaya,F,50,4,0.17,16967,3.1,91,0.762,0.718,0.812,1,0.983,0
F103190,Kakamega,F,67,2,0.8,9592,2.4,110,0.92,0.444,0.834,1,1.035,0
F103191,Trans Nzoia,M,64,4,0.88,18775,8.2,163,0.797,0.496,0.627,1,1.311,1
F103192,Trans Nzoia,F,53,2,0.16,15485,1.9,53,0.568,0.568,0.849,1,0.827,1
F103193,Bungoma,M,34,2,0.57,18800,4.6,72,0.878,0.732,0.963,0,1.091,0
F103194,Trans Nzoia,M,46,7,1.1,17008,2.5,17,0.822,0.698,0.822,1,1.231,0
F103195,Bungoma,M,55,3,0.65,16988,13.7,62,0.865,0.323,0.666,1,0.985,1
F103196,Bungoma,F,45,6,1.07,4861,2.0,179,0.977,0.528,0.537,0,0.999,1
F103197,Trans Nzoia,F,40,6,0.62,21751,5.6,138,0.85,0.763,0.864,1,0.636,0
F103198,Siaya,M,40,5,1.53,6773,10.5,78,0.501,0.865,0.848,0,0.596,1
F103199,Bungoma,F,49,5,0.41,11624,4.7,115,0.871,0.821,0.647,0,0.79,0
F103200,Siaya,F,21,2,0.97,14242,0.8,173,0.691,0.434,0.677,1,1.348,1
F103201,Siaya,F,69,5,1.0,21682,1.0,80,0.445,0.766,0.598,1,1.349,0
F103202,Trans Nzoia,F,25,7,1.81,16843,0.6,55,0.714,0.84,0.836,1,1.312,0
F103203,Kakamega,F,69,2,0.74,7035,4.1,158,0.623,0.394,0.613,1,1.093,1
F103204,Bungoma,F,21,2,2.86,9300,3.2,153,0.486,0.817,0.584,1,1.131,1
F103205,Trans Nzoia,F,45,6,2.78,7399,3.3,94,0.964,0.24,0.802,1,0.897,0
F103206,Siaya,F,40,8,0.44,16001,5.0,5,0.893,0.81,0.757,1,0.907,0
F103207,Trans Nzoia,M,48,4,0.94,18781,0.6,5,0.636,0.47,0.724,0,0.492,0
F103208,Busia,F,41,7,0.3,18599,5.9,23,0.508,0.568,0.725,1,1.052,0
F103209,Bungoma,F,64,2,1.37,19502,0.1,125,0.792,0.572,0.757,1,1.118,0
F103210,Siaya,F,20,5,0.64,18440,0.0,34,0.724,0.712,0.761,1,0.846,0
F103211,Bungoma,F,69,8,1.05,22850,1.1,14,0.604,0.661,0.698,1,1.228,0
F103212,Busia,M,54,4,0.79,22944,0.5,123,0.627,0.883,0.958,1,1.307,0
F103213,Siaya,M,58,5,4.99,9043,1.4,88,0.663,0.636,0.873,1,0.719,0
F103214,Vihiga,F,26,2,0.86,9696,8.7,96,0.947,0.475,0.942,1,1.578,0
F103215,Bungoma,F,23,5,0.8,4233,13.3,36,0.512,0.645,0.562,1,1.136,0
F103216,Kakamega,F,39,5,1.9,8880,0.8,41,0.82,0.662,0.767,0,1.388,0
F103217,Busia,F,36,8,2.09,14164,3.1,45,0.719,0.64,0.709,1,0.828,0
F103218,Siaya,F,59,2,1.17,17492,5.3,116,0.658,0.652,0.712,1,1.363,0
F103219,Busia,F,64,3,2.13,22257,0.6,176,0.81,0.69,0.617,1,1.165,1
F103220,Trans Nzoia,F,41,6,4.45,16067,1.5,165,0.708,0.373,0.747,1,0.927,1
F103221,Bungoma,F,58,8,0.75,24372,3.3,23,0.899,0.941,0.981,1,0.725,0
F103222,Trans Nzoia,F,22,2,0.34,15169,0.1,123,0.551,0.932,0.669,1,1.003,0
F103223,Trans Nzoia,F,57,6,1.29,21872,2.6,137,0.896,0.918,0.515,1,1.195,0
F103224,Vihiga,F,24,8,1.99,20778,0.6,10,0.69,0.69,0.748,0,1.019,0
F103225,Trans Nzoia,F,53,6,2.7,13779,2.1,115,0.45,0.376,0.864,1,1.022,1
F103226,Vihiga,F,39,4,1.47,22193,0.0,81,0.881,0.853,0.649,0,0.878,0
F103227,Busia,F,40,2,0.98,21994,1.8,37,0.962,0.64,0.732,1,0.669,0
F103228,Trans Nzoia,F,33,3,0.5,9873,0.3,142,0.752,0.696,0.69,1,1.044,0
F103229,Siaya,F,40,1,2.32,7707,5.4,168,0.716,0.866,0.695,1,0.768,1
F103230,Siaya,M,63,2,1.22,5671,1.4,108,0.802,0.524,0.667,1,1.238,0
F103231,Bungoma,M,60,4,0.18,23265,0.8,38,0.745,0.842,0.94,1,1.21,0
F103232,Trans Nzoia,F,37,2,3.52,12728,2.6,78,0.978,0.778,0.936,0,1.417,0
F103233,Kakamega,F,34,1,0.36,15470,6.3,94,0.663,0.889,0.875,1,0.906,0
F103234,Vihiga,M,45,6,2.02,9013,0.1,162,0.394,0.711,0.773,1,0.989,1
F103235,Vihiga,M,54,1,1.14,11565,1.6,142,0.601,0.715,0.858,1,0.632,1
F103236,Busia,F,29,2,0.19,11855,3.5,121,0.567,0.817,0.871,1,0.861,0
F103237,Siaya,F,56,5,0.9,15796,1.6,138,0.846,0.848,0.767,1,0.999,0
F103238,Siaya,F,67,8,0.75,6852,8.2,125,0.629,0.552,0.777,0,1.02,1
F103239,Kakamega,F,62,6,0.24,20248,4.4,59,0.641,0.923,0.57,1,0.905,0
F103240,Bungoma,F,47,1,1.37,11595,16.8,26,0.365,0.502,0.736,1,0.843,1
F103241,Bungoma,F,35,2,1.82,8282,2.0,151,0.893,0.667,0.802,1,1.061,0
F103242,Siaya,F,36,6,0.95,3322,9.5,101,0.819,0.515,0.602,1,0.925,0
F103243,Vihiga,F,57,6,0.74,5241,1.1,173,0.745,0.737,0.876,0,1.328,0
F103244,Trans Nzoia,F,42,4,1.44,8922,6.9,123,0.948,0.755,0.819,1,1.063,0
F103245,Trans Nzoia,M,25,8,0.03,19128,0.9,86,0.783,0.919,0.854,1,0.867,0
F103246,Trans Nzoia,F,53,8,0.67,21806,8.6,117,0.786,0.618,0.952,1,1.271,0
F103247,Kakamega,F,26,6,0.71,23954,2.3,118,0.607,0.753,0.752,1,0.748,0
F103248,Kakamega,F,69,6,0.97,9552,2.1,176,0.58,0.442,0.55,1,0.902,1
F103249,Busia,M,40,7,0.23,17013,1.9,67,0.605,0.831,0.677,0,0.738,0
F103250,Busia,F,37,2,0.12,8901,4.3,70,0.735,0.558,0.852,1,0.936,0
F103251,Trans Nzoia,F,22,6,0.39,6136,2.6,65,0.911,0.791,0.571,1,1.343,0
F103252,Kakamega,F,28,8,1.35,14944,13.3,22,0.786,0.216,0.686,1,1.047,0
F103253,Busia,M,67,2,0.7,17154,2.9,86,0.331,0.851,0.343,0,0.568,1
F103254,Bungoma,M,46,1,0.39,19738,14.7,81,0.636,0.288,0.826,1,0.904,1
F103255,Bungoma,M,65,3,3.16,5565,2.2,37,0.862,0.564,0.843,1,1.067,0
F103256,Bungoma,F,67,3,0.74,19433,0.9,147,0.559,0.837,0.977,1,1.073,0
F103257,Bungoma,F,22,8,0.98,9677,4.5,125,0.759,0.745,0.88,1,0.956,0
F103258,Vihiga,F,39,4,2.29,9123,2.1,45,0.669,0.457,0.723,1,1.192,0
F103259,Busia,F,61,6,1.09,3695,3.0,32,0.835,0.905,0.803,1,1.146,0
F103260,Busia,M,44,8,1.43,7497,2.7,112,0.814,0.554,0.936,1,0.962,0
F103261,Busia,F,45,7,0.48,13725,9.0,3,0.675,0.509,0.787,1,1.059,0
F103262,Trans Nzoia,F,48,6,1.02,7161,3.6,29,0.703,0.911,0.591,0,0.965,0
F103263,Siaya,M,55,8,2.89,10069,1.1,80,0.239,0.587,0.854,1,1.014,0
F103264,Vihiga,F,66,6,1.3,14662,2.9,178,0.942,0.503,0.853,0,1.048,1
F103265,Vihiga,F,64,2,1.17,5145,3.4,16,0.83,0.925,0.803,1,1.254,0
F103266,Trans Nzoia,F,51,6,0.8,22252,3.2,96,0.448,0.428,0.655,1,1.118,1
F103267,Trans Nzoia,M,48,3,0.3,9798,5.9,102,0.78,0.406,0.687,0,1.001,1
F103268,Kakamega,M,38,3,2.13,19703,0.1,47,0.746,0.545,0.84,0,0.899,0
F103269,Siaya,F,25,6,0.92,17246,0.1,95,0.809,0.844,0.599,1,1.166,0
F103270,Kakamega,M,55,3,0.54,19529,4.5,115,0.66,0.777,0.942,1,1.079,0
F103271,Busia,M,20,1,0.26,9359,0.1,27,0.707,0.872,0.901,1,0.976,0
F103272,Vihiga,M,54,8,1.21,6786,14.2,171,0.482,0.978,0.938,0,0.924,1
F103273,Busia,M,44,5,0.34,6147,6.8,46,0.68,0.759,0.877,1,1.016,0
F103274,Bungoma,F,59,6,2.14,8047,7.6,68,0.701,0.683,0.826,0,0.833,0
F103275,Siaya,M,67,7,0.57,14985,0.2,7,0.607,0.522,0.533,1,0.639,0
F103276,Kakamega,F,47,6,1.03,16734,5.2,108,0.945,0.839,0.811,0,1.393,0
F103277,Bungoma,M,48,5,1.29,19570,2.2,108,0.712,0.927,0.743,1,1.4,0
F103278,Siaya,F,44,7,1.18,24204,3.0,23,0.777,0.969,0.49,1,1.038,0
F103279,Trans Nzoia,M,38,3,1.83,21263,6.9,54,0.885,0.808,0.779,1,1.135,0
F103280,Kakamega,M,24,7,0.62,10853,4.1,138,0.64,0.727,0.746,0,0.947,1
F103281,Trans Nzoia,F,21,6,0.98,13386,0.2,129,0.903,0.753,0.866,1,1.131,0
F103282,Siaya,M,56,2,1.49,24008,13.0,57,0.735,0.583,0.587,1,1.031,1
F103283,Kakamega,F,65,2,2.71,18643,11.8,114,0.894,0.637,0.732,1,1.053,0
F103284,Busia,F,22,8,1.74,12168,0.1,135,0.791,0.892,0.814,0,0.759,0
F103285,Busia,F,36,8,1.97,21333,4.8,69,0.642,0.288,0.832,1,1.451,0
F103286,Kakamega,M,50,8,0.75,5995,4.7,34,0.684,0.507,0.793,1,0.728,0
F103287,Bungoma,F,55,1,1.3,17803,0.6,6,0.44,0.79,0.691,1,1.216,0
F103288,Bungoma,F,56,8,2.45,23872,4.6,171,0.954,0.517,0.549,1,0.806,1
F103289,Bungoma,F,54,7,0.94,14599,1.1,59,0.643,0.558,0.733,1,0.514,0
F103290,Busia,F,24,7,1.31,16488,2.9,145,0.68,0.741,0.802,0,1.242,0
F103291,Busia,F,32,4,0.2,4318,0.1,60,0.698,0.677,0.848,0,1.048,0
F103292,Bungoma,M,43,5,1.6,16307,4.3,129,0.679,0.644,0.768,1,0.666,1
F103293,Bungoma,M,23,4,1.16,9380,7.3,61,0.564,0.645,0.67,1,1.173,0
F103294,Bungoma,M,37,1,1.52,24878,2.4,110,0.634,0.654,0.915,1,0.918,0
F103295,Trans Nzoia,F,39,5,0.77,10035,0.8,171,0.278,0.717,0.945,1,1.463,0
F103296,Bungoma,M,68,2,0.15,9906,0.4,136,0.585,0.711,0.93,0,0.656,1
F103297,Siaya,F,35,2,1.65,11690,0.4,32,0.566,0.664,0.469,1,0.85,0
F103298,Vihiga,F,68,1,0.54,18335,2.7,95,0.943,0.781,0.802,1,1.214,0
F103299,Trans Nzoia,F,55,4,0.23,23919,11.1,50,0.769,0.72,0.526,1,0.902,0
F103300,Vihiga,F,54,1,1.1,10617,8.3,41,0.643,0.637,0.562,1,0.804,0
F103301,Bungoma,F,60,7,2.95,7595,7.0,150,0.741,0.659,0.523,1,1.065,1
F103302,Vihiga,M,62,8,0.47,19819,5.9,176,0.335,0.98,0.631,0,1.283,1
F103303,Bungoma,F,31,7,0.56,14914,1.2,166,0.801,0.901,0.584,1,0.996,0
F103304,Kakamega,F,41,3,1.71,13003,0.6,151,0.486,0.802,0.657,1,0.955,1
F103305,Bungoma,M,46,2,0.83,24806,0.0,85,0.917,0.783,0.783,1,0.819,0
F103306,Bungoma,M,68,5,1.65,13903,4.6,96,0.881,0.622,0.509,0,0.896,1
F103307,Kakamega,F,22,6,0.79,16613,8.4,98,0.535,0.713,0.681,0,0.73,1
F103308,Kakamega,F,43,1,0.69,24592,10.6,133,0.69,0.118,0.924,0,1.314,1
F103309,Siaya,F,30,7,0.49,7596,9.9,12,0.992,0.411,0.561,0,1.185,0
F103310,Vihiga,F,30,4,1.24,22860,4.5,149,0.572,0.295,0.72,1,0.686,1
F103311,Busia,F,58,7,0.49,24124,2.8,146,0.958,0.744,0.87,1,0.865,0
F103312,Siaya,F,30,1,0.66,13355,0.5,179,0.792,0.943,0.763,1,1.195,0
F103313,Bungoma,M,59,4,2.11,10398,7.0,108,0.835,0.73,0.737,1,1.171,0
F103314,Busia,F,69,4,3.81,6573,6.6,83,0.543,0.96,0.38,1,0.983,0
F103315,Siaya,F,58,1,1.35,4053,11.2,87,0.912,0.949,0.711,1,0.945,0
F103316,Vihiga,F,28,6,2.17,24649,7.9,112,0.825,0.429,0.565,1,1.006,1
F103317,Busia,M,27,8,0.72,12489,5.4,56,0.646,0.79,0.735,1,0.896,0
F103318,Bungoma,F,41,5,0.81,17694,1.2,140,0.645,0.861,0.652,0,1.276,1
F103319,Kakamega,F,47,4,1.14,8294,1.1,81,0.72,0.566,0.871,1,1.183,0
F103320,Kakamega,F,58,6,0.54,10120,2.7,52,0.597,0.618,0.823,1,1.079,0
F103321,Kakamega,M,41,3,0.68,21015,11.6,133,0.737,0.796,0.895,1,0.734,0
F103322,Trans Nzoia,M,28,3,1.61,17439,0.2,62,0.913,0.259,0.824,1,0.854,0
F103323,Vihiga,F,69,7,1.0,7839,1.8,17,0.748,0.791,0.94,1,0.851,0
F103324,Busia,F,65,5,0.88,3120,6.2,95,0.585,0.6,0.866,1,0.916,0
F103325,Trans Nzoia,F,52,3,0.84,21036,7.8,92,0.89,0.655,0.732,1,1.051,0
F103326,Kakamega,F,54,4,0.39,4761,1.9,54,0.602,0.564,0.859,1,1.401,0
F103327,Bungoma,M,66,7,1.11,3795,6.2,9,0.719,0.763,0.881,0,1.051,0
F103328,Busia,F,43,5,0.54,9606,1.4,87,0.378,0.781,0.734,1,0.662,0
F103329,Siaya,F,27,1,0.2,23441,1.5,139,0.88,0.784,0.691,1,1.177,0
F103330,Vihiga,M,50,7,0.34,17179,3.9,144,0.842,0.462,0.82,1,0.67,1
F103331,Siaya,M,42,6,0.85,3928,5.1,40,0.64,0.401,0.919,0,1.12,0
F103332,Bungoma,F,59,3,1.51,23175,9.6,79,0.936,0.724,0.847,1,0.897,0
F103333,Siaya,F,58,8,1.8,23647,14.3,162,0.85,0.575,0.768,1,1.15,1
F103334,Kakamega,F,43,8,0.27,18329,1.2,63,0.591,0.739,0.613,1,1.138,0
F103335,Bungoma,M,38,8,1.41,4621,1.7,87,0.736,0.854,0.73,1,1.049,0
F103336,Vihiga,M,41,4,3.07,3314,1.3,123,0.602,0.16,0.7,0,0.745,1
F103337,Kakamega,M,51,8,1.87,22196,1.2,83,0.653,0.657,0.821,1,0.85,0
F103338,Siaya,M,51,7,1.08,21096,11.4,151,0.805,0.493,0.792,1,1.134,1
F103339,Siaya,F,45,7,1.14,21289,1.0,66,0.539,0.664,0.624,0,1.051,1
F103340,Vihiga,F,46,5,1.05,13706,1.8,90,0.68,0.606,0.921,0,1.461,0
F103341,Bungoma,F,69,3,0.64,16077,0.9,94,0.422,0.774,0.775,0,1.04,1
F103342,Kakamega,M,32,2,1.93,6810,4.8,134,0.669,0.839,0.85,1,1.2,0
F103343,Vihiga,F,28,8,0.42,3791,6.4,62,0.981,0.452,0.807,1,0.905,0
F103344,Vihiga,F,59,5,1.12,7865,5.3,51,0.864,0.759,0.907,1,0.791,1
F103345,Trans Nzoia,F,66,8,0.2,16665,0.2,66,0.547,0.591,0.545,1,1.291,0
F103346,Vihiga,M,50,5,2.05,11844,4.8,44,0.707,0.13,0.866,1,0.824,0
F103347,Kakamega,M,40,5,1.09,16592,4.5,37,0.632,0.921,0.91,1,0.647,0
F103348,Kakamega,M,37,1,0.25,12695,1.6,148,0.773,0.434,0.375,1,0.668,1
F103349,Trans Nzoia,F,43,4,2.54,15258,9.4,64,0.669,0.704,0.724,1,1.092,0
F103350,Kakamega,M,22,5,0.91,23930,11.6,50,0.434,0.414,0.806,1,0.833,1
F103351,Siaya,M,46,1,0.31,16893,10.5,146,0.552,0.689,0.649,0,0.622,1
F103352,Kakamega,M,33,2,3.25,23988,2.4,142,0.789,0.453,0.691,1,1.481,0
F103353,Trans Nzoia,M,33,5,0.79,24298,10.2,46,0.714,0.976,0.587,1,0.454,0
F103354,Siaya,M,48,2,0.5,16588,5.3,56,0.912,0.772,0.909,1,0.897,0
F103355,Busia,M,68,6,1.16,24901,3.4,148,0.856,0.502,0.853,1,1.406,0
F103356,Kakamega,F,30,4,0.34,8478,0.1,52,0.813,0.662,0.599,1,1.015,0
F103357,Siaya,F,65,4,0.64,14450,1.6,155,0.838,0.811,0.79,1,1.616,0
F103358,Bungoma,F,45,1,2.34,4642,6.2,112,0.944,0.789,0.656,1,1.196,0
F103359,Vihiga,M,68,4,0.81,5019,2.5,120,0.736,0.546,0.404,1,0.705,1
F103360,Siaya,M,39,5,1.35,5913,1.9,97,0.662,0.538,0.777,1,1.188,0
F103361,Trans Nzoia,F,69,5,2.41,5947,1.0,8,0.906,0.7,0.883,0,0.858,0
F103362,Kakamega,F,52,3,0.79,12024,5.0,148,0.675,0.366,0.998,1,0.937,1
F103363,Trans Nzoia,M,53,1,0.48,18847,3.5,102,0.898,0.809,0.608,0,0.749,1
F103364,Kakamega,M,48,8,1.53,24690,5.4,33,0.531,0.849,0.897,1,0.837,0
F103365,Trans Nzoia,M,42,8,0.3,24603,6.5,150,0.933,0.889,0.601,1,1.181,0
F103366,Vihiga,F,46,8,0.43,6930,2.2,54,0.703,0.527,0.977,1,0.773,0
F103367,Bungoma,M,62,3,0.24,12593,3.1,67,0.492,0.937,0.561,1,0.516,0
F103368,Busia,M,59,5,2.29,12490,0.5,116,0.708,0.291,0.865,0,1.103,1
F103369,Kakamega,F,21,2,1.02,5156,4.4,53,0.765,0.664,0.565,0,0.939,0
F103370,Siaya,F,54,8,1.58,3873,1.1,4,0.405,0.551,0.796,1,1.23,0
F103371,Bungoma,M,61,1,0.46,10766,1.0,59,0.483,0.925,0.784,1,0.808,0
F103372,Bungoma,F,57,4,1.31,21843,3.0,123,0.697,0.692,0.873,0,1.256,0
F103373,Vihiga,F,44,7,1.34,11470,6.1,77,0.56,0.643,0.922,0,1.179,0
F103374,Trans Nzoia,M,36,6,3.24,11435,1.9,129,0.699,0.597,0.918,0,1.129,0
F103375,Vihiga,M,53,7,1.48,24925,4.7,15,0.622,0.456,0.878,1,0.663,0
F103376,Vihiga,F,53,4,1.8,11302,1.7,48,0.845,0.656,0.601,1,0.985,0
F103377,Vihiga,M,38,1,1.09,18104,5.1,45,0.575,0.681,0.871,1,1.226,0
F103378,Siaya,F,40,1,0.04,24590,3.1,14,0.54,0.237,0.637,1,0.862,1
F103379,Busia,M,38,2,1.23,5593,0.2,117,0.845,0.789,0.638,1,0.475,0
F103380,Trans Nzoia,F,22,1,0.85,14235,1.9,40,0.716,0.325,0.703,1,0.831,0
F103381,Trans Nzoia,M,21,4,0.82,10415,10.6,86,0.814,0.839,0.62,1,0.763,0
F103382,Siaya,M,24,1,0.67,5612,6.9,178,0.497,0.456,0.727,1,0.848,1
F103383,Siaya,F,41,2,0.82,4068,3.1,46,0.415,0.495,0.874,1,0.639,0
F103384,Trans Nzoia,F,45,4,0.57,17251,1.1,37,0.896,0.378,0.893,1,1.194,0
F103385,Bungoma,M,40,6,1.68,17367,6.2,167,0.932,0.595,0.96,0,1.152,0
F103386,Trans Nzoia,F,67,6,0.4,15362,4.5,66,0.919,0.443,0.737,1,0.773,0
F103387,Trans Nzoia,F,31,1,2.96,17800,5.1,55,0.651,0.81,0.842,1,0.892,0
F103388,Bungoma,F,39,8,1.58,18815,0.6,130,0.957,0.948,0.937,1,0.782,0
F103389,Trans Nzoia,M,32,5,2.0,4264,3.5,25,0.727,0.735,0.451,1,1.122,0
F103390,Bungoma,F,34,3,0.42,3748,9.1,69,0.798,0.422,0.903,1,0.749,0
F103391,Vihiga,F,49,4,0.63,10381,2.5,38,0.72,0.796,0.848,1,0.786,0
F103392,Trans Nzoia,M,35,7,1.05,15507,1.2,160,0.809,0.538,0.758,1,1.025,0
F103393,Bungoma,F,35,4,0.98,22862,6.7,55,0.8,0.844,0.608,1,0.788,0
F103394,Busia,F,53,2,1.59,24556,1.4,103,0.634,0.716,0.851,0,1.419,0
F103395,Trans Nzoia,F,61,4,0.98,21189,1.5,95,0.745,0.782,0.69,1,0.82,0
F103396,Busia,F,30,1,3.06,9408,5.6,90,0.722,0.894,0.54,0,1.183,0
F103397,Siaya,F,25,2,0.43,15632,3.0,14,0.574,0.611,0.476,1,1.221,0
F103398,Kakamega,M,31,3,0.35,5552,1.0,49,0.937,0.358,0.94,1,0.649,0
F103399,Trans Nzoia,F,48,2,0.6,13661,1.7,154,0.616,0.639,0.863,1,0.934,1
F103400,Trans Nzoia,M,67,3,0.82,5173,5.4,100,0.619,0.799,0.89,1,0.782,0
F103401,Siaya,F,28,1,2.12,24842,6.2,158,0.885,0.592,0.744,1,1.226,1
F103402,Kakamega,F,22,5,1.28,12923,1.3,102,0.647,0.755,0.569,1,0.981,0
F103403,Siaya,F,46,1,0.06,18888,0.6,59,0.966,0.68,0.959,1,1.223,0
F103404,Busia,F,69,2,0.07,5289,0.8,64,0.531,0.765,0.821,1,1.408,0
F103405,Busia,M,47,8,0.88,23957,1.9,140,0.743,0.411,0.989,1,1.432,0
F103406,Busia,F,66,1,0.69,14529,1.7,45,0.566,0.898,0.783,0,0.732,0
F103407,Vihiga,F,52,3,0.9,4574,3.8,109,0.543,0.856,0.842,1,0.705,0
F103408,Vihiga,F,21,5,0.82,11108,2.3,168,0.962,0.956,0.814,0,0.705,0
F103409,Busia,M,41,3,2.77,7667,1.2,152,0.846,0.784,0.267,1,1.284,1
F103410,Kakamega,F,58,3,1.91,4516,10.4,71,0.699,0.831,0.593,0,1.188,0
F103411,Siaya,M,45,2,0.63,3684,1.1,52,0.874,0.578,0.838,1,1.17,0
F103412,Bungoma,F,29,4,0.97,18671,1.8,113,0.994,0.582,0.524,1,1.137,0
F103413,Kakamega,F,29,7,0.77,22094,1.3,111,0.862,0.731,0.869,1,0.898,0
F103414,Vihiga,M,53,5,0.12,17520,0.9,130,0.279,0.656,0.591,1,1.022,1
F103415,Busia,F,43,8,0.66,18273,1.0,15,0.626,0.571,0.344,1,1.084,0
F103416,Vihiga,F,48,6,0.66,3821,0.1,98,0.802,0.54,0.52,1,1.028,0
F103417,Siaya,M,38,7,0.55,6908,0.4,4,0.693,0.307,0.859,1,0.838,0
F103418,Kakamega,F,36,4,0.64,3754,1.3,178,0.545,0.711,0.841,1,1.402,0
F103419,Bungoma,F,53,5,0.78,24432,0.6,157,0.782,0.808,0.928,1,0.7,0
F103420,Vihiga,F,20,5,1.36,19231,1.6,133,0.737,0.616,0.913,0,0.895,1
F103421,Trans Nzoia,F,41,7,0.59,24027,8.5,55,0.675,0.622,0.916,1,1.365,0
F103422,Vihiga,M,38,5,2.34,22910,0.4,135,0.814,0.695,0.501,1,1.232,0
F103423,Busia,F,58,4,0.43,7941,0.9,81,0.866,0.913,0.871,1,0.683,0
F103424,Vihiga,M,56,1,2.08,14252,17.1,117,0.727,0.447,0.816,1,0.452,1
F103425,Siaya,M,41,7,1.21,17234,5.4,44,0.388,0.95,0.916,1,0.742,0
F103426,Busia,M,33,4,0.33,19314,8.0,87,0.785,0.391,0.564,1,1.03,1
F103427,Siaya,M,31,7,0.76,17698,0.3,158,0.724,0.788,0.948,1,1.015,0
F103428,Trans Nzoia,M,30,6,2.84,12969,0.3,36,0.893,0.646,0.81,1,0.992,0
F103429,Bungoma,F,33,1,0.44,3088,7.8,71,0.889,0.641,0.93,1,1.144,0
F103430,Bungoma,F,58,6,2.89,23655,0.1,54,0.566,0.416,0.781,1,1.007,0
F103431,Trans Nzoia,F,22,4,1.39,18153,6.8,34,0.754,0.843,0.982,1,1.238,0
F103432,Bungoma,M,21,2,1.22,21397,0.0,73,0.821,0.841,0.784,1,1.189,0
F103433,Busia,F,46,3,1.33,7869,5.1,110,0.608,0.515,0.529,0,0.46,1
F103434,Bungoma,M,31,6,0.75,5342,3.8,12,0.804,0.879,0.773,1,1.022,0
F103435,Vihiga,F,61,1,0.45,22829,7.8,39,0.844,0.639,0.594,1,0.946,0
F103436,Bungoma,M,57,5,1.0,20728,0.8,147,0.47,0.808,0.877,0,1.069,1
F103437,Vihiga,F,58,7,1.26,21447,0.3,49,0.519,0.633,0.816,0,0.94,0
F103438,Siaya,M,42,1,1.44,12688,1.2,62,0.687,0.395,0.642,1,0.597,1
F103439,Trans Nzoia,F,41,1,1.39,22916,2.3,122,0.703,0.17,0.984,1,1.115,1
F103440,Siaya,F,41,1,1.66,7932,0.0,135,0.822,0.792,0.673,1,1.174,0
F103441,Kakamega,M,29,6,3.65,19666,4.4,172,0.95,0.337,0.866,1,0.539,1
F103442,Busia,M,48,7,1.18,13877,5.1,31,0.705,0.695,0.406,0,1.432,0
F103443,Bungoma,M,63,8,2.26,6627,2.5,136,0.752,0.662,0.9,1,1.235,0
F103444,Siaya,M,32,1,1.47,18783,2.3,131,0.577,0.69,0.587,1,0.775,1
F103445,Trans Nzoia,F,22,4,3.91,10932,1.6,24,0.514,0.688,0.763,1,0.725,0
F103446,Bungoma,M,48,1,1.05,6492,2.6,158,0.415,0.583,0.938,1,1.051,0
F103447,Vihiga,F,39,3,0.97,18596,0.1,58,0.537,0.718,0.831,0,1.032,0
F103448,Vihiga,F,59,3,2.16,19979,6.1,77,0.672,0.481,0.846,1,1.155,0
F103449,Busia,F,62,5,2.17,10113,1.4,143,0.501,0.937,0.841,1,1.123,0
F103450,Busia,F,67,8,0.8,24270,10.3,95,0.69,0.83,0.84,1,1.147,0
F103451,Kakamega,F,39,7,1.44,18620,0.2,51,0.608,0.378,0.525,1,0.722,1
F103452,Busia,M,65,1,1.67,3492,4.2,59,0.915,0.416,0.856,1,0.965,0
F103453,Busia,F,25,2,1.6,10395,4.7,133,0.663,0.72,0.622,0,1.086,1
F103454,Trans Nzoia,M,38,3,1.33,24436,0.7,35,0.835,0.712,0.872,0,0.941,0
F103455,Siaya,F,33,3,0.18,6910,14.5,86,0.936,0.547,0.81,1,1.162,0
F103456,Trans Nzoia,F,66,3,1.62,23977,8.0,135,0.34,0.827,0.825,1,1.269,1
F103457,Kakamega,M,50,5,1.67,14399,4.1,159,0.945,0.897,0.561,1,0.793,0
F103458,Siaya,F,38,6,1.37,17855,10.7,149,0.569,0.837,0.901,1,0.991,0
F103459,Busia,F,27,8,0.73,18097,3.7,66,0.812,0.656,0.768,1,0.868,0
F103460,Busia,M,59,6,2.65,14257,5.9,38,0.702,0.586,0.707,1,0.894,0
F103461,Siaya,F,52,3,0.45,14378,1.0,168,0.941,0.651,0.614,1,0.589,1
F103462,Siaya,F,62,2,2.19,15481,0.4,108,0.865,0.913,0.71,0,1.103,0
F103463,Kakamega,M,41,4,0.44,17121,9.0,75,0.866,0.801,0.742,1,1.717,0
F103464,Busia,F,27,7,2.01,19227,1.9,162,0.779,0.414,0.764,1,1.104,1
F103465,Trans Nzoia,M,36,8,0.46,12637,4.8,131,0.872,0.755,0.707,1,1.572,0
F103466,Vihiga,M,51,4,1.93,12585,0.5,87,0.779,0.75,0.878,0,1.323,0
F103467,Bungoma,F,32,2,3.05,20123,1.6,37,0.885,0.472,0.883,1,0.812,0
F103468,Vihiga,F,23,1,3.06,19656,4.9,17,0.623,0.916,0.945,1,1.106,0
F103469,Siaya,F,61,1,2.62,17299,3.2,96,0.594,0.798,0.922,1,1.196,0
F103470,Bungoma,M,46,6,1.05,13143,0.6,23,0.452,0.743,0.455,1,1.183,0
F103471,Trans Nzoia,F,39,5,0.63,15641,2.8,57,0.621,0.581,0.683,1,0.82,0
F103472,Trans Nzoia,M,47,6,0.93,15560,4.8,123,0.896,0.689,0.588,0,1.053,1
F103473,Siaya,F,56,1,2.08,12578,3.0,5,0.587,0.518,0.693,0,1.418,0
F103474,Bungoma,M,20,4,1.6,6927,2.1,178,0.537,0.851,0.57,0,0.611,1
F103475,Bungoma,F,42,2,4.14,14786,9.1,80,0.571,0.773,0.796,1,1.259,0
F103476,Vihiga,F,32,3,0.68,12743,0.0,157,0.745,0.855,0.578,1,1.295,0
F103477,Vihiga,F,24,5,3.19,4122,5.4,33,0.988,0.679,0.847,1,0.572,0
F103478,Busia,F,21,3,0.98,24020,1.2,84,0.845,0.811,0.606,0,0.843,0
F103479,Trans Nzoia,M,42,6,0.44,17667,2.3,172,0.568,0.769,0.789,1,0.931,1
F103480,Trans Nzoia,F,47,3,1.3,5503,15.7,114,0.592,0.737,0.792,1,1.219,0
F103481,Bungoma,F,45,5,1.57,7497,0.4,146,0.936,0.748,0.808,1,1.002,0
F103482,Trans Nzoia,F,59,4,2.46,15569,20.9,124,0.757,0.641,0.593,1,0.862,1
F103483,Bungoma,F,42,4,0.68,21923,1.8,133,0.752,0.479,0.591,0,1.02,1
F103484,Busia,M,49,2,1.3,13677,0.4,67,0.793,0.521,0.912,1,1.108,0
F103485,Kakamega,M,60,5,1.06,20871,0.8,83,0.803,0.842,0.685,1,0.96,0
F103486,Busia,M,52,8,0.79,5819,2.3,11,0.989,0.421,0.813,1,1.406,0
F103487,Siaya,F,65,6,2.98,14615,0.0,48,0.478,0.508,0.779,0,1.008,0
F103488,Busia,F,31,6,1.59,21202,5.1,14,0.557,0.571,0.72,1,1.185,0
F103489,Trans Nzoia,M,59,7,0.1,21636,3.5,60,0.714,0.936,0.907,1,0.736,0
F103490,Kakamega,F,54,1,1.32,8283,1.5,131,0.647,0.695,0.636,1,1.091,0
F103491,Vihiga,M,49,7,0.23,17757,0.2,39,0.812,0.563,0.703,1,0.873,0
F103492,Busia,F,20,2,1.22,3873,3.1,87,0.655,0.409,0.655,1,0.874,1
F103493,Trans Nzoia,F,47,6,0.28,6107,0.8,100,0.909,0.934,0.763,1,1.385,0
F103494,Siaya,M,62,8,1.6,22804,6.5,31,0.804,0.62,0.88,1,0.835,0
F103495,Vihiga,F,52,8,0.23,19297,6.5,146,0.715,0.385,0.755,0,0.872,1
F103496,Kakamega,M,20,4,0.46,7552,9.2,139,0.857,0.673,0.687,0,0.568,1
F103497,Busia,F,34,7,1.86,24907,0.1,36,0.941,0.816,0.767,0,0.779,0
F103498,Kakamega,F,48,5,1.05,24838,2.9,9,0.493,0.509,0.903,1,0.576,0
F103499,Busia,F,60,2,0.3,3901,8.0,3,0.755,0.789,0.703,1,1.295,0
F103500,Kakamega,F,42,2,2.85,3564,6.7,54,0.861,0.583,0.771,1,1.092,0
F103501,Vihiga,F,62,8,0.76,8388,2.1,25,0.588,0.439,0.793,1,1.201,0
F103502,Bungoma,F,59,8,0.86,20467,0.4,6,0.915,0.692,0.575,1,1.116,0
F103503,Bungoma,M,33,8,0.93,16150,1.5,84,0.48,0.934,0.835,1,0.76,0
F103504,Kakamega,M,29,4,1.69,14277,4.1,95,0.972,0.665,0.54,0,1.204,0
F103505,Siaya,F,65,3,0.81,12134,5.2,6,0.813,0.526,0.893,1,0.952,0
F103506,Siaya,F,49,7,0.95,13552,1.9,108,0.857,0.624,0.569,1,1.145,0
F103507,Trans Nzoia,F,62,1,2.3,17026,4.0,74,0.872,0.634,0.46,1,0.317,1
F103508,Kakamega,M,66,8,2.11,4403,9.5,38,0.5,0.715,0.603,1,0.702,0
F103509,Busia,F,41,5,0.91,15900,1.1,22,0.931,0.674,0.65,1,0.824,0
F103510,Siaya,F,22,6,0.93,7858,0.4,137,0.831,0.748,0.914,1,1.077,0
F103511,Vihiga,F,65,4,0.06,20335,3.8,22,0.462,0.781,0.745,1,0.606,0
F103512,Kakamega,F,49,8,1.2,7298,0.7,38,0.731,0.624,0.391,1,1.568,0
F103513,Kakamega,F,26,6,1.91,4559,1.0,129,0.823,0.565,0.419,1,1.316,0
F103514,Bungoma,F,46,1,0.77,12564,1.2,114,0.748,0.699,0.836,1,1.325,0
F103515,Siaya,M,21,5,2.57,12693,4.1,179,0.768,0.939,0.811,1,1.359,0
F103516,Bungoma,F,34,7,0.2,14408,2.0,10,0.761,0.702,0.885,0,1.136,0
F103517,Siaya,F,37,1,0.49,21921,11.8,37,0.618,0.613,0.655,1,0.718,0
F103518,Trans Nzoia,F,42,6,2.43,18396,0.6,120,0.878,0.764,0.837,1,1.115,0
F103519,Siaya,F,48,2,1.85,10980,3.1,43,0.868,0.429,0.905,1,0.877,0
F103520,Trans Nzoia,F,61,5,0.19,18985,2.7,70,0.47,0.448,0.745,1,0.942,1
F103521,Bungoma,F,37,8,0.23,14083,4.4,55,0.749,0.718,0.425,1,1.214,0
F103522,Trans Nzoia,F,56,4,1.61,7922,1.5,146,0.489,0.696,0.795,1,0.859,1
F103523,Bungoma,M,67,1,1.38,3474,4.9,141,0.831,0.526,0.687,1,0.846,1
F103524,Bungoma,F,57,1,0.85,3087,0.4,145,0.769,0.762,0.771,1,1.24,0
F103525,Bungoma,M,32,6,2.51,7931,0.7,92,0.538,0.704,0.913,1,0.795,0
F103526,Kakamega,F,53,8,0.6,21019,4.6,89,0.378,0.674,0.769,1,0.923,0
F103527,Kakamega,F,34,3,0.11,13200,1.9,104,0.701,0.784,0.845,1,0.979,0
F103528,Bungoma,M,43,8,1.69,12938,1.8,14,0.703,0.653,0.649,0,1.145,0
F103529,Kakamega,M,51,4,1.96,11777,0.5,99,0.726,0.685,0.445,0,1.183,1
F103530,Busia,F,34,1,0.63,8631,3.1,51,0.657,0.333,0.516,1,0.834,1
F103531,Kakamega,M,20,5,0.37,18722,0.8,168,0.717,0.681,0.703,1,0.582,1
F103532,Kakamega,F,61,8,0.12,3280,3.7,35,0.711,0.799,0.794,1,1.32,0
F103533,Siaya,F,56,3,1.03,16461,2.7,9,0.483,0.662,0.766,1,0.437,0
F103534,Kakamega,M,26,8,1.33,23612,0.7,173,0.909,0.597,0.672,1,1.102,0
F103535,Kakamega,M,38,6,2.06,22366,5.3,30,0.885,0.706,0.658,1,0.988,0
F103536,Kakamega,F,33,4,1.39,11124,0.8,94,0.61,0.797,0.95,1,1.065,0
F103537,Kakamega,F,68,6,0.68,21804,1.5,70,0.854,0.895,0.769,1,1.077,0
F103538,Vihiga,F,67,4,1.2,8227,7.8,50,0.644,0.825,0.526,1,0.941,0
F103539,Trans Nzoia,F,54,1,2.13,8306,3.7,89,0.745,0.75,0.874,1,0.979,0
F103540,Trans Nzoia,M,42,7,1.32,10556,4.5,132,0.644,0.441,0.72,0,1.083,1
F103541,Vihiga,F,22,3,1.92,3388,2.1,23,0.633,0.682,0.79,0,1.067,0
F103542,Kakamega,F,32,5,0.39,8843,11.1,120,0.641,0.445,0.744,1,0.305,1
F103543,Trans Nzoia,F,24,6,1.64,21798,9.9,161,0.956,0.861,0.696,1,0.983,0
F103544,Kakamega,F,59,1,1.39,19772,2.2,54,0.338,0.443,0.889,0,1.2,1
F103545,Vihiga,F,24,6,0.8,10240,1.0,122,0.824,0.524,0.992,1,0.819,0
F103546,Busia,M,53,3,2.16,9873,1.3,165,0.797,0.48,0.978,1,1.116,0
F103547,Siaya,M,67,5,3.62,10636,2.8,168,0.977,0.82,0.797,1,1.255,0
F103548,Bungoma,M,35,4,0.18,5617,1.9,117,0.814,0.28,0.795,1,1.023,0
F103549,Vihiga,F,54,7,0.83,6484,0.6,169,0.474,0.697,0.551,1,1.031,1
F103550,Busia,F,63,2,0.98,24840,3.6,140,0.869,0.873,0.955,1,0.661,0
F103551,Vihiga,F,41,1,1.04,18246,2.1,93,0.39,0.679,0.772,1,0.977,1
F103552,Siaya,F,42,4,0.62,17906,8.8,25,0.98,0.561,0.635,1,1.124,0
F103553,Trans Nzoia,F,30,1,0.22,9162,1.7,153,0.496,0.915,0.793,0,0.891,1
F103554,Busia,M,41,2,0.87,21831,3.8,53,0.79,0.517,0.685,1,0.903,0
F103555,Busia,M,63,6,0.98,6888,4.6,133,0.865,0.702,0.321,0,1.13,1
F103556,Trans Nzoia,F,53,7,0.81,24311,6.9,117,0.924,0.653,0.713,0,1.089,0
F103557,Busia,F,30,6,1.0,14074,8.2,66,0.597,0.639,0.808,1,1.117,0
F103558,Bungoma,M,46,3,1.23,10277,0.8,140,0.722,0.713,0.661,1,0.608,1
F103559,Busia,F,55,7,0.89,19509,9.6,119,0.425,0.655,0.819,1,1.106,1
F103560,Kakamega,M,23,4,0.61,12178,4.2,134,0.923,0.59,0.637,0,0.6,1
F103561,Bungoma,F,58,2,1.01,8931,2.7,171,0.684,0.519,0.565,0,0.933,1
F103562,Busia,F,30,7,1.3,18039,4.0,51,0.428,0.718,0.699,1,1.485,0
F103563,Trans Nzoia,F,34,5,1.08,18884,0.6,138,0.727,0.742,0.898,1,1.142,0
F103564,Trans Nzoia,M,40,3,3.78,16271,2.3,10,0.509,0.722,0.886,1,1.082,0
F103565,Bungoma,F,45,6,1.36,13163,2.6,128,0.762,0.647,0.721,1,0.791,0
F103566,Busia,M,65,6,1.04,10233,0.4,30,0.748,0.901,0.916,1,1.386,0
F103567,Kakamega,F,31,2,0.54,11882,2.8,42,0.91,0.837,0.872,1,1.078,0
F103568,Trans Nzoia,F,32,1,0.55,22236,1.6,37,0.937,0.557,0.873,0,0.42,1
F103569,Bungoma,M,38,5,0.81,10909,0.4,150,0.68,0.497,0.646,0,0.83,1
F103570,Trans Nzoia,F,62,1,0.83,24278,0.4,69,0.677,0.709,0.93,1,1.068,0
F103571,Siaya,F,68,6,0.8,6202,0.9,71,0.716,0.729,0.732,1,0.944,0
F103572,Trans Nzoia,F,42,4,1.41,6579,0.2,66,0.708,0.7,0.975,1,1.271,0
F103573,Bungoma,M,54,2,2.11,10317,2.7,113,0.767,0.828,0.968,1,0.718,0
F103574,Siaya,F,65,5,1.69,3065,0.3,165,0.716,0.573,0.633,1,1.044,1
F103575,Trans Nzoia,F,62,4,1.56,22343,0.6,122,0.553,0.903,0.892,1,0.843,0
F103576,Vihiga,M,54,4,0.49,10488,0.8,20,0.692,0.963,0.697,1,1.039,0
F103577,Siaya,M,47,2,2.33,5247,7.3,94,0.9,0.53,0.672,0,0.863,1
F103578,Siaya,M,69,6,0.53,16608,8.5,22,0.599,0.83,0.881,1,1.015,0
F103579,Kakamega,M,31,8,1.27,24082,2.2,32,0.902,0.718,0.715,1,1.377,0
F103580,Siaya,M,38,5,1.49,24862,3.2,37,0.281,0.797,0.805,1,0.605,0
F103581,Trans Nzoia,F,55,2,2.37,5364,5.5,126,0.653,0.668,0.575,1,1.515,0
F103582,Bungoma,F,21,7,3.33,20443,9.6,157,0.536,0.572,0.708,1,1.87,1
F103583,Bungoma,M,45,1,0.78,10964,2.5,46,0.218,0.821,0.578,1,0.874,1
F103584,Trans Nzoia,M,62,3,1.2,21397,1.5,169,0.833,0.751,0.849,1,1.35,0
F103585,Bungoma,M,28,1,2.23,16338,1.7,49,0.778,0.73,0.844,1,1.224,0
F103586,Busia,F,60,7,3.52,19098,4.1,57,0.914,0.813,0.902,1,1.192,0
F103587,Trans Nzoia,F,40,1,0.85,21432,6.7,25,0.702,0.587,0.815,1,0.81,0
F103588,Vihiga,F,63,5,0.51,22698,11.0,11,0.864,0.549,0.799,1,0.764,0
F103589,Siaya,F,51,2,0.3,6158,5.6,112,0.853,0.618,0.476,0,0.881,1
F103590,Kakamega,F,27,2,0.19,18924,2.7,75,0.546,0.807,0.946,1,0.894,0
F103591,Bungoma,M,56,5,0.58,6104,5.5,23,0.881,0.9,0.643,1,0.693,0
F103592,Siaya,F,22,7,1.94,23766,3.9,102,0.913,0.726,0.886,1,0.803,0
F103593,Vihiga,F,32,1,2.02,16824,0.5,64,0.416,0.565,0.206,1,1.252,1
F103594,Bungoma,F,64,2,1.36,7238,15.7,72,0.329,0.693,0.973,1,1.386,0
F103595,Bungoma,M,63,3,0.82,9440,1.2,160,0.629,0.587,0.468,0,0.773,1
F103596,Busia,M,22,8,1.41,22705,1.9,74,0.935,0.893,0.456,1,1.61,0
F103597,Vihiga,F,38,1,1.09,17179,2.7,83,0.884,0.609,0.771,1,0.641,0
F103598,Bungoma,F,24,2,0.85,8043,5.1,124,0.705,0.778,0.674,1,0.704,0
F103599,Vihiga,F,33,4,1.32,21052,0.8,161,0.621,0.745,0.861,0,0.528,1
F103600,Busia,F,68,3,0.79,18802,0.7,133,0.781,0.906,0.898,1,0.548,0
F103601,Vihiga,F,29,1,1.31,4691,1.9,90,0.9,0.958,0.684,1,1.285,0
F103602,Kakamega,M,52,5,1.47,9232,7.5,57,0.899,0.536,0.886,0,0.88,0
F103603,Vihiga,M,60,5,1.73,21578,0.6,34,0.844,0.809,0.532,1,0.988,0
F103604,Siaya,F,64,2,0.23,10718,1.8,24,0.435,0.765,0.704,1,0.909,0
F103605,Kakamega,F,37,6,2.35,3826,0.9,137,0.701,0.788,0.785,0,0.664,1
F103606,Bungoma,F,54,1,0.98,16285,3.3,133,0.778,0.889,0.707,1,0.554,1
F103607,Trans Nzoia,F,44,6,3.36,22774,9.9,65,0.679,0.897,0.58,1,0.429,0
F103608,Vihiga,F,25,3,1.95,15241,2.0,169,0.855,0.557,0.889,1,0.906,0
F103609,Trans Nzoia,M,31,2,0.52,24463,2.2,174,0.809,0.442,0.894,1,1.079,1
F103610,Vihiga,F,57,2,1.58,5510,1.9,112,0.853,0.886,0.599,1,0.733,0
F103611,Trans Nzoia,M,54,7,2.23,17684,1.4,49,0.654,0.685,0.722,1,0.4,0
F103612,Vihiga,F,46,5,0.89,17294,4.2,92,0.756,0.848,0.939,1,1.196,0
F103613,Kakamega,M,59,6,0.49,24653,2.0,148,0.719,0.562,0.573,1,1.23,1
F103614,Trans Nzoia,M,54,2,0.42,14465,2.1,92,0.797,0.888,0.659,0,0.61,0
F103615,Busia,F,36,1,0.29,21083,8.6,90,0.5,0.655,0.784,1,0.66,1
F103616,Kakamega,F,34,1,0.13,6199,19.3,97,0.462,0.683,0.591,1,1.155,1
F103617,Busia,M,67,4,1.0,3976,11.5,152,0.751,0.803,0.895,0,0.475,1
F103618,Busia,F,68,3,0.44,18762,0.8,75,0.677,0.448,0.847,1,0.616,0
F103619,Kakamega,F,21,7,0.63,3083,2.9,35,0.89,0.593,0.64,1,1.325,0
F103620,Siaya,F,59,7,3.41,22246,1.0,93,0.812,0.449,0.857,1,0.828,0
F103621,Bungoma,F,26,3,1.47,3457,1.5,115,0.618,0.27,0.946,1,0.97,0
F103622,Bungoma,M,63,4,0.51,18147,8.2,168,0.875,0.672,0.708,1,0.665,1
F103623,Busia,F,49,4,4.46,12941,6.9,23,0.321,0.848,0.677,1,1.247,0
F103624,Trans Nzoia,F,54,6,1.31,17199,2.1,169,0.439,0.916,0.881,1,0.939,0
F103625,Trans Nzoia,F,55,6,4.21,16714,1.8,145,0.907,0.689,0.954,1,1.214,0
F103626,Trans Nzoia,M,50,6,2.89,12774,2.0,128,0.977,0.487,0.872,1,0.827,0
F103627,Bungoma,M,32,1,1.34,13592,3.7,44,0.877,0.909,0.868,1,0.672,0
F103628,Siaya,F,60,3,0.99,14074,2.2,39,0.919,0.681,0.833,1,0.928,0
F103629,Trans Nzoia,F,47,8,1.92,17896,0.4,78,0.75,0.135,0.762,0,0.745,1
F103630,Busia,F,47,3,1.26,18625,3.8,35,0.921,0.473,0.584,1,0.827,0
F103631,Vihiga,F,35,2,0.74,12891,0.8,119,0.317,0.878,0.81,1,0.744,1
F103632,Kakamega,F,20,2,0.7,10755,4.3,136,0.609,0.742,0.658,1,0.639,1
F103633,Trans Nzoia,F,47,1,2.13,3936,1.8,87,0.656,0.573,0.717,1,1.15,0
F103634,Siaya,F,37,7,0.51,20142,10.0,125,0.533,0.534,0.828,0,1.075,1
F103635,Busia,M,52,1,2.11,7975,3.5,140,0.739,0.338,0.693,0,0.705,1
F103636,Vihiga,F,38,5,1.11,12552,8.7,164,0.899,0.708,0.697,1,1.402,0
F103637,Busia,M,68,4,0.24,24837,0.5,124,0.714,0.635,0.588,1,0.771,1
F103638,Kakamega,F,54,1,2.23,20265,1.0,44,0.605,0.929,0.918,1,1.166,0
F103639,Vihiga,F,42,8,0.52,10609,2.4,26,0.793,0.801,0.447,0,0.3,0
F103640,Trans Nzoia,F,55,6,0.58,13448,5.6,169,0.776,0.484,0.89,1,0.882,1
F103641,Siaya,M,52,7,0.92,10144,3.3,139,0.388,0.62,0.68,1,0.491,1
F103642,Siaya,M,51,8,1.04,16776,3.2,153,0.688,0.581,0.534,1,0.739,1
F103643,Busia,F,48,8,1.35,6361,3.4,77,0.47,0.877,0.658,1,1.059,0
F103644,Siaya,M,66,6,2.15,23958,5.1,30,0.449,0.609,0.223,1,1.03,1
F103645,Vihiga,F,35,5,2.1,24717,0.6,108,0.538,0.571,0.748,1,0.764,1
F103646,Vihiga,F,41,6,0.69,9568,0.3,116,0.921,0.78,0.69,1,0.967,0
F103647,Vihiga,F,32,4,0.71,8070,4.8,41,0.911,0.896,0.632,0,1.032,0
F103648,Siaya,F,48,2,1.99,14863,0.6,86,0.653,0.671,0.557,1,0.796,0
F103649,Trans Nzoia,F,69,4,0.44,17230,0.8,77,0.731,0.768,0.92,1,1.125,0
F103650,Kakamega,M,50,4,1.11,17159,5.8,48,0.924,0.53,0.513,1,0.991,0
F103651,Kakamega,F,30,1,2.74,3925,2.5,147,0.907,0.625,0.633,1,0.821,0
F103652,Busia,F,66,7,0.77,18642,6.6,88,0.635,0.837,0.888,1,1.413,0
F103653,Vihiga,F,59,8,0.29,4462,2.7,166,0.674,0.581,0.862,0,0.856,1
F103654,Trans Nzoia,F,42,4,0.52,10523,2.3,3,0.898,0.243,0.477,1,0.688,0
F103655,Busia,F,27,4,0.55,18768,0.5,169,0.885,0.632,0.81,1,1.203,0
F103656,Vihiga,M,40,7,0.48,22515,0.4,120,0.86,0.521,0.788,1,1.112,0
F103657,Siaya,M,60,4,0.88,16973,5.7,126,0.572,0.858,0.589,1,0.448,1
F103658,Busia,F,48,6,4.16,6514,0.7,53,0.931,0.712,0.851,1,0.462,0
F103659,Busia,M,29,5,1.55,17963,1.6,16,0.387,0.569,0.682,1,1.075,0
F103660,Vihiga,F,27,3,0.95,3814,2.9,43,0.867,0.475,0.603,0,0.78,0
F103661,Busia,F,68,7,1.02,8081,4.2,81,0.691,0.42,0.858,1,1.032,0
F103662,Siaya,F,42,2,0.61,5722,5.8,62,0.483,0.838,0.806,1,0.857,0
F103663,Siaya,F,54,2,1.01,24667,0.8,37,0.669,0.796,0.663,1,1.088,0
F103664,Vihiga,F,38,6,2.66,11103,7.5,5,0.74,0.853,0.222,0,1.145,0
F103665,Busia,M,24,6,1.14,15284,1.3,126,0.605,0.952,0.954,1,0.486,0
F103666,Vihiga,F,40,8,2.09,20393,13.6,121,0.913,0.786,0.722,1,0.704,0
F103667,Bungoma,M,54,6,1.91,24330,0.4,31,0.972,0.844,0.719,0,1.355,0
F103668,Busia,M,36,1,4.03,24900,0.5,141,0.753,0.719,0.53,1,1.066,1
F103669,Bungoma,M,50,7,1.88,6611,1.0,176,0.545,0.796,0.742,1,1.13,0
F103670,Kakamega,F,41,4,3.85,11666,0.6,179,0.642,0.854,0.9,1,1.537,0
F103671,Kakamega,M,36,1,2.2,11912,0.4,37,0.414,0.449,0.598,1,1.253,0
F103672,Vihiga,F,32,5,1.35,20517,18.2,78,0.807,0.572,0.838,1,0.986,0
F103673,Kakamega,F,33,2,0.57,10385,1.0,12,0.449,0.314,0.648,1,0.675,1
F103674,Vihiga,F,32,4,2.08,8088,0.3,5,0.51,0.946,0.873,1,1.3,0
F103675,Busia,M,55,4,2.21,19611,0.6,152,0.641,0.62,0.857,1,1.306,0
F103676,Busia,F,36,1,2.25,13892,7.5,174,0.56,0.681,0.849,1,1.033,1
F103677,Trans Nzoia,F,57,7,0.05,19446,0.1,38,0.415,0.757,0.509,1,1.464,0
F103678,Vihiga,M,35,5,0.76,11358,9.1,85,0.801,0.926,0.788,0,1.071,0
F103679,Trans Nzoia,F,36,8,1.53,13703,0.9,7,0.646,0.599,0.747,1,1.016,0
F103680,Trans Nzoia,M,66,4,0.8,3200,1.5,147,0.734,0.859,0.671,0,1.3,0
F103681,Kakamega,F,63,5,0.7,3355,14.6,100,0.922,0.814,0.892,1,1.124,0
F103682,Bungoma,F,40,7,0.61,3007,4.2,54,0.674,0.416,0.859,0,1.191,0
F103683,Vihiga,F,33,2,0.25,6854,7.7,174,0.757,0.767,0.639,1,0.462,1
F103684,Siaya,F,55,8,1.47,10647,2.2,27,0.791,0.663,0.776,1,1.09,0
F103685,Kakamega,F,23,2,0.66,4105,0.1,50,0.596,0.808,0.921,1,0.875,0
F103686,Kakamega,F,42,8,0.77,6536,1.5,135,0.758,0.509,0.773,1,0.859,0
F103687,Siaya,F,49,6,0.95,21634,1.3,75,0.896,0.775,0.89,1,0.941,0
F103688,Siaya,M,53,5,1.65,21800,3.0,126,0.806,0.716,0.671,1,0.826,0
F103689,Bungoma,M,25,2,1.32,9374,2.2,44,0.918,0.682,0.953,1,1.179,0
F103690,Busia,F,20,5,1.28,23822,4.3,119,0.598,0.428,0.696,1,0.697,1
F103691,Vihiga,F,33,5,0.1,5594,1.2,101,0.779,0.917,0.718,1,0.546,0
F103692,Bungoma,F,25,8,2.12,3690,2.5,11,0.637,0.705,0.79,1,0.962,0
F103693,Bungoma,M,45,7,3.22,10791,4.2,60,0.958,0.461,0.89,1,1.332,0
F103694,Busia,M,65,4,1.25,8824,2.1,55,0.656,0.673,0.854,1,0.867,0
F103695,Vihiga,F,34,4,0.43,4700,1.8,107,0.666,0.836,0.659,0,0.932,0
F103696,Bungoma,F,42,4,0.72,21643,5.9,80,0.852,0.386,0.788,1,0.926,0
F103697,Busia,M,30,4,0.44,24534,3.9,87,0.746,0.64,0.829,0,1.628,0
F103698,Bungoma,M,22,1,2.97,8948,5.3,33,0.747,0.859,0.435,1,1.234,0
F103699,Trans Nzoia,F,55,1,0.77,9930,4.3,167,0.648,0.412,0.865,1,0.849,0
F103700,Kakamega,M,32,7,1.29,18804,0.4,135,0.388,0.823,0.56,1,0.947,1
F103701,Bungoma,F,47,3,0.92,23527,2.0,121,0.416,0.824,0.475,1,0.802,1
F103702,Bungoma,F,54,4,1.59,9310,2.3,51,0.595,0.616,0.624,1,1.465,0
F103703,Siaya,M,61,6,0.54,18020,3.0,123,0.758,0.459,0.923,1,0.615,0
F103704,Siaya,F,29,5,1.26,3508,9.0,44,0.536,0.905,0.704,1,0.754,0
F103705,Vihiga,F,49,3,0.78,15454,1.9,89,0.861,0.432,0.898,1,1.221,0
F103706,Kakamega,M,65,7,2.32,24717,2.1,50,0.794,0.739,0.434,1,1.425,0
F103707,Trans Nzoia,M,44,2,0.12,13460,1.2,56,0.378,0.591,0.685,1,0.995,0
F103708,Busia,F,22,4,0.85,17113,8.1,117,0.602,0.691,0.425,0,0.93,1
F103709,Siaya,F,33,1,2.17,18122,9.7,58,0.398,0.69,0.684,1,1.009,1
F103710,Busia,M,59,5,2.0,16910,6.1,132,0.753,0.893,0.361,1,1.018,1
F103711,Siaya,F,59,1,0.27,18098,2.2,92,0.891,0.925,0.953,1,1.525,0
F103712,Trans Nzoia,M,35,8,1.85,22507,5.6,176,0.549,0.787,0.664,1,1.109,1
F103713,Bungoma,M,29,6,0.49,3231,1.8,36,0.653,0.797,0.403,1,0.907,0
F103714,Trans Nzoia,F,34,2,0.63,22461,6.8,170,0.731,0.806,0.878,1,1.099,0
F103715,Bungoma,F,32,5,2.09,22971,5.5,26,0.803,0.907,0.868,1,1.234,0
F103716,Busia,M,57,3,0.83,22888,7.3,100,0.768,0.707,0.851,1,0.763,0
F103717,Bungoma,M,62,5,0.25,11095,0.8,68,0.738,0.9,0.906,1,1.064,0
F103718,Trans Nzoia,F,22,2,0.39,15825,1.7,136,0.555,0.737,0.584,0,1.006,1
F103719,Bungoma,F,57,5,1.12,10772,5.0,26,0.589,0.574,0.887,0,0.712,0
F103720,Vihiga,M,57,1,0.81,21486,8.3,48,0.572,0.671,0.601,1,0.894,0
F103721,Vihiga,F,50,2,0.8,11944,9.9,43,0.666,0.322,0.946,1,0.879,0
F103722,Trans Nzoia,F,63,5,1.57,9886,3.0,165,0.75,0.525,0.979,1,0.876,0
F103723,Siaya,M,21,5,1.38,18076,1.7,97,0.961,0.911,0.786,1,1.468,0
F103724,Kakamega,M,54,3,0.86,4086,1.8,32,0.967,0.453,0.738,1,1.005,0
F103725,Siaya,M,26,1,2.02,11272,6.4,142,0.752,0.707,0.629,1,1.087,1
F103726,Kakamega,M,64,4,1.58,7538,0.2,53,0.767,0.98,0.733,1,1.164,0
F103727,Vihiga,F,44,8,1.32,11224,0.5,42,0.627,0.796,0.648,1,0.984,0
F103728,Busia,M,24,6,0.71,12872,0.1,90,0.891,0.535,0.702,1,0.889,0
F103729,Vihiga,F,57,1,2.24,4396,5.0,143,0.758,0.34,0.369,1,1.373,1
F103730,Trans Nzoia,F,57,8,0.79,22022,0.2,151,0.531,0.98,0.702,1,1.374,0
F103731,Siaya,M,43,4,0.85,12166,0.5,5,0.752,0.669,0.488,1,1.227,0
F103732,Busia,M,35,5,3.02,10893,5.5,161,0.73,0.579,0.66,1,0.972,1
F103733,Siaya,M,20,1,0.52,6288,0.2,179,0.685,0.544,0.6,1,1.088,0
F103734,Bungoma,F,65,3,0.51,24907,1.1,59,0.869,0.864,0.954,1,0.797,0
F103735,Bungoma,M,29,7,0.88,21822,1.1,94,0.554,0.718,0.672,1,1.025,0
F103736,Busia,F,62,3,0.42,13601,15.6,69,0.914,0.656,0.757,1,0.706,0
F103737,Vihiga,M,49,2,0.43,10359,1.0,87,0.5,0.799,0.461,0,1.199,1
F103738,Trans Nzoia,M,54,1,2.96,13284,1.1,118,0.657,0.451,0.78,1,1.411,0
F103739,Trans Nzoia,F,54,8,0.87,24139,0.2,118,0.675,0.88,0.67,1,0.718,0
F103740,Bungoma,M,62,7,1.35,7870,4.8,87,0.899,0.327,0.968,1,1.439,0
F103741,Bungoma,M,21,1,0.29,18059,6.9,87,0.511,0.896,0.872,1,1.157,0
F103742,Siaya,M,69,8,0.48,22878,2.4,89,0.481,0.717,0.758,1,0.806,0
F103743,Busia,M,22,7,3.24,19635,1.5,75,0.867,0.96,0.817,1,1.064,0
F103744,Bungoma,M,69,3,0.43,22143,0.6,24,0.612,0.464,0.806,1,1.385,0
F103745,Siaya,F,33,6,1.38,23850,0.5,68,0.728,0.495,0.641,1,1.31,0
F103746,Busia,F,62,3,0.04,4319,1.5,129,0.7,0.954,0.829,1,1.302,0
F103747,Siaya,M,24,2,0.27,8256,9.6,176,0.92,0.577,0.825,1,0.907,1
F103748,Siaya,M,43,6,0.85,6177,0.2,146,0.788,0.513,0.681,1,0.766,1
F103749,Siaya,M,47,2,1.98,15480,12.7,155,0.795,0.492,0.926,1,1.0,1
F103750,Vihiga,F,67,3,1.07,11963,0.3,141,0.883,0.658,0.9,1,1.03,0
F103751,Trans Nzoia,F,26,3,0.92,3895,18.7,91,0.846,0.846,0.905,1,0.946,0
F103752,Siaya,M,21,2,1.67,15266,0.2,123,0.89,0.693,0.918,1,0.847,0
F103753,Bungoma,M,52,7,1.24,5216,1.2,151,0.601,0.782,0.815,1,0.748,0
F103754,Kakamega,F,22,6,0.2,11960,4.6,42,0.596,0.434,0.897,1,1.178,0
F103755,Bungoma,F,58,7,1.02,11064,2.5,29,0.494,0.665,0.848,1,0.823,0
F103756,Vihiga,F,21,5,0.72,22659,1.8,50,0.576,0.829,0.744,0,1.201,0
F103757,Vihiga,F,68,2,0.89,18015,26.2,96,0.753,0.278,0.985,1,0.925,1
F103758,Kakamega,F,46,3,0.71,16732,13.0,142,0.637,0.729,0.548,1,0.976,1
F103759,Vihiga,F,67,3,1.03,21297,3.4,82,0.703,0.436,0.591,1,0.705,1
F103760,Bungoma,F,26,8,1.41,6971,1.2,176,0.309,0.984,0.557,1,1.1,1
F103761,Vihiga,M,33,2,0.33,8640,3.9,60,0.563,0.667,0.749,1,0.931,0
F103762,Vihiga,M,42,6,0.59,19551,0.9,84,0.72,0.94,0.936,1,0.731,0
F103763,Vihiga,M,21,1,1.64,19479,1.7,165,0.795,0.857,0.808,1,0.943,0
F103764,Busia,F,25,8,1.78,3469,3.2,33,0.77,0.835,0.906,0,0.784,0
F103765,Busia,F,36,6,2.68,7934,3.3,150,0.7,0.737,0.64,1,0.606,1
F103766,Trans Nzoia,F,56,4,1.09,7996,2.4,29,0.859,0.659,0.777,1,1.189,0
F103767,Trans Nzoia,F,55,3,0.56,3133,10.5,163,0.973,0.298,0.765,1,0.713,1
F103768,Trans Nzoia,F,24,3,0.6,17548,1.0,60,0.842,0.766,0.691,1,1.113,0
F103769,Busia,M,22,2,1.06,4197,3.6,115,0.879,0.825,0.82,1,1.571,0
F103770,Busia,M,52,5,0.48,21510,2.4,128,0.411,0.698,0.842,0,0.765,1
F103771,Bungoma,M,37,7,2.56,15882,1.9,69,0.825,0.848,0.874,0,1.117,0
F103772,Vihiga,F,59,2,0.7,19758,0.1,100,0.706,0.742,0.619,1,0.898,0
F103773,Kakamega,F,34,6,2.32,13937,2.6,136,0.771,0.802,0.915,1,1.062,0
F103774,Busia,F,38,5,0.42,24345,2.7,158,0.671,0.766,0.912,1,0.557,1
F103775,Bungoma,F,30,7,0.89,8949,13.7,22,0.849,0.844,0.813,1,1.102,0
F103776,Vihiga,M,33,7,0.79,15275,4.1,90,0.863,0.517,0.914,1,1.026,0
F103777,Siaya,F,55,1,0.29,3144,1.7,153,0.868,0.622,0.698,1,1.603,0
F103778,Siaya,M,43,1,0.84,21323,4.1,101,0.559,0.674,0.62,1,0.489,1
F103779,Busia,F,52,8,1.24,15496,0.2,8,0.704,0.701,0.762,1,0.879,0
F103780,Kakamega,M,23,2,0.1,6869,1.6,25,0.536,0.659,0.876,1,1.114,0
F103781,Bungoma,M,46,5,1.51,20987,1.4,147,0.765,0.553,0.726,1,1.22,0
F103782,Kakamega,F,42,7,1.32,24762,3.1,77,0.801,0.502,0.438,0,0.969,1
F103783,Trans Nzoia,M,65,5,1.01,4507,6.5,127,0.827,0.809,0.977,1,1.316,0
F103784,Siaya,F,41,1,1.73,21606,5.3,160,0.517,0.543,0.812,1,1.016,1
F103785,Vihiga,M,25,1,1.81,19202,2.4,18,0.583,0.816,0.697,1,1.034,0
F103786,Bungoma,M,54,6,5.11,10797,3.8,83,0.74,0.582,0.663,1,0.567,0
F103787,Kakamega,M,27,8,0.27,16959,0.7,29,0.916,0.873,0.744,1,1.146,0
F103788,Siaya,M,65,3,2.82,20278,0.9,152,0.91,0.835,0.849,1,1.379,0
F103789,Bungoma,F,39,5,2.05,13545,3.9,83,0.864,0.906,0.7,0,0.752,0
F103790,Kakamega,M,59,8,1.32,17662,0.5,158,0.913,0.953,0.668,1,0.89,0
F103791,Bungoma,M,52,7,0.43,4063,1.1,56,0.62,0.722,0.687,1,0.646,0
F103792,Bungoma,F,43,5,0.74,23356,3.0,28,0.233,0.706,0.511,0,1.116,1
F103793,Vihiga,F,49,6,0.66,23318,1.6,156,0.534,0.665,0.669,0,0.959,1
F103794,Siaya,M,29,8,0.93,7625,1.1,111,0.559,0.194,0.352,0,1.203,1
F103795,Bungoma,M,23,7,1.68,13503,1.9,37,0.892,0.603,0.815,0,0.981,0
F103796,Trans Nzoia,F,58,4,2.47,8251,1.8,125,0.869,0.732,0.849,1,0.976,0
F103797,Kakamega,M,67,6,3.36,11791,0.7,76,0.843,0.608,0.45,1,0.985,0
F103798,Kakamega,M,63,3,0.75,9055,0.4,11,0.764,0.679,0.488,1,1.042,0
F103799,Kakamega,F,35,8,1.17,21952,6.1,49,0.73,0.869,0.787,1,1.006,0
F103800,Siaya,F,37,1,0.51,18284,10.6,135,0.849,0.905,0.632,1,1.106,0
F103801,Vihiga,F,37,2,2.11,21602,9.2,25,0.885,0.664,0.683,1,1.357,0
F103802,Trans Nzoia,M,55,3,1.38,20443,0.6,62,0.777,0.886,0.493,1,1.244,0
F103803,Kakamega,F,51,2,0.87,18999,7.7,48,0.711,0.507,0.622,1,1.439,0
F103804,Kakamega,F,59,5,0.25,6666,0.3,132,0.66,0.649,0.647,1,0.708,1
F103805,Siaya,M,67,6,1.18,21245,1.0,155,0.603,0.877,0.574,1,0.811,1
F103806,Kakamega,M,39,8,1.27,20227,2.4,142,0.723,0.706,0.717,1,1.277,0
F103807,Kakamega,M,53,5,0.18,5735,4.5,129,0.908,0.649,0.86,1,0.747,0
F103808,Vihiga,F,45,5,0.34,4930,0.5,18,0.805,0.659,0.75,1,1.405,0
F103809,Vihiga,M,67,5,1.16,19740,3.9,164,0.352,0.68,0.669,1,0.872,1
F103810,Bungoma,F,37,1,3.17,11583,5.6,31,0.423,0.483,0.708,1,0.964,0
F103811,Busia,F,29,6,2.26,10216,0.1,74,0.93,0.276,0.849,1,0.907,0
F103812,Trans Nzoia,M,38,1,0.89,11723,2.3,149,0.849,0.69,0.461,1,1.003,1
F103813,Busia,M,50,5,0.79,22084,4.6,45,0.565,0.517,0.889,1,1.414,0
F103814,Busia,F,67,8,0.58,11001,0.8,41,0.925,0.767,0.804,1,1.33,0
F103815,Kakamega,M,61,7,0.53,11145,16.7,7,0.555,0.846,0.894,1,1.489,0
F103816,Busia,F,20,5,0.83,11784,0.4,66,0.439,0.928,0.67,0,1.57,0
F103817,Trans Nzoia,F,45,3,3.8,4194,0.2,90,0.778,0.878,0.837,1,0.885,0
F103818,Vihiga,F,27,7,0.78,3824,12.8,85,0.697,0.581,0.751,1,0.747,0
F103819,Siaya,F,38,7,1.03,12116,0.7,10,0.836,0.573,0.685,1,1.041,0
F103820,Kakamega,M,67,3,0.36,3369,8.8,39,0.598,0.458,0.971,1,1.081,0
F103821,Kakamega,M,69,1,1.55,19649,3.1,3,0.825,0.641,0.853,1,0.632,0
F103822,Vihiga,M,27,5,1.02,12336,2.0,42,0.704,0.547,0.635,1,1.199,0
F103823,Bungoma,F,27,6,0.75,14020,13.8,110,0.579,0.874,0.669,1,0.74,1
F103824,Vihiga,F,54,8,0.44,10393,8.1,4,0.651,0.857,0.93,1,0.898,0
F103825,Siaya,F,40,8,0.55,19799,4.7,32,0.875,0.838,0.684,0,1.186,0
F103826,Busia,M,41,2,0.71,12405,1.7,99,0.408,0.352,0.393,1,1.119,1
F103827,Vihiga,F,63,3,0.74,3776,10.0,102,0.274,0.551,0.748,0,1.019,0
F103828,Trans Nzoia,F,66,8,0.44,13742,0.0,161,0.557,0.797,0.764,1,1.061,0
F103829,Kakamega,M,65,3,0.95,6897,2.3,104,0.543,0.794,0.376,1,1.164,1
F103830,Siaya,M,59,4,1.2,16090,1.8,166,0.901,0.476,0.823,1,0.849,0
F103831,Bungoma,F,69,3,1.75,15399,0.0,131,0.401,0.518,0.777,1,1.082,1
F103832,Trans Nzoia,F,55,4,3.05,13440,7.4,100,0.644,0.663,0.703,1,0.999,1
F103833,Vihiga,M,64,5,0.18,11476,0.4,70,0.888,0.399,0.76,1,1.035,0
F103834,Kakamega,F,47,3,1.34,16111,1.8,22,0.867,0.632,0.461,1,1.289,0
F103835,Trans Nzoia,F,22,4,0.81,17963,1.6,127,0.724,0.494,0.88,1,1.072,0
F103836,Bungoma,M,60,3,0.12,22328,5.0,169,0.709,0.823,0.902,1,1.356,0
F103837,Vihiga,F,66,1,0.61,24176,1.9,67,0.584,0.735,0.734,1,0.876,0
F103838,Siaya,F,35,7,1.62,4829,1.3,65,0.896,0.584,0.929,1,0.977,0
F103839,Siaya,F,41,8,1.48,17516,1.1,20,0.804,0.6,0.887,1,0.62,0
F103840,Siaya,F,48,4,1.12,4862,4.1,108,0.755,0.867,0.531,1,0.759,0
F103841,Busia,F,52,2,0.56,12181,0.9,57,0.884,0.447,0.949,0,0.907,0
F103842,Vihiga,F,53,6,2.53,19308,6.4,4,0.842,0.343,0.629,1,1.119,0
F103843,Bungoma,F,39,5,0.39,14932,0.2,4,0.575,0.642,0.882,1,0.875,0
F103844,Siaya,F,62,5,0.75,20771,2.1,62,0.987,0.353,0.861,1,0.728,0
F103845,Busia,M,60,5,0.87,23082,4.3,84,0.638,0.446,0.944,1,1.086,0
F103846,Trans Nzoia,M,67,6,0.96,24425,3.9,83,0.727,0.759,0.787,1,0.583,0
F103847,Busia,F,48,1,4.28,17805,3.3,134,0.714,0.418,0.989,1,0.593,1
F103848,Trans Nzoia,F,23,1,2.88,17814,1.3,96,0.869,0.663,0.544,1,0.795,0
F103849,Bungoma,M,62,1,1.44,20669,3.8,141,0.587,0.302,0.805,0,1.099,1
F103850,Trans Nzoia,M,23,2,1.02,8126,7.3,55,0.924,0.442,0.858,1,0.782,1
F103851,Kakamega,M,29,8,1.02,9633,5.4,44,0.375,0.741,0.956,1,1.024,0
F103852,Kakamega,F,34,6,1.71,10507,2.3,98,0.772,0.733,0.709,1,1.187,0
F103853,Busia,F,29,6,2.21,19375,3.3,21,0.827,0.717,0.814,1,1.118,0
F103854,Busia,F,56,6,0.38,10726,0.3,138,0.83,0.774,0.764,1,1.432,0
F103855,Trans Nzoia,M,42,1,3.07,6067,3.0,35,0.701,0.807,0.919,1,1.041,0
F103856,Busia,F,30,2,1.39,20570,0.2,164,0.731,0.634,0.667,1,1.356,0
F103857,Kakamega,F,20,7,0.66,19495,1.5,177,0.675,0.649,0.674,1,1.156,1
F103858,Bungoma,F,30,4,0.92,16072,6.8,98,0.833,0.558,0.968,1,0.902,0
F103859,Busia,F,54,5,1.45,22394,1.8,58,0.852,0.863,0.463,1,0.76,0
F103860,Vihiga,F,59,7,1.5,20420,3.5,62,0.8,0.658,0.521,1,1.041,0
F103861,Vihiga,F,34,1,0.45,22805,2.1,78,0.697,0.507,0.881,1,0.675,0
F103862,Bungoma,M,23,7,0.99,8714,1.8,87,0.604,0.829,0.785,1,0.946,0
F103863,Vihiga,M,47,6,1.2,5564,7.0,16,0.629,0.971,0.912,1,0.963,0
F103864,Vihiga,M,59,4,2.23,10513,9.7,37,0.927,0.85,0.914,1,1.295,0
F103865,Trans Nzoia,F,23,4,2.4,21257,1.6,142,0.88,0.575,0.776,1,0.823,0
F103866,Vihiga,M,59,1,0.34,23342,1.2,12,0.961,0.244,0.556,1,1.11,0
F103867,Trans Nzoia,M,28,2,1.06,5418,1.2,82,0.884,0.605,0.898,0,0.757,0
F103868,Bungoma,F,32,2,0.63,21821,2.8,157,0.646,0.462,0.929,1,1.217,1
F103869,Trans Nzoia,F,51,8,1.42,13524,5.4,18,0.753,0.648,0.9,1,1.379,0
F103870,Kakamega,M,22,1,4.13,20995,5.5,166,0.712,0.516,0.54,1,0.793,1
F103871,Kakamega,F,35,3,2.05,18015,1.4,86,0.792,0.859,0.556,1,1.036,0
F103872,Siaya,F,26,2,1.51,4320,0.1,77,0.614,0.553,0.533,1,1.648,0
F103873,Busia,F,30,3,1.82,13653,1.2,129,0.979,0.733,0.772,1,0.815,0
F103874,Vihiga,F,58,1,2.75,4956,5.1,140,0.91,0.863,0.838,1,0.637,0
F103875,Vihiga,F,31,3,1.93,10478,4.0,86,0.856,0.74,0.947,1,1.057,0
F103876,Trans Nzoia,F,22,6,0.4,19666,6.8,17,0.732,0.63,0.378,1,0.734,0
F103877,Bungoma,F,30,7,3.22,18044,13.5,174,0.618,0.912,0.652,1,1.093,1
F103878,Bungoma,M,24,4,1.14,18502,0.8,4,0.821,0.895,0.765,1,1.218,0
F103879,Kakamega,F,51,6,1.38,17539,1.9,157,0.84,0.58,0.762,1,0.744,1
F103880,Siaya,F,68,5,2.39,3323,4.3,79,0.607,0.496,0.95,1,0.632,0
F103881,Bungoma,F,28,8,4.0,15823,5.7,94,0.605,0.467,0.971,0,1.256,0
F103882,Vihiga,M,56,7,0.75,13670,3.7,138,0.731,0.646,0.606,1,1.433,0
F103883,Busia,M,38,2,2.31,14625,6.7,169,0.749,0.68,0.874,1,0.924,1
F103884,Kakamega,F,23,5,0.72,7681,0.7,29,0.733,0.705,0.885,1,1.346,0
F103885,Busia,F,54,7,1.3,18526,0.4,146,0.739,0.49,0.733,0,1.442,1
F103886,Kakamega,F,30,3,0.29,16365,1.0,120,0.628,0.798,0.726,1,1.178,0
F103887,Bungoma,F,45,5,0.72,11866,7.0,68,0.517,0.484,0.414,1,1.035,1
F103888,Kakamega,M,45,4,1.25,4244,1.1,78,0.517,0.208,0.676,1,1.17,1
F103889,Trans Nzoia,F,49,3,1.57,4512,1.9,139,0.656,0.783,0.93,1,1.218,0
F103890,Vihiga,M,26,2,1.51,10898,21.2,27,0.752,0.623,0.802,1,0.439,0
F103891,Siaya,F,32,1,2.11,14823,6.4,92,0.861,0.569,0.817,0,0.971,0
F103892,Busia,F,56,6,0.81,24931,1.0,130,0.716,0.589,0.721,1,0.673,1
F103893,Bungoma,M,66,7,1.0,18916,0.4,98,0.911,0.917,0.745,1,0.774,0
F103894,Vihiga,F,20,6,1.03,13678,2.1,82,0.92,0.803,0.804,0,1.08,0
F103895,Siaya,M,40,2,0.85,9581,9.4,95,0.888,0.238,0.685,1,0.976,1
F103896,Vihiga,F,64,1,0.52,6709,0.9,93,0.275,0.893,0.821,1,1.008,0
F103897,Kakamega,M,34,6,1.15,6096,1.5,145,0.89,0.76,0.717,1,0.968,0
F103898,Bungoma,F,42,2,1.88,4581,2.3,148,0.745,0.807,0.898,1,0.953,0
F103899,Siaya,F,65,5,1.36,23060,4.1,165,0.861,0.783,0.467,1,0.997,1
F103900,Vihiga,M,68,8,0.77,3349,4.0,15,0.547,0.903,0.75,0,1.391,0
F103901,Siaya,F,52,1,1.17,22002,11.7,59,0.944,0.862,0.808,1,1.162,0
F103902,Vihiga,F,54,5,0.73,15837,0.7,158,0.418,0.935,0.886,1,0.766,0
F103903,Kakamega,M,50,8,1.6,16605,12.9,116,0.873,0.333,0.831,1,0.89,1
F103904,Siaya,F,34,3,1.92,24090,0.8,69,0.542,0.853,0.857,1,1.171,0
F103905,Trans Nzoia,M,64,7,1.95,20305,1.8,114,0.683,0.814,0.672,1,0.933,0
F103906,Trans Nzoia,M,21,7,0.92,6236,1.0,84,0.758,0.973,0.958,1,1.128,0
F103907,Siaya,M,22,4,0.75,24313,3.9,160,0.849,0.539,0.577,0,0.994,1
F103908,Bungoma,F,50,3,2.11,6873,0.7,101,0.735,0.85,0.739,1,1.053,0
F103909,Siaya,F,61,6,0.87,15523,3.3,82,0.739,0.769,0.704,0,1.319,0
F103910,Bungoma,M,60,5,1.15,17094,3.5,113,0.923,0.628,0.756,1,1.1,0
F103911,Siaya,F,53,4,1.35,8371,1.3,36,0.817,0.461,0.687,0,1.484,0
F103912,Bungoma,F,38,2,1.08,16865,4.0,139,0.465,0.769,0.841,1,0.835,1
F103913,Vihiga,F,37,6,1.76,17053,1.1,38,0.698,0.63,0.881,1,0.771,0
F103914,Trans Nzoia,F,41,2,0.32,24557,1.2,7,0.789,0.788,0.754,1,1.1,0
F103915,Kakamega,F,32,2,1.5,23121,4.7,12,0.787,0.844,0.893,0,0.946,0
F103916,Kakamega,M,40,1,0.58,11793,0.4,14,0.917,0.718,0.616,1,1.033,0
F103917,Siaya,M,25,4,0.79,18183,0.8,20,0.79,0.744,0.389,0,1.09,0
F103918,Kakamega,M,35,1,1.23,21060,3.3,11,0.594,0.438,0.81,1,0.677,0
F103919,Vihiga,F,67,3,0.25,3577,0.6,56,0.585,0.332,0.803,1,0.455,0
F103920,Siaya,F,55,2,0.96,18066,3.8,173,0.459,0.485,0.824,1,1.18,1
F103921,Vihiga,F,27,4,0.84,23176,2.7,21,0.837,0.965,0.776,1,0.641,0
F103922,Busia,M,34,7,1.0,5645,9.7,122,0.77,0.178,0.787,1,0.873,1
F103923,Busia,F,32,4,0.8,19580,11.2,157,0.648,0.641,0.479,1,0.957,1
F103924,Vihiga,F,34,5,1.16,4327,3.5,146,0.74,0.707,0.724,1,0.979,0
F103925,Vihiga,F,54,2,0.71,11840,4.1,67,0.344,0.406,0.925,1,1.196,0
F103926,Vihiga,M,64,1,1.05,21028,17.1,12,0.359,0.881,0.834,0,1.166,0
F103927,Kakamega,M,55,8,1.23,24724,0.9,68,0.858,0.704,0.682,1,1.06,0
F103928,Vihiga,M,44,5,2.16,19011,0.6,109,0.992,0.562,0.616,1,1.142,0
F103929,Trans Nzoia,F,28,1,2.48,18876,4.2,137,0.683,0.529,0.923,1,0.743,1
F103930,Trans Nzoia,M,27,5,0.35,8701,0.9,28,0.678,0.451,0.833,1,0.812,0
F103931,Kakamega,F,60,1,2.27,21159,1.4,56,0.921,0.411,0.82,1,1.899,0
F103932,Trans Nzoia,F,53,1,0.51,17495,8.7,109,0.659,0.23,0.719,1,1.038,1
F103933,Trans Nzoia,F,45,3,1.06,23749,6.6,129,0.584,0.494,0.899,1,1.22,0
F103934,Bungoma,F,48,6,0.26,16263,2.8,58,0.862,0.835,0.648,1,0.713,0
F103935,Siaya,F,62,5,0.15,3870,2.8,148,0.798,0.59,0.53,1,1.184,0
F103936,Vihiga,F,60,7,3.98,14241,6.2,144,0.767,0.585,0.46,1,0.937,1
F103937,Busia,F,24,2,1.08,20037,1.8,66,0.798,0.682,0.799,1,0.867,0
F103938,Trans Nzoia,M,39,2,0.91,20334,1.9,97,0.753,0.662,0.762,1,1.44,0
F103939,Vihiga,M,22,5,1.34,11499,2.2,87,0.695,0.563,0.88,1,1.385,0
F103940,Vihiga,M,39,7,0.93,6762,8.3,121,0.642,0.269,0.729,1,0.993,1
F103941,Bungoma,F,51,6,1.91,22119,1.2,60,0.491,0.891,0.869,1,1.062,0
F103942,Siaya,F,30,6,1.28,21109,7.9,61,0.613,0.144,0.798,1,0.906,1
F103943,Siaya,M,27,1,1.7,22335,6.2,77,0.754,0.615,0.875,1,0.715,0
F103944,Kakamega,F,44,8,0.58,17753,2.5,41,0.753,0.741,0.778,1,1.024,0
F103945,Trans Nzoia,F,46,8,0.3,21229,2.9,105,0.882,0.641,0.582,1,1.062,0
F103946,Kakamega,F,55,5,2.05,11861,12.3,172,0.948,0.736,0.678,1,1.263,0
F103947,Busia,M,20,3,1.38,20142,0.5,64,0.76,0.528,0.878,0,1.15,0
F103948,Siaya,F,32,6,0.4,13741,2.3,155,0.556,0.869,0.859,1,0.754,0
F103949,Bungoma,M,58,6,0.41,20474,5.4,85,0.475,0.495,0.732,1,0.49,1
F103950,Busia,F,54,8,1.18,6219,5.2,32,0.623,0.633,0.662,1,0.922,0
F103951,Bungoma,F,64,1,1.61,9524,1.9,90,0.755,0.529,0.777,1,0.681,0
F103952,Trans Nzoia,F,60,5,0.51,7716,0.0,91,0.705,0.876,0.784,1,0.976,0
F103953,Busia,F,61,6,2.84,11943,10.9,7,0.478,0.742,0.532,1,1.114,0
F103954,Vihiga,F,45,3,1.76,20919,8.6,87,0.781,0.982,0.591,1,1.085,0
F103955,Siaya,M,67,7,2.15,5531,1.8,31,0.753,0.511,0.963,1,0.891,0
F103956,Vihiga,F,40,1,1.15,19071,1.0,143,0.929,0.436,0.808,1,1.106,0
F103957,Trans Nzoia,F,65,1,1.08,21273,1.4,98,0.772,0.904,0.57,1,1.354,0
F103958,Kakamega,M,39,7,0.37,17764,2.7,56,0.455,0.788,0.809,1,1.105,0
F103959,Bungoma,F,42,2,0.59,17212,1.0,3,0.764,0.486,0.607,1,1.096,0
F103960,Siaya,F,54,4,0.99,6045,2.4,104,0.927,0.725,0.842,1,0.87,0
F103961,Siaya,F,39,3,1.4,16479,0.6,127,0.922,0.261,0.621,1,1.047,1
F103962,Vihiga,F,27,6,1.23,7981,0.3,78,0.619,0.752,0.827,1,1.387,0
F103963,Busia,F,64,1,0.18,8413,1.3,163,0.858,0.574,0.363,0,0.991,1
F103964,Bungoma,M,42,3,0.49,21952,0.5,37,0.815,0.792,0.899,1,0.926,0
F103965,Siaya,F,66,8,1.29,16530,1.4,136,0.68,0.803,0.734,1,1.312,0
F103966,Trans Nzoia,M,39,3,1.43,24855,8.1,90,0.769,0.368,0.687,1,0.968,1
F103967,Bungoma,F,68,5,0.79,13000,1.9,58,0.838,0.658,0.608,1,1.158,0
F103968,Vihiga,M,50,8,1.65,10870,6.4,54,0.72,0.883,0.616,1,1.063,0
F103969,Vihiga,M,58,5,1.64,24895,0.8,82,0.742,0.394,0.796,1,1.14,0
F103970,Busia,F,57,7,3.81,16695,8.5,17,0.595,0.577,0.702,0,1.22,0
F103971,Siaya,F,30,8,1.09,21987,9.0,118,0.941,0.597,0.876,1,1.33,0
F103972,Kakamega,F,60,5,0.77,3978,2.0,75,0.749,0.837,0.803,1,1.277,0
F103973,Bungoma,M,67,7,0.51,14571,0.1,123,0.635,0.83,0.868,0,1.376,0
F103974,Kakamega,M,53,5,0.33,20972,4.6,94,0.53,0.759,0.708,1,0.95,0
F103975,Trans Nzoia,F,67,7,1.59,20786,1.4,176,0.943,0.911,0.662,1,0.711,0
F103976,Vihiga,M,62,6,1.47,18730,1.4,17,0.74,0.871,0.604,1,0.973,0
F103977,Siaya,F,53,3,0.37,6619,12.4,90,0.517,0.475,0.644,1,1.731,0
F103978,Vihiga,F,43,5,1.6,15030,0.2,97,0.527,0.801,0.805,1,0.989,0
F103979,Kakamega,M,62,3,1.2,5230,3.6,47,0.576,0.623,0.857,1,0.547,0
F103980,Busia,F,29,4,0.86,20642,3.5,122,0.668,0.846,0.943,1,1.679,0
F103981,Kakamega,F,48,3,0.17,16874,1.3,67,0.681,0.665,0.701,1,1.064,0
F103982,Trans Nzoia,M,60,4,1.46,7264,1.5,138,0.735,0.551,0.873,1,0.806,0
F103983,Trans Nzoia,F,67,3,3.09,18989,0.1,166,0.761,0.796,0.37,1,0.723,1
F103984,Siaya,M,33,6,0.57,18825,1.1,154,0.699,0.586,0.575,1,1.052,1
F103985,Busia,F,24,3,1.2,4167,0.7,114,0.908,0.466,0.446,0,1.205,1
F103986,Bungoma,F,36,4,1.54,4962,0.6,130,0.899,0.79,0.338,1,1.186,0
F103987,Kakamega,F,63,2,0.09,7421,0.6,155,0.501,0.769,0.659,1,1.242,1
F103988,Busia,M,46,4,0.5,4542,0.6,176,0.886,0.822,0.728,1,0.644,0
F103989,Busia,F,22,3,0.28,14819,0.9,131,0.519,0.961,0.865,1,0.723,0
F103990,Trans Nzoia,F,25,8,3.08,22358,1.5,164,0.603,0.491,0.825,1,1.014,1
F103991,Trans Nzoia,M,36,4,0.09,4381,1.4,173,0.88,0.731,0.795,1,1.301,0
F103992,Kakamega,M,37,1,0.86,16519,5.5,34,0.76,0.875,0.871,1,0.909,0
F103993,Bungoma,M,26,3,1.3,12329,1.7,91,0.813,0.43,0.9,1,0.445,0
F103994,Vihiga,F,44,6,0.57,21398,2.0,66,0.419,0.572,0.812,0,1.229,1
F103995,Busia,F,43,2,0.11,13605,7.2,171,0.704,0.574,0.831,1,0.324,1
F103996,Kakamega,F,29,2,0.88,17711,0.6,134,0.775,0.734,0.687,1,0.892,0
F103997,Siaya,M,31,3,0.56,23279,1.3,159,0.878,0.467,0.888,1,1.213,0
F103998,Trans Nzoia,M,53,3,1.4,5995,0.2,64,0.79,0.662,0.816,1,1.205,0
F103999,Vihiga,M,67,4,1.78,9944,0.4,152,0.669,0.809,0.821,1,0.602,0
