farmer_id,region,risk_score,risk_tier,top_reasons,in_test_set
F100000,Kakamega,0.0027,low,below-average prior yield; farm size,False
F100001,Trans Nzoia,0.0022,low,weak repayment among peer group; no active mobile money usage,True
F100002,Vihiga,0.999,high,long gap since last farm visit; low input redemption rate,True
F100003,Busia,0.9705,high,long gap since last farm visit; weak repayment among peer group,False
F100004,Busia,0.0426,low,no active mobile money usage; low training attendance,False
F100005,Siaya,0.001,low,farm size; still early in program tenure,False
F100006,Kakamega,0.9452,high,low input redemption rate; weak repayment among peer group,False
F100007,Trans Nzoia,0.0026,low,still early in program tenure; below-average prior yield,True
F100008,Bungoma,0.0004,low,low training attendance; region Trans Nzoia,False
F100009,Kakamega,0.011,low,no active mobile money usage; low input redemption rate,False
F100010,Vihiga,0.9688,high,below-average prior yield; weak repayment among peer group,False
F100011,Siaya,0.0004,low,no active mobile money usage; low training attendance,False
F100012,Trans Nzoia,0.038,low,long distance to nearest agrodealer; low input redemption rate,False
F100013,Trans Nzoia,0.1294,low,long gap since last farm visit; long distance to nearest agrodealer,True
F100014,Trans Nzoia,0.0007,low,no active mobile money usage; still early in program tenure,False
F100015,Trans Nzoia,0.6244,high,no active mobile money usage; long gap since last farm visit,True
F100016,Vihiga,0.0164,low,long gap since last farm visit; low input redemption rate,False
F100017,Kakamega,0.9809,high,long gap since last farm visit; long distance to nearest agrodealer,False
F100018,Siaya,0.9517,high,long gap since last farm visit; weak repayment among peer group,False
F100019,Busia,0.0035,low,below-average prior yield; age,False
F100020,Vihiga,0.0002,low,farm size; still early in program tenure,False
F100021,Busia,1e-04,low,no active mobile money usage; gender M,False
F100022,Bungoma,0.1184,low,below-average prior yield; low training attendance,True
F100023,Siaya,0.0035,low,low input redemption rate; long gap since last farm visit,False
F100024,Trans Nzoia,0.976,high,low training attendance; below-average prior yield,False
F100025,Vihiga,0.0067,low,below-average prior yield; long distance to nearest agrodealer,False
F100026,Busia,1e-04,low,still early in program tenure; region Vihiga,True
F100027,Trans Nzoia,0.0008,low,long distance to nearest agrodealer; weak repayment among peer group,False
F100028,Vihiga,0.7169,high,weak repayment among peer group; low input redemption rate,True
F100029,Busia,0.0003,low,still early in program tenure; age,True
F100030,Busia,0.0004,low,weak repayment among peer group; region Trans Nzoia,False
F100031,Bungoma,1e-04,low,still early in program tenure; farm size,False
F100032,Kakamega,0.0012,low,low training attendance; age,False
F100033,Vihiga,0.0289,low,long gap since last farm visit; relatively large loan amount,False
F100034,Siaya,0.0061,low,no active mobile money usage; low input redemption rate,False
F100035,Kakamega,0.995,high,long gap since last farm visit; long distance to nearest agrodealer,False
F100036,Siaya,0.0021,low,below-average prior yield; weak repayment among peer group,False
F100037,Trans Nzoia,0.0322,low,weak repayment among peer group; relatively large loan amount,False
F100038,Bungoma,0.0006,low,below-average prior yield; weak repayment among peer group,False
F100039,Vihiga,0.0014,low,no active mobile money usage; age,False
F100040,Kakamega,0.9944,high,weak repayment among peer group; long gap since last farm visit,False
F100041,Trans Nzoia,0.9987,high,low training attendance; long gap since last farm visit,False
F100042,Trans Nzoia,0.0008,low,relatively large loan amount; farm size,False
F100043,Busia,0.0237,low,low training attendance; age,False
F100044,Kakamega,0.1369,low,low input redemption rate; low training attendance,False
F100045,Siaya,0.9885,high,long gap since last farm visit; no active mobile money usage,False
F100046,Busia,0.0018,low,still early in program tenure; long gap since last farm visit,True
F100047,Siaya,0.0031,low,below-average prior yield; long distance to nearest agrodealer,True
F100048,Trans Nzoia,0.0002,low,farm size; region Kakamega,True
F100049,Trans Nzoia,0.0035,low,long gap since last farm visit; still early in program tenure,False
F100050,Trans Nzoia,0.0047,low,weak repayment among peer group; age,True
F100051,Bungoma,1e-04,low,below-average prior yield; age,False
F100052,Busia,0.0005,low,age; long distance to nearest agrodealer,True
F100053,Busia,0.0044,low,weak repayment among peer group; gender M,False
F100054,Busia,0.921,high,low input redemption rate; long gap since last farm visit,False
F100055,Kakamega,0.0368,low,low input redemption rate; long gap since last farm visit,True
F100056,Vihiga,0.0014,low,long gap since last farm visit; still early in program tenure,False
F100057,Kakamega,0.9604,high,long gap since last farm visit; low input redemption rate,False
F100058,Trans Nzoia,0.9962,high,low input redemption rate; long distance to nearest agrodealer,False
F100059,Trans Nzoia,0.9278,high,long gap since last farm visit; low input redemption rate,True
F100060,Siaya,0.0003,low,still early in program tenure; long distance to nearest agrodealer,False
F100061,Trans Nzoia,0.0007,low,below-average prior yield; low input redemption rate,False
F100062,Busia,0.0052,low,below-average prior yield; relatively large loan amount,True
F100063,Siaya,0.9031,high,no active mobile money usage; long gap since last farm visit,False
F100064,Busia,0.0048,low,below-average prior yield; no active mobile money usage,False
F100065,Bungoma,0.0002,low,weak repayment among peer group; region Trans Nzoia,False
F100066,Siaya,0.0019,low,long gap since last farm visit; region Siaya,False
F100067,Busia,0.0419,low,weak repayment among peer group; long gap since last farm visit,True
F100068,Kakamega,0.0558,low,below-average prior yield; low training attendance,False
F100069,Busia,0.0009,low,still early in program tenure; relatively large loan amount,False
F100070,Trans Nzoia,0.0019,low,low training attendance; relatively large loan amount,False
F100071,Bungoma,0.0403,low,no active mobile money usage; weak repayment among peer group,False
F100072,Busia,0.0014,low,long distance to nearest agrodealer; relatively large loan amount,False
F100073,Kakamega,0.9995,high,long gap since last farm visit; weak repayment among peer group,False
F100074,Trans Nzoia,0.0188,low,low training attendance; low input redemption rate,False
F100075,Busia,0.9642,high,low training attendance; long gap since last farm visit,False
F100076,Bungoma,0.0331,low,low input redemption rate; long gap since last farm visit,False
F100077,Bungoma,0.898,high,low training attendance; below-average prior yield,False
F100078,Vihiga,0.9983,high,weak repayment among peer group; long gap since last farm visit,False
F100079,Trans Nzoia,0.0003,low,below-average prior yield; relatively large loan amount,False
F100080,Siaya,0.9771,high,below-average prior yield; low training attendance,False
F100081,Busia,0.0009,low,still early in program tenure; below-average prior yield,False
F100082,Kakamega,0.5169,medium,still early in program tenure; age,False
F100083,Trans Nzoia,0.0065,low,no active mobile money usage; below-average prior yield,False
F100084,Vihiga,0.0058,low,long gap since last farm visit; below-average prior yield,False
F100085,Trans Nzoia,0.0579,low,weak repayment among peer group; long distance to nearest agrodealer,True
F100086,Kakamega,0.0008,low,low input redemption rate; age,False
F100087,Bungoma,0.6103,high,long gap since last farm visit; low input redemption rate,True
F100088,Trans Nzoia,0.0214,low,age; weak repayment among peer group,False
F100089,Trans Nzoia,0.0011,low,weak repayment among peer group; gender M,False
F100090,Busia,0.0009,low,no active mobile money usage; below-average prior yield,False
F100091,Trans Nzoia,0.0019,low,no active mobile money usage; low training attendance,True
F100092,Siaya,0.0017,low,no active mobile money usage; low input redemption rate,False
F100093,Busia,0.0034,low,no active mobile money usage; below-average prior yield,False
F100094,Siaya,0.0435,low,low input redemption rate; long distance to nearest agrodealer,False
F100095,Bungoma,0.0119,low,no active mobile money usage; below-average prior yield,False
F100096,Bungoma,0.9467,high,low input redemption rate; no active mobile money usage,False
F100097,Trans Nzoia,0.0007,low,low input redemption rate; low training attendance,False
F100098,Vihiga,0.8852,high,long gap since last farm visit; low training attendance,False
F100099,Kakamega,1e-04,low,no active mobile money usage; region Kakamega,False
F100100,Trans Nzoia,0.0146,low,below-average prior yield; weak repayment among peer group,True
F100101,Bungoma,0.045,low,below-average prior yield; low training attendance,False
F100102,Trans Nzoia,0.0002,low,below-average prior yield; weak repayment among peer group,False
F100103,Kakamega,0.0153,low,below-average prior yield; weak repayment among peer group,False
F100104,Trans Nzoia,0.0105,low,low input redemption rate; weak repayment among peer group,True
F100105,Trans Nzoia,0.0498,low,weak repayment among peer group; long gap since last farm visit,False
F100106,Trans Nzoia,0.0084,low,long gap since last farm visit; long distance to nearest agrodealer,False
F100107,Vihiga,0.0002,low,low input redemption rate; relatively large loan amount,True
F100108,Busia,0.0003,low,low training attendance; region Busia,False
F100109,Trans Nzoia,0.0011,low,long gap since last farm visit; long distance to nearest agrodealer,False
F100110,Bungoma,0.956,high,long gap since last farm visit; low training attendance,True
F100111,Trans Nzoia,0.999,high,long gap since last farm visit; low input redemption rate,False
F100112,Vihiga,0.9999,high,long gap since last farm visit; low input redemption rate,False
F100113,Busia,0.9486,high,long gap since last farm visit; weak repayment among peer group,False
F100114,Vihiga,0.9986,high,weak repayment among peer group; long gap since last farm visit,False
F100115,Vihiga,0.9845,high,long gap since last farm visit; no active mobile money usage,False
F100116,Kakamega,0.0044,low,below-average prior yield; weak repayment among peer group,False
F100117,Kakamega,0.0196,low,long gap since last farm visit; below-average prior yield,False
F100118,Bungoma,0.0027,low,low training attendance; gender M,False
F100119,Kakamega,0.9883,high,long gap since last farm visit; no active mobile money usage,False
F100120,Busia,0.9641,high,weak repayment among peer group; low input redemption rate,False
F100121,Trans Nzoia,0.0382,low,low training attendance; long distance to nearest agrodealer,False
F100122,Vihiga,0.9891,high,weak repayment among peer group; long distance to nearest agrodealer,False
F100123,Busia,0.0111,low,low input redemption rate; below-average prior yield,True
F100124,Siaya,0.9827,high,long gap since last farm visit; weak repayment among peer group,True
F100125,Vihiga,0.8805,high,weak repayment among peer group; long gap since last farm visit,False
F100126,Kakamega,0.0075,low,weak repayment among peer group; low training attendance,True
F100127,Trans Nzoia,0.0534,low,long gap since last farm visit; weak repayment among peer group,False
F100128,Vihiga,0.0067,low,low input redemption rate; low training attendance,True
F100129,Vihiga,0.067,low,below-average prior yield; long gap since last farm visit,False
F100130,Vihiga,0.0112,low,long gap since last farm visit; relatively large loan amount,False
F100131,Vihiga,0.1932,low,below-average prior yield; still early in program tenure,True
F100132,Kakamega,0.0275,low,still early in program tenure; below-average prior yield,False
F100133,Vihiga,0.9765,high,weak repayment among peer group; long gap since last farm visit,False
F100134,Trans Nzoia,0.9834,high,low training attendance; long gap since last farm visit,False
F100135,Bungoma,0.067,low,no active mobile money usage; long gap since last farm visit,False
F100136,Vihiga,0.0113,low,long distance to nearest agrodealer; below-average prior yield,True
F100137,Kakamega,0.9558,high,low input redemption rate; weak repayment among peer group,False
F100138,Busia,0.0008,low,low training attendance; still early in program tenure,False
F100139,Busia,0.0002,low,relatively large loan amount; region Trans Nzoia,False
F100140,Siaya,0.0023,low,no active mobile money usage; still early in program tenure,False
F100141,Bungoma,0.8686,high,low input redemption rate; low training attendance,False
F100142,Bungoma,0.617,high,long gap since last farm visit; weak repayment among peer group,True
F100143,Busia,0.0005,low,no active mobile money usage; region Vihiga,False
F100144,Siaya,0.8388,high,weak repayment among peer group; below-average prior yield,False
F100145,Siaya,0.0014,low,below-average prior yield; long distance to nearest agrodealer,True
F100146,Kakamega,1e-04,low,farm size; relatively large loan amount,False
F100147,Bungoma,0.0,low,relatively large loan amount; region Trans Nzoia,False
F100148,Trans Nzoia,0.0024,low,no active mobile money usage; long gap since last farm visit,False
F100149,Kakamega,0.008,low,below-average prior yield; low input redemption rate,False
F100150,Siaya,0.0036,low,long gap since last farm visit; still early in program tenure,False
F100151,Bungoma,0.0013,low,long gap since last farm visit; low training attendance,False
F100152,Siaya,0.0002,low,below-average prior yield; farm size,False
F100153,Bungoma,0.0034,low,still early in program tenure; low training attendance,False
F100154,Busia,0.0007,low,long gap since last farm visit; low training attendance,False
F100155,Vihiga,0.0642,low,below-average prior yield; long distance to nearest agrodealer,False
F100156,Kakamega,0.0016,low,weak repayment among peer group; relatively large loan amount,True
F100157,Vihiga,1e-04,low,farm size; relatively large loan amount,False
F100158,Vihiga,0.0005,low,low input redemption rate; region Trans Nzoia,True
F100159,Trans Nzoia,0.0871,low,long gap since last farm visit; below-average prior yield,False
F100160,Siaya,0.9865,high,long gap since last farm visit; below-average prior yield,False
F100161,Vihiga,0.0186,low,no active mobile money usage; relatively large loan amount,False
F100162,Busia,0.13,low,no active mobile money usage; below-average prior yield,True
F100163,Busia,0.0013,low,weak repayment among peer group; region Trans Nzoia,False
F100164,Busia,0.0138,low,weak repayment among peer group; relatively large loan amount,False
F100165,Trans Nzoia,0.9052,high,below-average prior yield; weak repayment among peer group,False
F100166,Bungoma,0.0003,low,below-average prior yield; farm size,True
F100167,Bungoma,0.0527,low,low input redemption rate; weak repayment among peer group,False
F100168,Busia,0.0031,low,weak repayment among peer group; farm size,False
F100169,Kakamega,0.8909,high,below-average prior yield; weak repayment among peer group,False
F100170,Kakamega,0.0721,low,long gap since last farm visit; below-average prior yield,False
F100171,Kakamega,0.0561,low,low input redemption rate; long gap since last farm visit,False
F100172,Trans Nzoia,1e-04,low,long gap since last farm visit; gender M,True
F100173,Trans Nzoia,0.021,low,long gap since last farm visit; below-average prior yield,False
F100174,Trans Nzoia,0.032,low,no active mobile money usage; still early in program tenure,False
F100175,Busia,0.0136,low,weak repayment among peer group; low training attendance,True
F100176,Trans Nzoia,0.0005,low,age; gender M,False
F100177,Kakamega,0.9995,high,long gap since last farm visit; below-average prior yield,False
F100178,Siaya,0.9974,high,weak repayment among peer group; long gap since last farm visit,True
F100179,Vihiga,0.0046,low,weak repayment among peer group; still early in program tenure,False
F100180,Siaya,1e-04,low,still early in program tenure; relatively large loan amount,True
F100181,Kakamega,0.0054,low,low training attendance; below-average prior yield,False
F100182,Busia,0.0038,low,low input redemption rate; low training attendance,False
F100183,Trans Nzoia,0.0395,low,below-average prior yield; no active mobile money usage,False
F100184,Busia,0.0051,low,no active mobile money usage; weak repayment among peer group,True
F100185,Busia,1e-04,low,still early in program tenure; region Vihiga,False
F100186,Kakamega,0.0359,low,no active mobile money usage; low training attendance,False
F100187,Busia,0.0233,low,weak repayment among peer group; low input redemption rate,False
F100188,Bungoma,0.0027,low,below-average prior yield; long gap since last farm visit,False
F100189,Bungoma,0.985,high,long gap since last farm visit; low training attendance,False
F100190,Trans Nzoia,0.0162,low,long gap since last farm visit; still early in program tenure,False
F100191,Vihiga,0.5653,medium,low training attendance; low input redemption rate,True
F100192,Vihiga,0.496,medium,weak repayment among peer group; low training attendance,True
F100193,Busia,0.9953,high,long gap since last farm visit; weak repayment among peer group,False
F100194,Siaya,0.0003,low,weak repayment among peer group; region Siaya,False
F100195,Kakamega,0.0274,low,no active mobile money usage; weak repayment among peer group,False
F100196,Busia,0.9912,high,long gap since last farm visit; low training attendance,False
F100197,Kakamega,0.007,low,weak repayment among peer group; relatively large loan amount,True
F100198,Busia,0.8825,high,no active mobile money usage; low training attendance,False
F100199,Siaya,0.0095,low,weak repayment among peer group; low training attendance,False
F100200,Busia,0.0009,low,long distance to nearest agrodealer; relatively large loan amount,False
F100201,Siaya,0.0974,low,low training attendance; weak repayment among peer group,False
F100202,Busia,0.9984,high,long distance to nearest agrodealer; low training attendance,False
F100203,Trans Nzoia,0.008,low,no active mobile money usage; still early in program tenure,False
F100204,Busia,0.0011,low,weak repayment among peer group; farm size,False
F100205,Bungoma,0.0182,low,below-average prior yield; long distance to nearest agrodealer,False
F100206,Trans Nzoia,0.0014,low,still early in program tenure; low input redemption rate,True
F100207,Siaya,0.4311,medium,no active mobile money usage; long gap since last farm visit,True
F100208,Bungoma,0.0116,low,no active mobile money usage; relatively large loan amount,False
F100209,Trans Nzoia,1e-04,low,low training attendance; gender M,False
F100210,Bungoma,0.0031,low,age; relatively large loan amount,False
F100211,Trans Nzoia,0.0024,low,long distance to nearest agrodealer; weak repayment among peer group,False
F100212,Trans Nzoia,0.0046,low,low training attendance; farm size,False
F100213,Busia,0.0688,low,below-average prior yield; low training attendance,True
F100214,Trans Nzoia,0.0004,low,long gap since last farm visit; relatively large loan amount,True
F100215,Bungoma,0.0036,low,low training attendance; below-average prior yield,False
F100216,Kakamega,0.0039,low,low training attendance; farm size,False
F100217,Kakamega,0.9979,high,long distance to nearest agrodealer; weak repayment among peer group,False
F100218,Busia,0.9998,high,long gap since last farm visit; low training attendance,False
F100219,Siaya,0.8826,high,no active mobile money usage; low training attendance,False
F100220,Kakamega,0.0091,low,below-average prior yield; weak repayment among peer group,False
F100221,Busia,0.0017,low,long gap since last farm visit; still early in program tenure,True
F100222,Trans Nzoia,0.0022,low,low training attendance; gender M,False
F100223,Bungoma,0.9885,high,long gap since last farm visit; low input redemption rate,False
F100224,Trans Nzoia,0.0018,low,long distance to nearest agrodealer; below-average prior yield,False
F100225,Bungoma,0.9297,high,below-average prior yield; no active mobile money usage,False
F100226,Trans Nzoia,0.103,low,low training attendance; still early in program tenure,False
F100227,Vihiga,0.9632,high,long gap since last farm visit; long distance to nearest agrodealer,False
F100228,Vihiga,0.0131,low,long gap since last farm visit; below-average prior yield,False
F100229,Bungoma,0.942,high,long gap since last farm visit; low training attendance,False
F100230,Busia,0.0231,low,no active mobile money usage; weak repayment among peer group,False
F100231,Siaya,0.0002,low,long distance to nearest agrodealer; low training attendance,False
F100232,Kakamega,0.0046,low,low input redemption rate; still early in program tenure,True
F100233,Trans Nzoia,0.993,high,weak repayment among peer group; long gap since last farm visit,False
F100234,Busia,0.0025,low,below-average prior yield; weak repayment among peer group,False
F100235,Trans Nzoia,0.6133,high,long distance to nearest agrodealer; below-average prior yield,True
F100236,Vihiga,0.0058,low,below-average prior yield; still early in program tenure,False
F100237,Busia,0.0102,low,below-average prior yield; farm size,False
F100238,Bungoma,0.0014,low,weak repayment among peer group; relatively large loan amount,False
F100239,Vihiga,0.8441,high,no active mobile money usage; below-average prior yield,True
F100240,Kakamega,0.0909,low,no active mobile money usage; weak repayment among peer group,False
F100241,Vihiga,0.0347,low,long gap since last farm visit; weak repayment among peer group,False
F100242,Kakamega,0.0349,low,no active mobile money usage; long distance to nearest agrodealer,False
F100243,Vihiga,0.0004,low,long gap since last farm visit; farm size,True
F100244,Vihiga,0.9749,high,low input redemption rate; weak repayment among peer group,False
F100245,Kakamega,0.654,high,low training attendance; long gap since last farm visit,True
F100246,Trans Nzoia,0.0046,low,low training attendance; weak repayment among peer group,False
F100247,Busia,0.1103,low,low input redemption rate; weak repayment among peer group,False
F100248,Trans Nzoia,0.0003,low,below-average prior yield; relatively large loan amount,False
F100249,Kakamega,0.9865,high,long gap since last farm visit; below-average prior yield,True
F100250,Bungoma,0.0026,low,low input redemption rate; still early in program tenure,False
F100251,Busia,0.0073,low,no active mobile money usage; long distance to nearest agrodealer,False
F100252,Bungoma,0.0072,low,low training attendance; no active mobile money usage,True
F100253,Bungoma,0.0098,low,long gap since last farm visit; low input redemption rate,False
F100254,Vihiga,0.002,low,low training attendance; age,False
F100255,Kakamega,0.0587,low,weak repayment among peer group; long gap since last farm visit,True
F100256,Trans Nzoia,0.0004,low,age; still early in program tenure,True
F100257,Kakamega,0.0015,low,long distance to nearest agrodealer; no active mobile money usage,False
F100258,Bungoma,0.9515,high,long gap since last farm visit; long distance to nearest agrodealer,False
F100259,Vihiga,0.9684,high,low input redemption rate; no active mobile money usage,True
F100260,Trans Nzoia,0.0002,low,no active mobile money usage; low input redemption rate,False
F100261,Bungoma,0.9406,high,long gap since last farm visit; low input redemption rate,False
F100262,Bungoma,0.0077,low,low input redemption rate; relatively large loan amount,False
F100263,Siaya,1.0,high,long gap since last farm visit; low training attendance,False
F100264,Siaya,0.023,low,still early in program tenure; long distance to nearest agrodealer,False
F100265,Vihiga,0.9999,high,low input redemption rate; long gap since last farm visit,False
F100266,Busia,0.9998,high,low input redemption rate; weak repayment among peer group,False
F100267,Busia,0.004,low,below-average prior yield; low input redemption rate,False
F100268,Vihiga,0.0008,low,low input redemption rate; long distance to nearest agrodealer,False
F100269,Vihiga,0.0012,low,weak repayment among peer group; still early in program tenure,True
F100270,Bungoma,0.0588,low,long gap since last farm visit; still early in program tenure,False
F100271,Kakamega,0.0287,low,low training attendance; weak repayment among peer group,False
F100272,Kakamega,0.0212,low,low training attendance; weak repayment among peer group,True
F100273,Siaya,0.0029,low,low training attendance; relatively large loan amount,True
F100274,Busia,0.0003,low,still early in program tenure; gender M,True
F100275,Busia,0.9344,high,weak repayment among peer group; long gap since last farm visit,True
F100276,Busia,0.0171,low,low training attendance; age,False
F100277,Trans Nzoia,0.0006,low,low input redemption rate; region Vihiga,True
F100278,Kakamega,1e-04,low,weak repayment among peer group; farm size,False
F100279,Kakamega,0.0024,low,low training attendance; still early in program tenure,True
F100280,Bungoma,1e-04,low,still early in program tenure; relatively large loan amount,False
F100281,Busia,0.0572,low,low training attendance; below-average prior yield,False
F100282,Trans Nzoia,0.9998,high,long gap since last farm visit; low training attendance,False
F100283,Busia,0.0504,low,long gap since last farm visit; still early in program tenure,False
F100284,Busia,0.0002,low,age; relatively large loan amount,False
F100285,Siaya,0.0028,low,relatively large loan amount; below-average prior yield,False
F100286,Kakamega,0.0191,low,long gap since last farm visit; long distance to nearest agrodealer,False
F100287,Vihiga,0.0172,low,below-average prior yield; no active mobile money usage,False
F100288,Vihiga,0.9719,high,weak repayment among peer group; long distance to nearest agrodealer,False
F100289,Busia,0.072,low,low input redemption rate; low training attendance,False
F100290,Trans Nzoia,0.0295,low,low training attendance; low input redemption rate,False
F100291,Bungoma,0.001,low,low input redemption rate; relatively large loan amount,True
F100292,Siaya,0.0159,low,low training attendance; no active mobile money usage,False
F100293,Bungoma,0.005,low,low training attendance; below-average prior yield,False
F100294,Vihiga,1e-04,low,relatively large loan amount; region Trans Nzoia,False
F100295,Vihiga,1e-04,low,long gap since last farm visit; long distance to nearest agrodealer,False
F100296,Siaya,0.9842,high,long gap since last farm visit; low input redemption rate,True
F100297,Busia,0.0,low,age; region Trans Nzoia,False
F100298,Bungoma,0.0016,low,age; below-average prior yield,False
F100299,Kakamega,0.9657,high,low input redemption rate; no active mobile money usage,False
F100300,Busia,0.004,low,low input redemption rate; low training attendance,True
F100301,Trans Nzoia,0.9247,high,low input redemption rate; no active mobile money usage,False
F100302,Kakamega,0.8875,high,low input redemption rate; long distance to nearest agrodealer,False
F100303,Siaya,0.0021,low,low input redemption rate; long distance to nearest agrodealer,False
F100304,Vihiga,0.025,low,below-average prior yield; low training attendance,True
F100305,Kakamega,0.9466,high,below-average prior yield; no active mobile money usage,False
F100306,Bungoma,0.0422,low,below-average prior yield; low training attendance,False
F100307,Vihiga,0.9694,high,below-average prior yield; low input redemption rate,False
F100308,Bungoma,0.9795,high,low input redemption rate; weak repayment among peer group,False
F100309,Kakamega,0.0023,low,low input redemption rate; below-average prior yield,False
F100310,Vihiga,0.0036,low,low training attendance; below-average prior yield,False
F100311,Trans Nzoia,0.0002,low,low training attendance; farm size,False
F100312,Kakamega,0.03,low,low training attendance; weak repayment among peer group,False
F100313,Bungoma,0.0312,low,low training attendance; long gap since last farm visit,False
F100314,Bungoma,0.0616,low,below-average prior yield; low input redemption rate,False
F100315,Vihiga,0.8884,high,long gap since last farm visit; low input redemption rate,True
F100316,Trans Nzoia,0.0088,low,no active mobile money usage; low training attendance,False
F100317,Trans Nzoia,0.0008,low,no active mobile money usage; weak repayment among peer group,True
F100318,Siaya,0.1651,low,low input redemption rate; long gap since last farm visit,True
F100319,Trans Nzoia,0.0005,low,no active mobile money usage; relatively large loan amount,False
F100320,Bungoma,0.0002,low,weak repayment among peer group; region Kakamega,False
F100321,Kakamega,0.9982,high,long gap since last farm visit; no active mobile money usage,False
F100322,Vihiga,0.0106,low,long gap since last farm visit; long distance to nearest agrodealer,False
F100323,Siaya,0.0009,low,weak repayment among peer group; below-average prior yield,False
F100324,Siaya,0.972,high,low training attendance; long gap since last farm visit,False
F100325,Bungoma,0.9965,high,long gap since last farm visit; no active mobile money usage,False
F100326,Bungoma,0.0132,low,long gap since last farm visit; still early in program tenure,False
F100327,Kakamega,0.0478,low,long gap since last farm visit; long distance to nearest agrodealer,True
F100328,Kakamega,0.0004,low,long distance to nearest agrodealer; low training attendance,False
F100329,Vihiga,0.0065,low,weak repayment among peer group; long distance to nearest agrodealer,False
F100330,Vihiga,0.007,low,no active mobile money usage; below-average prior yield,False
F100331,Busia,0.0003,low,low input redemption rate; relatively large loan amount,True
F100332,Bungoma,0.001,low,low training attendance; below-average prior yield,False
F100333,Trans Nzoia,0.9238,high,long gap since last farm visit; no active mobile money usage,True
F100334,Busia,0.0053,low,long gap since last farm visit; low training attendance,False
F100335,Trans Nzoia,0.0197,low,weak repayment among peer group; relatively large loan amount,True
F100336,Siaya,0.0013,low,no active mobile money usage; age,True
F100337,Bungoma,0.0007,low,still early in program tenure; region Trans Nzoia,False
F100338,Bungoma,0.0017,low,no active mobile money usage; weak repayment among peer group,False
F100339,Siaya,0.0003,low,weak repayment among peer group; relatively large loan amount,False
F100340,Vihiga,0.9867,high,low input redemption rate; no active mobile money usage,False
F100341,Bungoma,0.0022,low,weak repayment among peer group; region Trans Nzoia,True
F100342,Vihiga,0.0072,low,long gap since last farm visit; low input redemption rate,False
F100343,Vihiga,0.7757,high,long gap since last farm visit; long distance to nearest agrodealer,True
F100344,Siaya,0.0204,low,weak repayment among peer group; low training attendance,True
F100345,Bungoma,0.0002,low,long gap since last farm visit; region Trans Nzoia,False
F100346,Siaya,0.0104,low,low training attendance; age,False
F100347,Siaya,0.0008,low,relatively large loan amount; low input redemption rate,False
F100348,Bungoma,0.9826,high,long gap since last farm visit; weak repayment among peer group,False
F100349,Kakamega,0.0692,low,low training attendance; still early in program tenure,False
F100350,Vihiga,0.0394,low,weak repayment among peer group; long gap since last farm visit,False
F100351,Kakamega,0.9954,high,low training attendance; below-average prior yield,False
F100352,Bungoma,0.0042,low,low input redemption rate; below-average prior yield,False
F100353,Busia,0.0,low,long distance to nearest agrodealer; gender M,True
F100354,Siaya,0.9106,high,weak repayment among peer group; low input redemption rate,False
F100355,Siaya,0.9453,high,long distance to nearest agrodealer; low input redemption rate,True
F100356,Kakamega,0.0035,low,below-average prior yield; age,False
F100357,Siaya,0.0333,low,no active mobile money usage; low training attendance,True
F100358,Kakamega,0.0006,low,weak repayment among peer group; still early in program tenure,False
F100359,Trans Nzoia,0.0069,low,weak repayment among peer group; long distance to nearest agrodealer,False
F100360,Siaya,0.0002,low,long gap since last farm visit; region Siaya,True
F100361,Siaya,0.9495,high,long gap since last farm visit; weak repayment among peer group,False
F100362,Bungoma,0.0146,low,no active mobile money usage; relatively large loan amount,True
F100363,Siaya,0.0004,low,relatively large loan amount; region Siaya,False
F100364,Kakamega,0.0249,low,long gap since last farm visit; long distance to nearest agrodealer,False
F100365,Vihiga,0.0082,low,weak repayment among peer group; age,False
F100366,Busia,0.9477,high,weak repayment among peer group; low input redemption rate,False
F100367,Bungoma,0.0012,low,below-average prior yield; still early in program tenure,False
F100368,Kakamega,0.0095,low,low input redemption rate; relatively large loan amount,False
F100369,Trans Nzoia,0.0026,low,low input redemption rate; relatively large loan amount,False
F100370,Busia,0.9991,high,low input redemption rate; below-average prior yield,False
F100371,Vihiga,0.0004,low,below-average prior yield; age,False
F100372,Busia,0.0002,low,relatively large loan amount; below-average prior yield,False
F100373,Busia,0.9019,high,low input redemption rate; low training attendance,False
F100374,Siaya,0.0009,low,low training attendance; below-average prior yield,False
F100375,Kakamega,0.8993,high,low training attendance; long gap since last farm visit,False
F100376,Trans Nzoia,0.0198,low,low input redemption rate; no active mobile money usage,False
F100377,Trans Nzoia,0.0004,low,no active mobile money usage; long distance to nearest agrodealer,False
F100378,Busia,0.9974,high,low training attendance; low input redemption rate,False
F100379,Bungoma,1e-04,low,low training attendance; region Trans Nzoia,True
F100380,Kakamega,0.0204,low,weak repayment among peer group; below-average prior yield,False
F100381,Siaya,0.9946,high,long distance to nearest agrodealer; low training attendance,False
F100382,Siaya,0.0052,low,long distance to nearest agrodealer; low training attendance,False
F100383,Bungoma,0.9781,high,no active mobile money usage; low input redemption rate,False
F100384,Kakamega,0.0018,low,still early in program tenure; age,False
F100385,Kakamega,0.0202,low,still early in program tenure; low input redemption rate,True
F100386,Kakamega,0.0015,low,low input redemption rate; low training attendance,False
F100387,Trans Nzoia,0.0246,low,long gap since last farm visit; weak repayment among peer group,False
F100388,Siaya,0.0004,low,relatively large loan amount; farm size,False
F100389,Kakamega,0.0004,low,low training attendance; region Trans Nzoia,False
F100390,Trans Nzoia,0.0218,low,no active mobile money usage; long gap since last farm visit,False
F100391,Bungoma,0.0002,low,region Trans Nzoia; region Busia,False
F100392,Busia,0.0006,low,below-average prior yield; gender M,False
F100393,Vihiga,0.0104,low,below-average prior yield; age,False
F100394,Trans Nzoia,0.3469,medium,low input redemption rate; low training attendance,True
F100395,Siaya,0.0021,low,below-average prior yield; still early in program tenure,False
F100396,Kakamega,0.0027,low,low input redemption rate; farm size,False
F100397,Bungoma,0.0182,low,low input redemption rate; below-average prior yield,False
F100398,Bungoma,0.0029,low,low training attendance; below-average prior yield,False
F100399,Bungoma,0.0003,low,weak repayment among peer group; still early in program tenure,False
F100400,Siaya,0.0173,low,below-average prior yield; weak repayment among peer group,False
F100401,Trans Nzoia,0.9785,high,below-average prior yield; low training attendance,False
F100402,Bungoma,0.0937,low,weak repayment among peer group; still early in program tenure,False
F100403,Siaya,0.3779,medium,long gap since last farm visit; weak repayment among peer group,True
F100404,Busia,0.9999,high,low training attendance; long distance to nearest agrodealer,False
F100405,Vihiga,0.0012,low,long gap since last farm visit; relatively large loan amount,False
F100406,Busia,0.007,low,no active mobile money usage; relatively large loan amount,False
F100407,Kakamega,1e-04,low,relatively large loan amount; farm size,False
F100408,Siaya,0.9915,high,long gap since last farm visit; low input redemption rate,False
F100409,Kakamega,0.0004,low,region Kakamega; still early in program tenure,False
F100410,Bungoma,0.9422,high,low input redemption rate; weak repayment among peer group,False
F100411,Bungoma,0.9137,high,weak repayment among peer group; long gap since last farm visit,False
F100412,Bungoma,1.0,high,long gap since last farm visit; low training attendance,False
F100413,Kakamega,0.0026,low,below-average prior yield; relatively large loan amount,False
F100414,Kakamega,0.0002,low,long distance to nearest agrodealer; farm size,False
F100415,Trans Nzoia,0.0007,low,low training attendance; still early in program tenure,False
F100416,Siaya,0.0022,low,low training attendance; no active mobile money usage,False
F100417,Kakamega,0.0278,low,no active mobile money usage; weak repayment among peer group,False
F100418,Bungoma,0.0018,low,long gap since last farm visit; still early in program tenure,False
F100419,Vihiga,0.0006,low,below-average prior yield; low training attendance,False
F100420,Siaya,0.011,low,long gap since last farm visit; low training attendance,False
F100421,Trans Nzoia,0.948,high,no active mobile money usage; low training attendance,False
F100422,Trans Nzoia,0.0012,low,still early in program tenure; relatively large loan amount,False
F100423,Vihiga,0.0002,low,below-average prior yield; relatively large loan amount,False
F100424,Busia,0.9429,high,long gap since last farm visit; long distance to nearest agrodealer,False
F100425,Bungoma,0.0023,low,below-average prior yield; low training attendance,False
F100426,Siaya,0.9995,high,weak repayment among peer group; low training attendance,False
F100427,Trans Nzoia,0.0595,low,low training attendance; long distance to nearest agrodealer,True
F100428,Kakamega,0.0739,low,long distance to nearest agrodealer; below-average prior yield,False
F100429,Trans Nzoia,0.9811,high,weak repayment among peer group; below-average prior yield,False
F100430,Kakamega,0.991,high,long gap since last farm visit; no active mobile money usage,False
F100431,Trans Nzoia,0.0172,low,low training attendance; long distance to nearest agrodealer,False
F100432,Trans Nzoia,0.9985,high,weak repayment among peer group; low input redemption rate,False
F100433,Kakamega,0.0002,low,no active mobile money usage; region Kakamega,False
F100434,Busia,0.0157,low,long distance to nearest agrodealer; still early in program tenure,False
F100435,Kakamega,0.0003,low,low input redemption rate; region Kakamega,False
F100436,Vihiga,0.0239,low,long gap since last farm visit; still early in program tenure,False
F100437,Siaya,0.0007,low,long distance to nearest agrodealer; region Siaya,False
F100438,Kakamega,0.0034,low,low training attendance; farm size,False
F100439,Busia,0.005,low,long gap since last farm visit; relatively large loan amount,False
F100440,Siaya,0.0003,low,low training attendance; below-average prior yield,False
F100441,Bungoma,0.0004,low,no active mobile money usage; below-average prior yield,False
F100442,Kakamega,0.0012,low,long gap since last farm visit; age,False
F100443,Busia,0.2869,low,low input redemption rate; long distance to nearest agrodealer,True
F100444,Vihiga,1.0,high,long gap since last farm visit; low input redemption rate,False
F100445,Vihiga,0.0633,low,long gap since last farm visit; weak repayment among peer group,False
F100446,Bungoma,0.0033,low,no active mobile money usage; still early in program tenure,False
F100447,Siaya,0.0976,low,low input redemption rate; relatively large loan amount,False
F100448,Vihiga,0.0004,low,still early in program tenure; region Trans Nzoia,False
F100449,Bungoma,0.8198,high,below-average prior yield; low training attendance,True
F100450,Siaya,0.998,high,weak repayment among peer group; long gap since last farm visit,False
F100451,Siaya,0.0036,low,still early in program tenure; relatively large loan amount,True
F100452,Busia,0.0021,low,age; low input redemption rate,False
F100453,Kakamega,0.0004,low,long distance to nearest agrodealer; weak repayment among peer group,True
F100454,Vihiga,0.9725,high,below-average prior yield; low training attendance,False
F100455,Vihiga,0.0266,low,long distance to nearest agrodealer; no active mobile money usage,False
F100456,Kakamega,0.0037,low,still early in program tenure; farm size,False
F100457,Vihiga,0.0023,low,low training attendance; weak repayment among peer group,False
F100458,Siaya,0.9217,high,low input redemption rate; long gap since last farm visit,False
F100459,Kakamega,0.0002,low,low training attendance; region Trans Nzoia,False
F100460,Trans Nzoia,0.0138,low,weak repayment among peer group; low training attendance,False
F100461,Kakamega,0.0009,low,low training attendance; still early in program tenure,False
F100462,Trans Nzoia,0.9982,high,low training attendance; weak repayment among peer group,False
F100463,Busia,0.0017,low,low training attendance; still early in program tenure,False
F100464,Kakamega,0.457,medium,low training attendance; long gap since last farm visit,True
F100465,Siaya,0.0011,low,no active mobile money usage; age,False
F100466,Kakamega,0.0031,low,below-average prior yield; age,False
F100467,Vihiga,0.0296,low,low training attendance; low input redemption rate,False
F100468,Bungoma,0.0379,low,long distance to nearest agrodealer; relatively large loan amount,False
F100469,Siaya,0.0015,low,below-average prior yield; long distance to nearest agrodealer,False
F100470,Trans Nzoia,0.0013,low,no active mobile money usage; still early in program tenure,False
F100471,Trans Nzoia,0.0018,low,still early in program tenure; below-average prior yield,False
F100472,Busia,0.0008,low,weak repayment among peer group; below-average prior yield,False
F100473,Busia,0.0116,low,no active mobile money usage; farm size,False
F100474,Vihiga,0.0006,low,below-average prior yield; age,False
F100475,Trans Nzoia,0.0143,low,below-average prior yield; low input redemption rate,False
F100476,Siaya,0.0081,low,weak repayment among peer group; below-average prior yield,True
F100477,Kakamega,0.9998,high,low training attendance; low input redemption rate,False
F100478,Vihiga,0.9957,high,long gap since last farm visit; no active mobile money usage,False
F100479,Kakamega,0.999,high,long gap since last farm visit; weak repayment among peer group,False
F100480,Bungoma,0.0346,low,low training attendance; low input redemption rate,True
F100481,Trans Nzoia,0.0013,low,still early in program tenure; relatively large loan amount,False
F100482,Bungoma,0.9849,high,low input redemption rate; long gap since last farm visit,True
F100483,Trans Nzoia,0.9708,high,low input redemption rate; long gap since last farm visit,False
F100484,Busia,0.9973,high,long gap since last farm visit; no active mobile money usage,False
F100485,Bungoma,0.0122,low,no active mobile money usage; relatively large loan amount,True
F100486,Busia,0.0347,low,below-average prior yield; weak repayment among peer group,False
F100487,Vihiga,0.0005,low,below-average prior yield; age,False
F100488,Trans Nzoia,0.0035,low,below-average prior yield; no active mobile money usage,False
F100489,Vihiga,0.0024,low,farm size; relatively large loan amount,False
F100490,Siaya,0.5655,medium,long gap since last farm visit; low input redemption rate,True
F100491,Siaya,0.9208,high,low input redemption rate; low training attendance,False
F100492,Trans Nzoia,0.0004,low,region Kakamega; region Vihiga,False
F100493,Vihiga,0.0971,low,long gap since last farm visit; long distance to nearest agrodealer,False
F100494,Bungoma,0.0,low,region Trans Nzoia; region Vihiga,False
F100495,Busia,0.9372,high,long distance to nearest agrodealer; low input redemption rate,False
F100496,Kakamega,0.9739,high,low input redemption rate; long gap since last farm visit,False
F100497,Busia,0.0004,low,relatively large loan amount; gender M,False
F100498,Siaya,0.0678,low,low training attendance; still early in program tenure,False
F100499,Busia,0.9953,high,long gap since last farm visit; low training attendance,False
F100500,Kakamega,0.0012,low,region Trans Nzoia; region Busia,True
F100501,Vihiga,0.0008,low,age; low input redemption rate,False
F100502,Siaya,0.903,high,long gap since last farm visit; no active mobile money usage,True
F100503,Siaya,0.0064,low,low training attendance; still early in program tenure,False
F100504,Bungoma,0.1895,low,low training attendance; long gap since last farm visit,True
F100505,Busia,0.0002,low,relatively large loan amount; gender M,True
F100506,Vihiga,0.0289,low,long gap since last farm visit; relatively large loan amount,False
F100507,Bungoma,0.9968,high,long gap since last farm visit; low training attendance,False
F100508,Bungoma,0.0002,low,still early in program tenure; below-average prior yield,False
F100509,Bungoma,0.0002,low,no active mobile money usage; farm size,False
F100510,Siaya,0.0318,low,weak repayment among peer group; below-average prior yield,False
F100511,Trans Nzoia,0.9595,high,long distance to nearest agrodealer; no active mobile money usage,False
F100512,Siaya,0.0131,low,low training attendance; no active mobile money usage,True
F100513,Trans Nzoia,0.9915,high,weak repayment among peer group; low input redemption rate,False
F100514,Siaya,0.0054,low,low input redemption rate; age,True
F100515,Kakamega,0.9999,high,long gap since last farm visit; low input redemption rate,True
F100516,Siaya,0.949,high,low input redemption rate; long gap since last farm visit,False
F100517,Kakamega,1.0,high,long gap since last farm visit; low input redemption rate,False
F100518,Busia,0.0011,low,below-average prior yield; still early in program tenure,False
F100519,Vihiga,0.0429,low,long gap since last farm visit; low training attendance,False
F100520,Busia,0.0003,low,below-average prior yield; gender M,False
F100521,Kakamega,0.0206,low,weak repayment among peer group; below-average prior yield,False
F100522,Bungoma,0.0048,low,still early in program tenure; below-average prior yield,True
F100523,Trans Nzoia,0.5131,medium,still early in program tenure; weak repayment among peer group,False
F100524,Bungoma,0.0008,low,relatively large loan amount; region Trans Nzoia,False
F100525,Bungoma,0.9998,high,long gap since last farm visit; weak repayment among peer group,False
F100526,Siaya,0.0038,low,long distance to nearest agrodealer; low training attendance,False
F100527,Kakamega,0.0118,low,weak repayment among peer group; relatively large loan amount,False
F100528,Siaya,1e-04,low,low training attendance; region Siaya,True
F100529,Siaya,0.8325,high,long gap since last farm visit; low input redemption rate,True
F100530,Vihiga,0.0005,low,relatively large loan amount; region Trans Nzoia,False
F100531,Kakamega,0.5768,medium,low input redemption rate; long gap since last farm visit,True
F100532,Kakamega,0.0778,low,low training attendance; weak repayment among peer group,True
F100533,Bungoma,0.0018,low,long distance to nearest agrodealer; weak repayment among peer group,False
F100534,Vihiga,0.9996,high,long gap since last farm visit; below-average prior yield,False
F100535,Kakamega,0.9572,high,low input redemption rate; below-average prior yield,True
F100536,Busia,0.6537,high,low input redemption rate; below-average prior yield,True
F100537,Kakamega,0.0019,low,weak repayment among peer group; below-average prior yield,False
F100538,Vihiga,1e-04,low,low input redemption rate; age,True
F100539,Kakamega,0.0032,low,below-average prior yield; long gap since last farm visit,True
F100540,Trans Nzoia,0.0045,low,age; long gap since last farm visit,True
F100541,Kakamega,0.0004,low,low training attendance; long distance to nearest agrodealer,False
F100542,Bungoma,0.1885,low,weak repayment among peer group; below-average prior yield,True
F100543,Bungoma,0.0481,low,below-average prior yield; no active mobile money usage,True
F100544,Trans Nzoia,0.0165,low,no active mobile money usage; below-average prior yield,False
F100545,Kakamega,0.9548,high,weak repayment among peer group; long gap since last farm visit,False
F100546,Busia,0.0592,low,no active mobile money usage; low training attendance,False
F100547,Vihiga,0.8317,high,farm size; low training attendance,False
F100548,Vihiga,0.8868,high,long gap since last farm visit; low training attendance,False
F100549,Trans Nzoia,0.0036,low,low training attendance; farm size,True
F100550,Trans Nzoia,1e-04,low,weak repayment among peer group; region Vihiga,True
F100551,Busia,0.0151,low,below-average prior yield; low training attendance,False
F100552,Trans Nzoia,1e-04,low,gender M; region Kakamega,False
F100553,Bungoma,0.0003,low,farm size; region Busia,False
F100554,Siaya,0.0002,low,long distance to nearest agrodealer; farm size,False
F100555,Vihiga,0.0009,low,relatively large loan amount; farm size,False
F100556,Trans Nzoia,0.9088,high,long gap since last farm visit; long distance to nearest agrodealer,False
F100557,Siaya,0.9997,high,no active mobile money usage; long gap since last farm visit,False
F100558,Trans Nzoia,0.0004,low,low training attendance; weak repayment among peer group,False
F100559,Siaya,0.0016,low,long gap since last farm visit; still early in program tenure,False
F100560,Vihiga,0.0489,low,weak repayment among peer group; long gap since last farm visit,True
F100561,Kakamega,0.018,low,long gap since last farm visit; relatively large loan amount,False
F100562,Busia,0.003,low,still early in program tenure; long gap since last farm visit,False
F100563,Bungoma,0.9999,high,long gap since last farm visit; low input redemption rate,False
F100564,Siaya,0.9415,high,low input redemption rate; long gap since last farm visit,False
F100565,Bungoma,0.0002,low,below-average prior yield; gender M,False
F100566,Bungoma,0.0011,low,still early in program tenure; long gap since last farm visit,False
F100567,Bungoma,0.0022,low,below-average prior yield; long distance to nearest agrodealer,True
F100568,Vihiga,0.9695,high,long distance to nearest agrodealer; no active mobile money usage,False
F100569,Vihiga,0.0008,low,weak repayment among peer group; still early in program tenure,True
F100570,Siaya,0.0019,low,weak repayment among peer group; long distance to nearest agrodealer,False
F100571,Busia,0.0476,low,low input redemption rate; long gap since last farm visit,False
F100572,Bungoma,0.654,high,age; low training attendance,False
F100573,Kakamega,0.0002,low,weak repayment among peer group; low input redemption rate,False
F100574,Kakamega,0.9269,high,long gap since last farm visit; no active mobile money usage,False
F100575,Busia,0.0079,low,long gap since last farm visit; low training attendance,False
F100576,Siaya,0.0006,low,still early in program tenure; low input redemption rate,False
F100577,Vihiga,0.0023,low,relatively large loan amount; region Trans Nzoia,False
F100578,Siaya,0.6288,high,below-average prior yield; no active mobile money usage,True
F100579,Kakamega,0.0395,low,long gap since last farm visit; weak repayment among peer group,False
F100580,Kakamega,0.0152,low,weak repayment among peer group; long gap since last farm visit,False
F100581,Siaya,0.0016,low,farm size; region Siaya,False
F100582,Kakamega,0.072,low,long gap since last farm visit; age,False
F100583,Kakamega,0.9013,high,no active mobile money usage; long gap since last farm visit,False
F100584,Busia,0.0007,low,low input redemption rate; still early in program tenure,False
F100585,Siaya,0.0801,low,low input redemption rate; relatively large loan amount,False
F100586,Trans Nzoia,0.0028,low,long gap since last farm visit; age,False
F100587,Kakamega,0.0106,low,low training attendance; still early in program tenure,False
F100588,Siaya,0.0046,low,no active mobile money usage; weak repayment among peer group,False
F100589,Siaya,0.168,low,long gap since last farm visit; low input redemption rate,True
F100590,Trans Nzoia,0.0023,low,below-average prior yield; relatively large loan amount,False
F100591,Siaya,0.0242,low,no active mobile money usage; low training attendance,False
F100592,Bungoma,0.0447,low,long distance to nearest agrodealer; long gap since last farm visit,True
F100593,Siaya,0.9999,high,long gap since last farm visit; low training attendance,True
F100594,Bungoma,0.0178,low,low input redemption rate; still early in program tenure,False
F100595,Trans Nzoia,0.9732,high,low training attendance; weak repayment among peer group,False
F100596,Vihiga,0.0002,low,age; gender M,False
F100597,Trans Nzoia,0.069,low,long gap since last farm visit; low input redemption rate,False
F100598,Vihiga,0.9962,high,long gap since last farm visit; long distance to nearest agrodealer,False
F100599,Vihiga,0.0004,low,farm size; age,False
F100600,Vihiga,0.896,high,long gap since last farm visit; weak repayment among peer group,False
F100601,Trans Nzoia,0.0,low,relatively large loan amount; region Busia,False
F100602,Trans Nzoia,0.0025,low,still early in program tenure; age,False
F100603,Kakamega,0.0005,low,relatively large loan amount; region Trans Nzoia,False
F100604,Trans Nzoia,0.57,medium,age; low input redemption rate,False
F100605,Vihiga,0.858,high,below-average prior yield; weak repayment among peer group,False
F100606,Bungoma,0.0039,low,long gap since last farm visit; relatively large loan amount,False
F100607,Vihiga,0.0002,low,no active mobile money usage; region Trans Nzoia,True
F100608,Siaya,0.0393,low,long gap since last farm visit; below-average prior yield,False
F100609,Siaya,1.0,high,long gap since last farm visit; low training attendance,True
F100610,Siaya,0.0047,low,no active mobile money usage; below-average prior yield,True
F100611,Busia,0.9983,high,long gap since last farm visit; below-average prior yield,False
F100612,Trans Nzoia,0.9965,high,low input redemption rate; long gap since last farm visit,False
F100613,Busia,0.0048,low,no active mobile money usage; low training attendance,False
F100614,Trans Nzoia,0.0034,low,below-average prior yield; low training attendance,False
F100615,Vihiga,0.1401,low,weak repayment among peer group; long gap since last farm visit,False
F100616,Bungoma,0.6797,high,no active mobile money usage; relatively large loan amount,False
F100617,Bungoma,0.001,low,no active mobile money usage; long distance to nearest agrodealer,True
F100618,Kakamega,0.0268,low,no active mobile money usage; still early in program tenure,False
F100619,Kakamega,0.0,low,region Trans Nzoia; gender M,False
F100620,Busia,0.9996,high,long gap since last farm visit; weak repayment among peer group,False
F100621,Busia,1e-04,low,weak repayment among peer group; region Trans Nzoia,True
F100622,Kakamega,0.0057,low,low input redemption rate; no active mobile money usage,False
F100623,Busia,0.985,high,long gap since last farm visit; weak repayment among peer group,False
F100624,Vihiga,1e-04,low,long gap since last farm visit; relatively large loan amount,False
F100625,Bungoma,0.9691,high,low training attendance; long gap since last farm visit,False
F100626,Busia,0.9921,high,long gap since last farm visit; below-average prior yield,False
F100627,Busia,0.0018,low,long distance to nearest agrodealer; still early in program tenure,False
F100628,Vihiga,0.9928,high,long gap since last farm visit; no active mobile money usage,False
F100629,Busia,0.0507,low,low training attendance; long distance to nearest agrodealer,True
F100630,Trans Nzoia,0.0003,low,gender M; region Vihiga,False
F100631,Bungoma,0.9718,high,low input redemption rate; no active mobile money usage,False
F100632,Busia,1.0,high,long gap since last farm visit; below-average prior yield,False
F100633,Busia,0.0035,low,below-average prior yield; low training attendance,False
F100634,Bungoma,0.0004,low,still early in program tenure; relatively large loan amount,False
F100635,Trans Nzoia,1e-04,low,relatively large loan amount; gender M,False
F100636,Bungoma,0.0003,low,age; region Trans Nzoia,False
F100637,Bungoma,0.0057,low,long gap since last farm visit; low training attendance,False
F100638,Trans Nzoia,1e-04,low,below-average prior yield; long gap since last farm visit,True
F100639,Siaya,1.0,high,long gap since last farm visit; below-average prior yield,True
F100640,Trans Nzoia,0.0009,low,weak repayment among peer group; age,False
F100641,Siaya,0.0029,low,low training attendance; still early in program tenure,False
F100642,Siaya,0.9977,high,low input redemption rate; low training attendance,True
F100643,Busia,0.7317,high,low input redemption rate; long gap since last farm visit,True
F100644,Trans Nzoia,0.0044,low,weak repayment among peer group; below-average prior yield,True
F100645,Bungoma,0.0019,low,still early in program tenure; age,False
F100646,Busia,1e-04,low,long distance to nearest agrodealer; region Trans Nzoia,False
F100647,Vihiga,0.0452,low,no active mobile money usage; below-average prior yield,False
F100648,Siaya,0.0038,low,long gap since last farm visit; long distance to nearest agrodealer,True
F100649,Siaya,0.0259,low,long gap since last farm visit; below-average prior yield,True
F100650,Busia,0.9577,high,low training attendance; low input redemption rate,False
F100651,Vihiga,0.9736,high,weak repayment among peer group; long distance to nearest agrodealer,False
F100652,Bungoma,0.9613,high,long gap since last farm visit; low input redemption rate,False
F100653,Trans Nzoia,0.0109,low,no active mobile money usage; age,False
F100654,Vihiga,0.0048,low,still early in program tenure; weak repayment among peer group,False
F100655,Vihiga,0.0004,low,low training attendance; region Trans Nzoia,False
F100656,Trans Nzoia,0.921,high,long distance to nearest agrodealer; low input redemption rate,False
F100657,Vihiga,0.0254,low,low training attendance; long gap since last farm visit,False
F100658,Kakamega,0.005,low,no active mobile money usage; long distance to nearest agrodealer,False
F100659,Bungoma,0.9105,high,low input redemption rate; weak repayment among peer group,True
F100660,Bungoma,0.0153,low,long distance to nearest agrodealer; relatively large loan amount,False
F100661,Trans Nzoia,0.0015,low,low training attendance; relatively large loan amount,False
F100662,Kakamega,0.014,low,low training attendance; low input redemption rate,False
F100663,Bungoma,0.0043,low,long distance to nearest agrodealer; age,False
F100664,Vihiga,0.0014,low,below-average prior yield; low training attendance,False
F100665,Trans Nzoia,0.954,high,no active mobile money usage; below-average prior yield,False
F100666,Vihiga,0.0485,low,long gap since last farm visit; low training attendance,False
F100667,Siaya,0.0004,low,low training attendance; region Trans Nzoia,True
F100668,Siaya,0.3049,medium,long gap since last farm visit; below-average prior yield,True
F100669,Kakamega,0.0007,low,low input redemption rate; still early in program tenure,False
F100670,Siaya,0.0256,low,low training attendance; age,False
F100671,Vihiga,0.0671,low,long gap since last farm visit; low input redemption rate,False
F100672,Vihiga,0.9785,high,low input redemption rate; long gap since last farm visit,False
F100673,Kakamega,0.0017,low,low training attendance; long distance to nearest agrodealer,True
F100674,Vihiga,0.0003,low,low training attendance; relatively large loan amount,False
F100675,Trans Nzoia,0.975,high,low input redemption rate; low training attendance,False
F100676,Vihiga,0.0102,low,weak repayment among peer group; still early in program tenure,False
F100677,Kakamega,0.0774,low,low training attendance; long gap since last farm visit,False
F100678,Vihiga,0.0091,low,low input redemption rate; below-average prior yield,True
F100679,Siaya,0.0695,low,long gap since last farm visit; low training attendance,False
F100680,Trans Nzoia,0.4527,medium,long gap since last farm visit; no active mobile money usage,False
F100681,Kakamega,0.0017,low,no active mobile money usage; still early in program tenure,True
F100682,Siaya,0.9996,high,long gap since last farm visit; low input redemption rate,True
F100683,Siaya,0.7488,high,long distance to nearest agrodealer; low training attendance,False
F100684,Bungoma,0.0325,low,below-average prior yield; low input redemption rate,False
F100685,Trans Nzoia,0.007,low,low training attendance; no active mobile money usage,False
F100686,Busia,0.0063,low,weak repayment among peer group; region Trans Nzoia,True
F100687,Vihiga,0.0018,low,below-average prior yield; still early in program tenure,False
F100688,Busia,0.0003,low,weak repayment among peer group; farm size,True
F100689,Trans Nzoia,0.0677,low,weak repayment among peer group; below-average prior yield,False
F100690,Siaya,0.073,low,low training attendance; still early in program tenure,False
F100691,Trans Nzoia,0.0191,low,no active mobile money usage; low training attendance,False
F100692,Siaya,0.0014,low,no active mobile money usage; still early in program tenure,False
F100693,Siaya,0.0405,low,no active mobile money usage; low input redemption rate,False
F100694,Kakamega,0.0116,low,long distance to nearest agrodealer; long gap since last farm visit,True
F100695,Bungoma,0.004,low,relatively large loan amount; still early in program tenure,False
F100696,Trans Nzoia,0.9998,high,long gap since last farm visit; low input redemption rate,False
F100697,Vihiga,0.027,low,weak repayment among peer group; still early in program tenure,True
F100698,Kakamega,0.0166,low,no active mobile money usage; still early in program tenure,False
F100699,Kakamega,0.0009,low,still early in program tenure; farm size,False
F100700,Vihiga,0.0072,low,low training attendance; relatively large loan amount,True
F100701,Vihiga,0.0044,low,long gap since last farm visit; below-average prior yield,False
F100702,Bungoma,0.005,low,below-average prior yield; low training attendance,True
F100703,Bungoma,0.9992,high,low training attendance; weak repayment among peer group,False
F100704,Kakamega,0.0013,low,region Vihiga; region Busia,False
F100705,Vihiga,0.0002,low,farm size; gender M,False
F100706,Kakamega,0.0003,low,below-average prior yield; relatively large loan amount,False
F100707,Vihiga,0.0562,low,long gap since last farm visit; weak repayment among peer group,False
F100708,Busia,0.9999,high,long gap since last farm visit; long distance to nearest agrodealer,False
F100709,Busia,0.0013,low,no active mobile money usage; relatively large loan amount,False
F100710,Trans Nzoia,0.9722,high,low input redemption rate; weak repayment among peer group,False
F100711,Vihiga,0.0798,low,no active mobile money usage; relatively large loan amount,False
F100712,Trans Nzoia,0.9214,high,low input redemption rate; low training attendance,False
F100713,Trans Nzoia,0.0007,low,low input redemption rate; relatively large loan amount,True
F100714,Siaya,0.9995,high,long gap since last farm visit; low training attendance,True
F100715,Trans Nzoia,0.0019,low,low input redemption rate; still early in program tenure,False
F100716,Vihiga,0.0017,low,farm size; age,False
F100717,Busia,0.0003,low,low training attendance; relatively large loan amount,False
F100718,Bungoma,0.4551,medium,long gap since last farm visit; still early in program tenure,True
F100719,Vihiga,0.0242,low,low input redemption rate; weak repayment among peer group,False
F100720,Kakamega,0.0052,low,no active mobile money usage; weak repayment among peer group,False
F100721,Siaya,0.0596,low,long gap since last farm visit; low input redemption rate,False
F100722,Siaya,0.0104,low,long distance to nearest agrodealer; low training attendance,False
F100723,Kakamega,0.0045,low,long gap since last farm visit; relatively large loan amount,False
F100724,Trans Nzoia,0.0027,low,below-average prior yield; long distance to nearest agrodealer,False
F100725,Kakamega,0.0003,low,low training attendance; region Trans Nzoia,False
F100726,Trans Nzoia,0.0063,low,below-average prior yield; weak repayment among peer group,False
F100727,Kakamega,0.0083,low,long distance to nearest agrodealer; below-average prior yield,False
F100728,Busia,0.0017,low,weak repayment among peer group; age,True
F100729,Vihiga,0.9976,high,long gap since last farm visit; low input redemption rate,False
F100730,Trans Nzoia,0.0034,low,age; relatively large loan amount,False
F100731,Busia,0.1644,low,weak repayment among peer group; below-average prior yield,True
F100732,Siaya,0.9779,high,long gap since last farm visit; weak repayment among peer group,False
F100733,Trans Nzoia,0.0015,low,still early in program tenure; below-average prior yield,True
F100734,Bungoma,0.0033,low,below-average prior yield; low training attendance,True
F100735,Trans Nzoia,0.0023,low,long distance to nearest agrodealer; low training attendance,False
F100736,Trans Nzoia,0.0008,low,farm size; weak repayment among peer group,False
F100737,Busia,0.0,low,farm size; relatively large loan amount,False
F100738,Trans Nzoia,1.0,high,long gap since last farm visit; weak repayment among peer group,True
F100739,Siaya,0.9685,high,long gap since last farm visit; low training attendance,False
F100740,Trans Nzoia,0.0058,low,long gap since last farm visit; below-average prior yield,False
F100741,Trans Nzoia,0.0005,low,low input redemption rate; age,True
F100742,Vihiga,0.0011,low,low input redemption rate; relatively large loan amount,False
F100743,Bungoma,0.0477,low,long gap since last farm visit; no active mobile money usage,False
F100744,Trans Nzoia,0.0008,low,long gap since last farm visit; still early in program tenure,False
F100745,Busia,0.0047,low,low training attendance; still early in program tenure,True
F100746,Vihiga,0.001,low,low training attendance; farm size,False
F100747,Bungoma,1e-04,low,no active mobile money usage; farm size,False
F100748,Bungoma,0.0064,low,farm size; age,False
F100749,Kakamega,0.9288,high,low input redemption rate; no active mobile money usage,False
F100750,Siaya,0.001,low,weak repayment among peer group; below-average prior yield,False
F100751,Kakamega,0.0006,low,long gap since last farm visit; region Trans Nzoia,False
F100752,Kakamega,0.001,low,below-average prior yield; weak repayment among peer group,False
F100753,Siaya,0.0036,low,low input redemption rate; relatively large loan amount,False
F100754,Vihiga,0.025,low,weak repayment among peer group; still early in program tenure,False
F100755,Busia,0.0013,low,age; weak repayment among peer group,True
F100756,Trans Nzoia,0.0218,low,long distance to nearest agrodealer; low input redemption rate,False
F100757,Busia,0.996,high,long gap since last farm visit; no active mobile money usage,False
F100758,Kakamega,0.0016,low,below-average prior yield; age,False
F100759,Trans Nzoia,0.0003,low,weak repayment among peer group; relatively large loan amount,True
F100760,Bungoma,0.0068,low,no active mobile money usage; weak repayment among peer group,True
F100761,Vihiga,0.0011,low,no active mobile money usage; low training attendance,False
F100762,Siaya,0.0315,low,long gap since last farm visit; long distance to nearest agrodealer,False
F100763,Siaya,0.0293,low,weak repayment among peer group; relatively large loan amount,False
F100764,Busia,0.0002,low,no active mobile money usage; long distance to nearest agrodealer,False
F100765,Trans Nzoia,0.9932,high,low input redemption rate; low training attendance,False
F100766,Vihiga,0.041,low,long gap since last farm visit; farm size,False
F100767,Busia,0.0016,low,low input redemption rate; relatively large loan amount,True
F100768,Kakamega,0.0004,low,weak repayment among peer group; region Trans Nzoia,False
F100769,Busia,0.0004,low,low input redemption rate; weak repayment among peer group,False
F100770,Vihiga,0.001,low,still early in program tenure; region Trans Nzoia,False
F100771,Siaya,0.9831,high,long gap since last farm visit; low input redemption rate,False
F100772,Kakamega,0.0013,low,still early in program tenure; region Kakamega,False
F100773,Trans Nzoia,0.006,low,below-average prior yield; relatively large loan amount,True
F100774,Siaya,1e-04,low,no active mobile money usage; region Siaya,False
F100775,Siaya,0.0302,low,weak repayment among peer group; low input redemption rate,False
F100776,Busia,0.0004,low,relatively large loan amount; age,True
F100777,Kakamega,0.9087,high,weak repayment among peer group; long distance to nearest agrodealer,False
F100778,Bungoma,0.0506,low,long gap since last farm visit; low input redemption rate,False
F100779,Siaya,0.0016,low,no active mobile money usage; relatively large loan amount,False
F100780,Siaya,0.0395,low,still early in program tenure; below-average prior yield,True
F100781,Vihiga,0.0051,low,below-average prior yield; low training attendance,False
F100782,Kakamega,0.0218,low,long gap since last farm visit; weak repayment among peer group,False
F100783,Kakamega,0.0135,low,long distance to nearest agrodealer; relatively large loan amount,False
F100784,Busia,0.0045,low,low training attendance; age,False
F100785,Vihiga,0.0017,low,below-average prior yield; weak repayment among peer group,False
F100786,Kakamega,0.9429,high,weak repayment among peer group; no active mobile money usage,True
F100787,Trans Nzoia,0.4767,medium,long gap since last farm visit; weak repayment among peer group,True
F100788,Vihiga,0.0166,low,low input redemption rate; relatively large loan amount,False
F100789,Kakamega,0.9217,high,no active mobile money usage; weak repayment among peer group,False
F100790,Kakamega,0.0003,low,still early in program tenure; weak repayment among peer group,False
F100791,Busia,0.0095,low,below-average prior yield; long distance to nearest agrodealer,False
F100792,Trans Nzoia,0.0006,low,low input redemption rate; region Vihiga,False
F100793,Trans Nzoia,0.1614,low,low training attendance; long distance to nearest agrodealer,True
F100794,Busia,0.011,low,weak repayment among peer group; no active mobile money usage,False
F100795,Bungoma,0.0004,low,long gap since last farm visit; relatively large loan amount,False
F100796,Siaya,0.0004,low,relatively large loan amount; region Siaya,False
F100797,Busia,0.0015,low,long gap since last farm visit; relatively large loan amount,False
F100798,Bungoma,0.9979,high,long gap since last farm visit; low training attendance,False
F100799,Busia,0.9989,high,low input redemption rate; long gap since last farm visit,False
F100800,Kakamega,0.0022,low,age; weak repayment among peer group,True
F100801,Bungoma,0.9744,high,long gap since last farm visit; no active mobile money usage,False
F100802,Vihiga,0.0582,low,no active mobile money usage; low input redemption rate,False
F100803,Siaya,0.0264,low,below-average prior yield; long gap since last farm visit,False
F100804,Trans Nzoia,0.0002,low,weak repayment among peer group; farm size,False
F100805,Trans Nzoia,0.9989,high,long gap since last farm visit; low input redemption rate,True
F100806,Vihiga,0.0005,low,long distance to nearest agrodealer; relatively large loan amount,False
F100807,Kakamega,0.8303,high,no active mobile money usage; weak repayment among peer group,False
F100808,Busia,0.0012,low,weak repayment among peer group; region Trans Nzoia,True
F100809,Siaya,0.0024,low,low training attendance; long distance to nearest agrodealer,False
F100810,Kakamega,0.0002,low,below-average prior yield; farm size,False
F100811,Siaya,0.0669,low,low input redemption rate; below-average prior yield,False
F100812,Trans Nzoia,0.0012,low,low input redemption rate; still early in program tenure,False
F100813,Bungoma,0.0013,low,no active mobile money usage; still early in program tenure,False
F100814,Trans Nzoia,0.3896,medium,long gap since last farm visit; weak repayment among peer group,True
F100815,Siaya,0.001,low,weak repayment among peer group; low input redemption rate,False
F100816,Kakamega,0.9867,high,low training attendance; long gap since last farm visit,False
F100817,Kakamega,0.0091,low,low training attendance; no active mobile money usage,True
F100818,Vihiga,0.0418,low,below-average prior yield; no active mobile money usage,False
F100819,Siaya,1e-04,low,region Siaya; region Trans Nzoia,False
F100820,Kakamega,0.0028,low,low input redemption rate; farm size,False
F100821,Vihiga,0.0028,low,low training attendance; long gap since last farm visit,False
F100822,Kakamega,0.0997,low,low training attendance; long gap since last farm visit,False
F100823,Vihiga,0.0094,low,weak repayment among peer group; below-average prior yield,False
F100824,Vihiga,0.0114,low,below-average prior yield; low training attendance,True
F100825,Kakamega,0.0004,low,below-average prior yield; farm size,False
F100826,Trans Nzoia,0.9312,high,weak repayment among peer group; long gap since last farm visit,False
F100827,Siaya,0.9497,high,long gap since last farm visit; below-average prior yield,False
F100828,Siaya,0.0482,low,low training attendance; low input redemption rate,True
F100829,Kakamega,0.9961,high,weak repayment among peer group; low training attendance,False
F100830,Bungoma,0.0261,low,low input redemption rate; long distance to nearest agrodealer,False
F100831,Bungoma,0.248,low,low input redemption rate; low training attendance,True
F100832,Busia,0.9422,high,long gap since last farm visit; no active mobile money usage,False
F100833,Kakamega,1e-04,low,farm size; region Kakamega,False
F100834,Siaya,1e-04,low,below-average prior yield; relatively large loan amount,False
F100835,Trans Nzoia,0.9068,high,weak repayment among peer group; below-average prior yield,False
F100836,Trans Nzoia,0.9691,high,long gap since last farm visit; weak repayment among peer group,False
F100837,Bungoma,0.9972,high,long gap since last farm visit; weak repayment among peer group,False
F100838,Kakamega,0.9996,high,long gap since last farm visit; weak repayment among peer group,True
F100839,Siaya,0.0009,low,low input redemption rate; still early in program tenure,False
F100840,Bungoma,0.0005,low,long distance to nearest agrodealer; below-average prior yield,False
F100841,Vihiga,0.0507,low,long gap since last farm visit; still early in program tenure,False
F100842,Siaya,0.3742,medium,long distance to nearest agrodealer; still early in program tenure,True
F100843,Kakamega,0.0003,low,relatively large loan amount; region Kakamega,False
F100844,Kakamega,0.9513,high,low input redemption rate; weak repayment among peer group,False
F100845,Kakamega,0.9985,high,weak repayment among peer group; long gap since last farm visit,False
F100846,Kakamega,0.1231,low,long gap since last farm visit; long distance to nearest agrodealer,True
F100847,Kakamega,0.0425,low,below-average prior yield; no active mobile money usage,False
F100848,Trans Nzoia,0.0287,low,low training attendance; still early in program tenure,True
F100849,Vihiga,0.0131,low,below-average prior yield; long distance to nearest agrodealer,False
F100850,Siaya,0.1383,low,low input redemption rate; weak repayment among peer group,False
F100851,Trans Nzoia,0.0017,low,below-average prior yield; relatively large loan amount,False
F100852,Siaya,0.0026,low,low input redemption rate; relatively large loan amount,False
F100853,Bungoma,0.0171,low,low input redemption rate; relatively large loan amount,False
F100854,Bungoma,0.7819,high,long gap since last farm visit; no active mobile money usage,True
F100855,Siaya,0.0519,low,long gap since last farm visit; relatively large loan amount,True
F100856,Bungoma,0.0054,low,no active mobile money usage; below-average prior yield,False
F100857,Kakamega,0.0555,low,weak repayment among peer group; long gap since last farm visit,True
F100858,Trans Nzoia,0.0013,low,relatively large loan amount; weak repayment among peer group,False
F100859,Trans Nzoia,0.0006,low,below-average prior yield; farm size,False
F100860,Siaya,0.0008,low,low input redemption rate; still early in program tenure,False
F100861,Siaya,0.4391,medium,below-average prior yield; long gap since last farm visit,True
F100862,Kakamega,0.0008,low,still early in program tenure; relatively large loan amount,True
F100863,Trans Nzoia,0.0153,low,low input redemption rate; long distance to nearest agrodealer,True
F100864,Siaya,0.0046,low,long gap since last farm visit; relatively large loan amount,False
F100865,Trans Nzoia,0.045,low,low training attendance; long gap since last farm visit,False
F100866,Trans Nzoia,0.0008,low,relatively large loan amount; low training attendance,False
F100867,Siaya,0.0079,low,no active mobile money usage; age,False
F100868,Busia,0.0003,low,weak repayment among peer group; below-average prior yield,True
F100869,Kakamega,0.0135,low,no active mobile money usage; weak repayment among peer group,False
F100870,Busia,0.0003,low,relatively large loan amount; below-average prior yield,True
F100871,Bungoma,0.0018,low,low training attendance; low input redemption rate,False
F100872,Kakamega,0.0197,low,low training attendance; no active mobile money usage,False
F100873,Kakamega,0.0,low,region Kakamega; gender M,False
F100874,Trans Nzoia,0.011,low,low training attendance; relatively large loan amount,True
F100875,Vihiga,0.0212,low,long gap since last farm visit; farm size,False
F100876,Vihiga,0.963,high,long gap since last farm visit; no active mobile money usage,False
F100877,Trans Nzoia,0.0012,low,age; low input redemption rate,False
F100878,Vihiga,0.9958,high,low training attendance; below-average prior yield,False
F100879,Vihiga,0.002,low,long distance to nearest agrodealer; below-average prior yield,False
F100880,Kakamega,0.9881,high,long gap since last farm visit; low training attendance,False
F100881,Siaya,0.0002,low,long gap since last farm visit; long distance to nearest agrodealer,True
F100882,Busia,0.0004,low,long distance to nearest agrodealer; low training attendance,False
F100883,Kakamega,0.0028,low,no active mobile money usage; farm size,True
F100884,Trans Nzoia,0.03,low,no active mobile money usage; long distance to nearest agrodealer,True
F100885,Trans Nzoia,0.0016,low,age; low training attendance,False
F100886,Kakamega,0.0036,low,weak repayment among peer group; age,False
F100887,Bungoma,0.0022,low,no active mobile money usage; age,False
F100888,Kakamega,0.002,low,age; long gap since last farm visit,True
F100889,Bungoma,0.0028,low,long distance to nearest agrodealer; below-average prior yield,False
F100890,Kakamega,0.0005,low,low training attendance; below-average prior yield,False
F100891,Trans Nzoia,0.6977,high,low input redemption rate; long gap since last farm visit,True
F100892,Vihiga,0.0651,low,long gap since last farm visit; relatively large loan amount,True
F100893,Siaya,0.0225,low,long distance to nearest agrodealer; below-average prior yield,False
F100894,Trans Nzoia,0.01,low,weak repayment among peer group; long gap since last farm visit,False
F100895,Vihiga,0.012,low,weak repayment among peer group; no active mobile money usage,False
F100896,Vihiga,0.0004,low,long gap since last farm visit; below-average prior yield,True
F100897,Kakamega,0.986,high,low input redemption rate; no active mobile money usage,False
F100898,Kakamega,0.9986,high,low input redemption rate; long gap since last farm visit,True
F100899,Vihiga,0.0092,low,long distance to nearest agrodealer; below-average prior yield,False
F100900,Kakamega,0.0016,low,low training attendance; below-average prior yield,True
F100901,Kakamega,0.0044,low,low input redemption rate; below-average prior yield,False
F100902,Bungoma,0.9647,high,low training attendance; weak repayment among peer group,False
F100903,Siaya,0.0009,low,still early in program tenure; low training attendance,True
F100904,Busia,0.083,low,long distance to nearest agrodealer; long gap since last farm visit,False
F100905,Trans Nzoia,0.0044,low,below-average prior yield; long gap since last farm visit,False
F100906,Busia,0.0123,low,low input redemption rate; long distance to nearest agrodealer,False
F100907,Bungoma,1e-04,low,long distance to nearest agrodealer; farm size,False
F100908,Busia,0.0004,low,no active mobile money usage; relatively large loan amount,False
F100909,Kakamega,0.0491,low,long gap since last farm visit; weak repayment among peer group,True
F100910,Trans Nzoia,0.0284,low,below-average prior yield; long distance to nearest agrodealer,False
F100911,Bungoma,0.0005,low,still early in program tenure; relatively large loan amount,True
F100912,Busia,0.0459,low,low input redemption rate; relatively large loan amount,True
F100913,Siaya,0.9235,high,long gap since last farm visit; no active mobile money usage,False
F100914,Vihiga,0.0326,low,low training attendance; weak repayment among peer group,False
F100915,Busia,0.0008,low,no active mobile money usage; low training attendance,False
F100916,Vihiga,0.6512,high,low input redemption rate; below-average prior yield,False
F100917,Trans Nzoia,0.0525,low,long gap since last farm visit; long distance to nearest agrodealer,False
F100918,Bungoma,0.0011,low,long gap since last farm visit; gender M,True
F100919,Vihiga,0.0002,low,farm size; region Trans Nzoia,False
F100920,Siaya,0.9955,high,long gap since last farm visit; below-average prior yield,False
F100921,Vihiga,0.0,low,no active mobile money usage; region Trans Nzoia,False
F100922,Busia,0.9357,high,low input redemption rate; low training attendance,True
F100923,Kakamega,0.0006,low,below-average prior yield; relatively large loan amount,False
F100924,Bungoma,1e-04,low,relatively large loan amount; gender M,False
F100925,Siaya,1.0,high,long gap since last farm visit; weak repayment among peer group,True
F100926,Vihiga,0.0275,low,long gap since last farm visit; below-average prior yield,False
F100927,Bungoma,0.9822,high,long gap since last farm visit; low input redemption rate,False
F100928,Busia,0.0004,low,below-average prior yield; still early in program tenure,False
F100929,Vihiga,0.9823,high,low input redemption rate; weak repayment among peer group,False
F100930,Vihiga,0.0002,low,below-average prior yield; gender M,False
F100931,Trans Nzoia,0.0002,low,age; gender M,False
F100932,Bungoma,0.0324,low,below-average prior yield; low training attendance,False
F100933,Vihiga,0.0017,low,region Trans Nzoia; region Kakamega,True
F100934,Busia,0.9589,high,low training attendance; long gap since last farm visit,False
F100935,Siaya,0.0016,low,weak repayment among peer group; relatively large loan amount,True
F100936,Kakamega,0.0009,low,farm size; low input redemption rate,False
F100937,Kakamega,0.0255,low,below-average prior yield; weak repayment among peer group,False
F100938,Busia,0.0046,low,below-average prior yield; age,True
F100939,Vihiga,0.0134,low,no active mobile money usage; weak repayment among peer group,True
F100940,Trans Nzoia,0.0011,low,age; farm size,False
F100941,Busia,0.8743,high,long gap since last farm visit; no active mobile money usage,False
F100942,Siaya,0.9168,high,no active mobile money usage; weak repayment among peer group,False
F100943,Busia,0.0006,low,long distance to nearest agrodealer; long gap since last farm visit,False
F100944,Kakamega,0.0041,low,weak repayment among peer group; below-average prior yield,False
F100945,Kakamega,0.0038,low,low training attendance; relatively large loan amount,False
F100946,Siaya,0.0185,low,low training attendance; below-average prior yield,True
F100947,Kakamega,0.0763,low,low training attendance; still early in program tenure,True
F100948,Siaya,0.9911,high,long distance to nearest agrodealer; long gap since last farm visit,False
F100949,Bungoma,0.001,low,low training attendance; still early in program tenure,False
F100950,Kakamega,0.0113,low,below-average prior yield; no active mobile money usage,False
F100951,Bungoma,0.0051,low,below-average prior yield; weak repayment among peer group,False
F100952,Vihiga,0.3457,medium,weak repayment among peer group; low input redemption rate,True
F100953,Busia,0.0008,low,low training attendance; age,False
F100954,Trans Nzoia,0.0173,low,low input redemption rate; long gap since last farm visit,False
F100955,Vihiga,0.0,low,relatively large loan amount; region Trans Nzoia,True
F100956,Busia,0.0101,low,weak repayment among peer group; still early in program tenure,True
F100957,Vihiga,0.0004,low,below-average prior yield; still early in program tenure,False
F100958,Siaya,0.0006,low,long distance to nearest agrodealer; region Siaya,False
F100959,Busia,0.0004,low,relatively large loan amount; long gap since last farm visit,False
F100960,Kakamega,0.9995,high,low training attendance; long gap since last farm visit,False
F100961,Busia,0.0128,low,low input redemption rate; long gap since last farm visit,False
F100962,Siaya,0.0006,low,relatively large loan amount; region Siaya,False
F100963,Bungoma,0.0202,low,low input redemption rate; below-average prior yield,False
F100964,Siaya,0.0009,low,low input redemption rate; below-average prior yield,False
F100965,Vihiga,0.0094,low,long gap since last farm visit; age,False
F100966,Vihiga,0.0079,low,long gap since last farm visit; age,False
F100967,Bungoma,0.9729,high,long distance to nearest agrodealer; long gap since last farm visit,False
F100968,Siaya,0.0984,low,long gap since last farm visit; low input redemption rate,False
F100969,Kakamega,0.0003,low,age; below-average prior yield,True
F100970,Bungoma,0.0123,low,below-average prior yield; farm size,False
F100971,Busia,0.7898,high,weak repayment among peer group; age,False
F100972,Busia,0.0024,low,weak repayment among peer group; age,False
F100973,Busia,0.0257,low,long gap since last farm visit; long distance to nearest agrodealer,False
F100974,Kakamega,0.9073,high,weak repayment among peer group; no active mobile money usage,False
F100975,Bungoma,0.0012,low,still early in program tenure; low training attendance,True
F100976,Kakamega,0.0015,low,relatively large loan amount; still early in program tenure,False
F100977,Vihiga,1e-04,low,age; region Kakamega,False
F100978,Busia,0.0252,low,below-average prior yield; low training attendance,False
F100979,Vihiga,0.9986,high,long gap since last farm visit; low input redemption rate,False
F100980,Vihiga,0.9948,high,long gap since last farm visit; no active mobile money usage,False
F100981,Trans Nzoia,0.0033,low,long gap since last farm visit; relatively large loan amount,False
F100982,Vihiga,0.001,low,weak repayment among peer group; relatively large loan amount,False
F100983,Vihiga,0.0437,low,long gap since last farm visit; long distance to nearest agrodealer,False
F100984,Vihiga,0.0008,low,low training attendance; gender M,True
F100985,Vihiga,0.9664,high,long gap since last farm visit; low training attendance,False
F100986,Vihiga,0.0052,low,long gap since last farm visit; still early in program tenure,True
F100987,Bungoma,0.0007,low,low input redemption rate; weak repayment among peer group,False
F100988,Bungoma,0.0002,low,region Trans Nzoia; relatively large loan amount,False
F100989,Trans Nzoia,0.003,low,age; long gap since last farm visit,False
F100990,Busia,1e-04,low,farm size; region Trans Nzoia,False
F100991,Vihiga,0.0083,low,long gap since last farm visit; long distance to nearest agrodealer,False
F100992,Bungoma,0.9995,high,low input redemption rate; weak repayment among peer group,False
F100993,Busia,0.0018,low,no active mobile money usage; still early in program tenure,False
F100994,Vihiga,0.9965,high,below-average prior yield; long gap since last farm visit,True
F100995,Vihiga,0.0032,low,weak repayment among peer group; low input redemption rate,True
F100996,Vihiga,0.0024,low,still early in program tenure; weak repayment among peer group,False
F100997,Busia,0.9051,high,low training attendance; below-average prior yield,False
F100998,Siaya,0.0002,low,farm size; region Siaya,False
F100999,Vihiga,0.9098,high,low input redemption rate; long gap since last farm visit,False
F101000,Trans Nzoia,1e-04,low,low training attendance; below-average prior yield,True
F101001,Trans Nzoia,0.0159,low,below-average prior yield; low training attendance,False
F101002,Vihiga,0.0156,low,low input redemption rate; below-average prior yield,False
F101003,Siaya,0.057,low,long gap since last farm visit; weak repayment among peer group,True
F101004,Kakamega,0.0469,low,long gap since last farm visit; below-average prior yield,False
F101005,Siaya,0.0938,low,below-average prior yield; low training attendance,False
F101006,Siaya,0.011,low,low training attendance; weak repayment among peer group,False
F101007,Vihiga,0.9382,high,low training attendance; below-average prior yield,True
F101008,Trans Nzoia,0.0049,low,no active mobile money usage; age,False
F101009,Vihiga,0.0129,low,long distance to nearest agrodealer; below-average prior yield,True
F101010,Bungoma,0.997,high,long gap since last farm visit; low training attendance,False
F101011,Trans Nzoia,0.9778,high,long gap since last farm visit; low training attendance,False
F101012,Bungoma,0.0162,low,low training attendance; no active mobile money usage,False
F101013,Bungoma,0.0387,low,below-average prior yield; long distance to nearest agrodealer,True
F101014,Vihiga,0.0061,low,no active mobile money usage; low training attendance,False
F101015,Siaya,0.976,high,long gap since last farm visit; low training attendance,False
F101016,Busia,0.967,high,low input redemption rate; no active mobile money usage,True
F101017,Busia,0.0009,low,low input redemption rate; below-average prior yield,True
F101018,Kakamega,0.0101,low,no active mobile money usage; low training attendance,True
F101019,Kakamega,0.0004,low,farm size; relatively large loan amount,False
F101020,Kakamega,0.0709,low,long gap since last farm visit; low training attendance,False
F101021,Kakamega,0.0016,low,age; long distance to nearest agrodealer,True
F101022,Siaya,0.0016,low,relatively large loan amount; still early in program tenure,False
F101023,Siaya,0.0894,low,long gap since last farm visit; below-average prior yield,False
F101024,Trans Nzoia,0.0012,low,low training attendance; age,True
F101025,Kakamega,0.001,low,no active mobile money usage; low input redemption rate,True
F101026,Kakamega,0.9531,high,low input redemption rate; long gap since last farm visit,False
F101027,Bungoma,0.0033,low,long gap since last farm visit; low training attendance,False
F101028,Vihiga,0.0006,low,weak repayment among peer group; region Trans Nzoia,False
F101029,Busia,0.1633,low,low training attendance; weak repayment among peer group,True
F101030,Busia,0.0132,low,still early in program tenure; below-average prior yield,False
F101031,Bungoma,0.0241,low,low input redemption rate; below-average prior yield,True
F101032,Trans Nzoia,0.9382,high,low input redemption rate; no active mobile money usage,False
F101033,Bungoma,0.0011,low,below-average prior yield; low training attendance,False
F101034,Kakamega,0.0245,low,no active mobile money usage; still early in program tenure,False
F101035,Trans Nzoia,0.0003,low,low input redemption rate; weak repayment among peer group,False
F101036,Siaya,0.9946,high,weak repayment among peer group; long gap since last farm visit,False
F101037,Kakamega,0.0017,low,below-average prior yield; relatively large loan amount,True
F101038,Busia,0.0075,low,low input redemption rate; still early in program tenure,False
F101039,Trans Nzoia,0.003,low,still early in program tenure; low training attendance,False
F101040,Trans Nzoia,0.0004,low,relatively large loan amount; gender M,False
F101041,Siaya,0.9012,high,low input redemption rate; long distance to nearest agrodealer,False
F101042,Busia,0.0,low,still early in program tenure; region Vihiga,False
F101043,Busia,0.0109,low,low input redemption rate; relatively large loan amount,True
F101044,Trans Nzoia,0.0162,low,weak repayment among peer group; gender M,False
F101045,Kakamega,0.0035,low,no active mobile money usage; low training attendance,False
F101046,Bungoma,0.0868,low,long gap since last farm visit; no active mobile money usage,False
F101047,Vihiga,0.0099,low,weak repayment among peer group; below-average prior yield,False
F101048,Trans Nzoia,0.9363,high,long gap since last farm visit; long distance to nearest agrodealer,False
F101049,Kakamega,0.9857,high,low input redemption rate; no active mobile money usage,False
F101050,Vihiga,0.0082,low,still early in program tenure; long gap since last farm visit,False
F101051,Busia,0.0022,low,below-average prior yield; weak repayment among peer group,False
F101052,Vihiga,0.1775,low,low input redemption rate; long distance to nearest agrodealer,True
F101053,Siaya,0.0002,low,weak repayment among peer group; below-average prior yield,False
F101054,Kakamega,0.0016,low,low training attendance; still early in program tenure,False
F101055,Siaya,0.0004,low,low training attendance; weak repayment among peer group,False
F101056,Busia,0.0053,low,weak repayment among peer group; below-average prior yield,True
F101057,Trans Nzoia,0.1346,low,low input redemption rate; below-average prior yield,True
F101058,Busia,0.0006,low,relatively large loan amount; gender M,True
F101059,Bungoma,0.0011,low,low training attendance; still early in program tenure,False
F101060,Trans Nzoia,0.0022,low,long gap since last farm visit; relatively large loan amount,False
F101061,Trans Nzoia,0.0007,low,low training attendance; gender M,False
F101062,Kakamega,0.0014,low,long gap since last farm visit; relatively large loan amount,False
F101063,Trans Nzoia,0.0003,low,still early in program tenure; age,False
F101064,Trans Nzoia,1e-04,low,low input redemption rate; relatively large loan amount,False
F101065,Busia,0.0317,low,long gap since last farm visit; long distance to nearest agrodealer,True
F101066,Siaya,0.001,low,below-average prior yield; relatively large loan amount,False
F101067,Vihiga,0.9775,high,low input redemption rate; long gap since last farm visit,True
F101068,Busia,0.004,low,low training attendance; still early in program tenure,False
F101069,Kakamega,0.0005,low,farm size; region Trans Nzoia,False
F101070,Trans Nzoia,0.0243,low,long distance to nearest agrodealer; weak repayment among peer group,False
F101071,Bungoma,0.0008,low,still early in program tenure; relatively large loan amount,False
F101072,Trans Nzoia,0.0387,low,low input redemption rate; below-average prior yield,False
F101073,Vihiga,0.009,low,weak repayment among peer group; no active mobile money usage,False
F101074,Busia,0.0041,low,age; still early in program tenure,False
F101075,Kakamega,0.0034,low,below-average prior yield; weak repayment among peer group,False
F101076,Trans Nzoia,0.0228,low,long gap since last farm visit; relatively large loan amount,True
F101077,Kakamega,0.9937,high,long gap since last farm visit; low training attendance,False
F101078,Busia,0.0017,low,low training attendance; still early in program tenure,True
F101079,Siaya,0.9248,high,low input redemption rate; weak repayment among peer group,False
F101080,Siaya,0.0017,low,still early in program tenure; region Siaya,False
F101081,Siaya,0.0048,low,low input redemption rate; relatively large loan amount,False
F101082,Siaya,0.9913,high,weak repayment among peer group; low input redemption rate,True
F101083,Vihiga,0.9276,high,long gap since last farm visit; no active mobile money usage,False
F101084,Bungoma,1e-04,low,relatively large loan amount; still early in program tenure,False
F101085,Siaya,0.9971,high,long gap since last farm visit; low training attendance,False
F101086,Trans Nzoia,0.519,medium,no active mobile money usage; weak repayment among peer group,True
F101087,Siaya,0.9505,high,no active mobile money usage; weak repayment among peer group,False
F101088,Vihiga,0.0009,low,long gap since last farm visit; long distance to nearest agrodealer,False
F101089,Kakamega,0.9932,high,low training attendance; no active mobile money usage,True
F101090,Vihiga,0.0012,low,long gap since last farm visit; age,False
F101091,Busia,0.0048,low,long gap since last farm visit; relatively large loan amount,False
F101092,Siaya,0.0017,low,low training attendance; relatively large loan amount,False
F101093,Busia,0.9449,high,low input redemption rate; long gap since last farm visit,False
F101094,Bungoma,0.9754,high,low input redemption rate; weak repayment among peer group,True
F101095,Kakamega,1e-04,low,farm size; region Kakamega,True
F101096,Siaya,0.0073,low,low training attendance; relatively large loan amount,False
F101097,Trans Nzoia,0.9996,high,long gap since last farm visit; weak repayment among peer group,False
F101098,Kakamega,0.0002,low,low training attendance; age,True
F101099,Busia,0.9353,high,weak repayment among peer group; no active mobile money usage,False
F101100,Busia,0.2851,low,low training attendance; below-average prior yield,True
F101101,Busia,0.0052,low,low input redemption rate; below-average prior yield,False
F101102,Siaya,0.0021,low,below-average prior yield; weak repayment among peer group,False
F101103,Kakamega,0.0023,low,low input redemption rate; no active mobile money usage,True
F101104,Bungoma,0.3608,medium,low input redemption rate; no active mobile money usage,True
F101105,Bungoma,0.0253,low,low training attendance; below-average prior yield,False
F101106,Bungoma,0.0071,low,long gap since last farm visit; relatively large loan amount,True
F101107,Siaya,0.0005,low,weak repayment among peer group; region Siaya,False
F101108,Siaya,0.0166,low,low training attendance; age,False
F101109,Kakamega,0.0004,low,no active mobile money usage; region Kakamega,True
F101110,Vihiga,0.9999,high,weak repayment among peer group; long gap since last farm visit,False
F101111,Bungoma,0.0003,low,still early in program tenure; relatively large loan amount,False
F101112,Bungoma,0.0056,low,low input redemption rate; relatively large loan amount,True
F101113,Bungoma,0.9988,high,long gap since last farm visit; low input redemption rate,False
F101114,Bungoma,0.0231,low,no active mobile money usage; long gap since last farm visit,False
F101115,Busia,0.0006,low,weak repayment among peer group; region Trans Nzoia,True
F101116,Siaya,0.0742,low,low training attendance; low input redemption rate,False
F101117,Vihiga,0.001,low,low input redemption rate; age,False
F101118,Trans Nzoia,0.0169,low,weak repayment among peer group; long distance to nearest agrodealer,False
F101119,Busia,0.0017,low,long gap since last farm visit; relatively large loan amount,False
F101120,Kakamega,0.005,low,weak repayment among peer group; region Trans Nzoia,False
F101121,Kakamega,0.9708,high,no active mobile money usage; low training attendance,False
F101122,Bungoma,0.0694,low,low training attendance; long gap since last farm visit,False
F101123,Bungoma,0.0024,low,long gap since last farm visit; below-average prior yield,False
F101124,Siaya,1e-04,low,low input redemption rate; long distance to nearest agrodealer,False
F101125,Siaya,0.0006,low,relatively large loan amount; region Siaya,False
F101126,Siaya,0.0011,low,long gap since last farm visit; still early in program tenure,False
F101127,Vihiga,0.991,high,low input redemption rate; below-average prior yield,False
F101128,Vihiga,0.0004,low,long distance to nearest agrodealer; gender M,False
F101129,Vihiga,0.0003,low,long distance to nearest agrodealer; low input redemption rate,False
F101130,Busia,0.0007,low,no active mobile money usage; age,True
F101131,Trans Nzoia,0.0017,low,long distance to nearest agrodealer; relatively large loan amount,True
F101132,Trans Nzoia,0.3958,medium,long gap since last farm visit; no active mobile money usage,True
F101133,Trans Nzoia,0.0678,low,low training attendance; low input redemption rate,True
F101134,Vihiga,0.0045,low,long gap since last farm visit; weak repayment among peer group,True
F101135,Kakamega,0.3549,medium,low training attendance; long distance to nearest agrodealer,False
F101136,Trans Nzoia,0.002,low,long gap since last farm visit; region Vihiga,True
F101137,Busia,1e-04,low,relatively large loan amount; farm size,False
F101138,Trans Nzoia,0.0012,low,low training attendance; still early in program tenure,False
F101139,Vihiga,0.0098,low,no active mobile money usage; low input redemption rate,False
F101140,Siaya,0.9663,high,low input redemption rate; long gap since last farm visit,True
F101141,Busia,0.1022,low,low training attendance; long gap since last farm visit,False
F101142,Siaya,0.0019,low,low input redemption rate; relatively large loan amount,False
F101143,Siaya,0.0002,low,low training attendance; region Siaya,True
F101144,Bungoma,0.9466,high,below-average prior yield; no active mobile money usage,True
F101145,Busia,0.9517,high,low input redemption rate; long gap since last farm visit,False
F101146,Vihiga,0.0007,low,below-average prior yield; relatively large loan amount,False
F101147,Trans Nzoia,0.0487,low,no active mobile money usage; long gap since last farm visit,False
F101148,Trans Nzoia,0.0064,low,long gap since last farm visit; long distance to nearest agrodealer,True
F101149,Siaya,1e-04,low,low input redemption rate; region Siaya,False
F101150,Busia,0.0055,low,below-average prior yield; low input redemption rate,False
F101151,Vihiga,0.007,low,long gap since last farm visit; low input redemption rate,False
F101152,Busia,0.0016,low,low input redemption rate; below-average prior yield,False
F101153,Siaya,0.7099,high,long gap since last farm visit; long distance to nearest agrodealer,True
F101154,Bungoma,0.9467,high,low input redemption rate; no active mobile money usage,False
F101155,Vihiga,0.0012,low,long distance to nearest agrodealer; relatively large loan amount,True
F101156,Kakamega,0.058,low,weak repayment among peer group; relatively large loan amount,False
F101157,Siaya,0.0032,low,weak repayment among peer group; region Siaya,True
F101158,Busia,0.002,low,below-average prior yield; still early in program tenure,False
F101159,Busia,0.0008,low,long distance to nearest agrodealer; age,True
F101160,Vihiga,0.0474,low,no active mobile money usage; long gap since last farm visit,False
F101161,Busia,0.0385,low,long gap since last farm visit; no active mobile money usage,False
F101162,Siaya,0.9934,high,low training attendance; long gap since last farm visit,False
F101163,Vihiga,0.0036,low,below-average prior yield; long distance to nearest agrodealer,False
F101164,Vihiga,0.9603,high,low input redemption rate; long gap since last farm visit,True
F101165,Kakamega,0.0023,low,weak repayment among peer group; below-average prior yield,True
F101166,Kakamega,0.7099,high,low training attendance; long gap since last farm visit,True
F101167,Busia,0.9976,high,long gap since last farm visit; long distance to nearest agrodealer,False
F101168,Siaya,1e-04,low,low input redemption rate; region Siaya,True
F101169,Siaya,0.0017,low,weak repayment among peer group; region Siaya,False
F101170,Vihiga,0.0496,low,long gap since last farm visit; low input redemption rate,True
F101171,Vihiga,0.0095,low,below-average prior yield; low input redemption rate,True
F101172,Busia,0.0018,low,long distance to nearest agrodealer; relatively large loan amount,False
F101173,Bungoma,0.9752,high,low training attendance; weak repayment among peer group,False
F101174,Kakamega,0.0095,low,low training attendance; weak repayment among peer group,False
F101175,Busia,0.0481,low,long gap since last farm visit; relatively large loan amount,False
F101176,Bungoma,0.0283,low,below-average prior yield; low training attendance,True
F101177,Bungoma,0.0009,low,weak repayment among peer group; age,False
F101178,Bungoma,0.996,high,low input redemption rate; weak repayment among peer group,False
F101179,Kakamega,0.9995,high,low training attendance; below-average prior yield,False
F101180,Vihiga,0.0012,low,long gap since last farm visit; still early in program tenure,False
F101181,Siaya,0.9649,high,low training attendance; weak repayment among peer group,False
F101182,Trans Nzoia,0.0693,low,low training attendance; long distance to nearest agrodealer,False
F101183,Busia,0.0052,low,still early in program tenure; weak repayment among peer group,False
F101184,Busia,0.962,high,long gap since last farm visit; weak repayment among peer group,False
F101185,Bungoma,0.9779,high,weak repayment among peer group; long gap since last farm visit,False
F101186,Kakamega,0.0565,low,no active mobile money usage; weak repayment among peer group,False
F101187,Vihiga,0.9595,high,long distance to nearest agrodealer; low input redemption rate,False
F101188,Vihiga,0.002,low,long gap since last farm visit; still early in program tenure,False
F101189,Kakamega,0.0522,low,low input redemption rate; still early in program tenure,False
F101190,Busia,0.0049,low,low training attendance; still early in program tenure,False
F101191,Bungoma,0.978,high,no active mobile money usage; long gap since last farm visit,False
F101192,Bungoma,0.0009,low,low training attendance; age,False
F101193,Trans Nzoia,1e-04,low,region Vihiga; region Busia,True
F101194,Vihiga,0.0008,low,long distance to nearest agrodealer; age,True
F101195,Vihiga,0.0005,low,weak repayment among peer group; region Trans Nzoia,True
F101196,Trans Nzoia,0.9915,high,no active mobile money usage; weak repayment among peer group,False
F101197,Siaya,1.0,high,low input redemption rate; long gap since last farm visit,True
F101198,Trans Nzoia,0.3449,medium,low input redemption rate; low training attendance,True
F101199,Vihiga,0.0669,low,no active mobile money usage; long gap since last farm visit,False
F101200,Siaya,0.9514,high,long gap since last farm visit; long distance to nearest agrodealer,False
F101201,Busia,1e-04,low,low input redemption rate; relatively large loan amount,False
F101202,Siaya,0.9115,high,long gap since last farm visit; below-average prior yield,True
F101203,Trans Nzoia,0.0029,low,still early in program tenure; below-average prior yield,True
F101204,Vihiga,0.9303,high,low training attendance; weak repayment among peer group,False
F101205,Siaya,0.0003,low,low training attendance; still early in program tenure,False
F101206,Vihiga,0.0078,low,low input redemption rate; long gap since last farm visit,False
F101207,Trans Nzoia,0.002,low,below-average prior yield; weak repayment among peer group,False
F101208,Bungoma,0.9907,high,long gap since last farm visit; long distance to nearest agrodealer,False
F101209,Siaya,0.9245,high,low training attendance; below-average prior yield,False
F101210,Vihiga,0.0061,low,low training attendance; long distance to nearest agrodealer,False
F101211,Trans Nzoia,0.0004,low,region Vihiga; region Busia,False
F101212,Busia,0.0784,low,long gap since last farm visit; low input redemption rate,False
F101213,Siaya,0.0009,low,weak repayment among peer group; still early in program tenure,False
F101214,Kakamega,0.0008,low,still early in program tenure; region Trans Nzoia,False
F101215,Kakamega,0.0106,low,below-average prior yield; relatively large loan amount,False
F101216,Vihiga,0.0,low,region Trans Nzoia; region Busia,False
F101217,Trans Nzoia,0.9977,high,long gap since last farm visit; weak repayment among peer group,False
F101218,Trans Nzoia,1e-04,low,weak repayment among peer group; region Kakamega,False
F101219,Busia,0.9971,high,long gap since last farm visit; low training attendance,False
F101220,Vihiga,0.0036,low,low training attendance; relatively large loan amount,False
F101221,Vihiga,0.0626,low,long gap since last farm visit; long distance to nearest agrodealer,False
F101222,Siaya,0.9998,high,low input redemption rate; weak repayment among peer group,False
F101223,Vihiga,0.0017,low,low training attendance; relatively large loan amount,False
F101224,Busia,0.0003,low,region Trans Nzoia; region Vihiga,False
F101225,Siaya,0.0011,low,low training attendance; region Siaya,False
F101226,Kakamega,0.0045,low,long distance to nearest agrodealer; no active mobile money usage,False
F101227,Siaya,0.0015,low,long distance to nearest agrodealer; still early in program tenure,False
F101228,Kakamega,0.944,high,long gap since last farm visit; long distance to nearest agrodealer,False
F101229,Bungoma,0.0021,low,below-average prior yield; still early in program tenure,False
F101230,Trans Nzoia,0.9652,high,weak repayment among peer group; no active mobile money usage,False
F101231,Trans Nzoia,0.9586,high,long gap since last farm visit; long distance to nearest agrodealer,True
F101232,Siaya,1e-04,low,no active mobile money usage; region Siaya,False
F101233,Trans Nzoia,0.0028,low,low training attendance; long gap since last farm visit,True
F101234,Vihiga,0.9995,high,low input redemption rate; low training attendance,False
F101235,Busia,0.0139,low,low input redemption rate; age,False
F101236,Kakamega,0.0064,low,no active mobile money usage; below-average prior yield,False
F101237,Kakamega,0.8235,high,long distance to nearest agrodealer; no active mobile money usage,False
F101238,Bungoma,0.0003,low,no active mobile money usage; relatively large loan amount,False
F101239,Kakamega,0.0005,low,no active mobile money usage; relatively large loan amount,True
F101240,Vihiga,0.001,low,still early in program tenure; region Kakamega,False
F101241,Trans Nzoia,0.002,low,long gap since last farm visit; age,False
F101242,Siaya,0.0888,low,long distance to nearest agrodealer; long gap since last farm visit,False
F101243,Busia,0.0002,low,low training attendance; weak repayment among peer group,True
F101244,Siaya,0.0025,low,long distance to nearest agrodealer; below-average prior yield,False
F101245,Siaya,0.0049,low,weak repayment among peer group; low training attendance,False
F101246,Siaya,0.0003,low,region Siaya; region Trans Nzoia,False
F101247,Busia,0.0005,low,long distance to nearest agrodealer; region Trans Nzoia,False
F101248,Bungoma,0.0005,low,no active mobile money usage; region Trans Nzoia,True
F101249,Siaya,0.9997,high,low input redemption rate; below-average prior yield,False
F101250,Bungoma,0.0006,low,below-average prior yield; farm size,False
F101251,Busia,1e-04,low,low input redemption rate; still early in program tenure,False
F101252,Kakamega,0.0427,low,no active mobile money usage; long gap since last farm visit,False
F101253,Trans Nzoia,0.0122,low,long distance to nearest agrodealer; low input redemption rate,False
F101254,Vihiga,0.0012,low,low training attendance; low input redemption rate,False
F101255,Kakamega,0.0369,low,long gap since last farm visit; below-average prior yield,False
F101256,Bungoma,0.985,high,low training attendance; long gap since last farm visit,False
F101257,Vihiga,0.029,low,long gap since last farm visit; low input redemption rate,False
F101258,Vihiga,0.9496,high,low input redemption rate; below-average prior yield,True
F101259,Trans Nzoia,0.0003,low,relatively large loan amount; region Busia,False
F101260,Bungoma,0.0522,low,low training attendance; relatively large loan amount,False
F101261,Siaya,0.9531,high,low training attendance; long gap since last farm visit,False
F101262,Busia,0.0077,low,low input redemption rate; relatively large loan amount,False
F101263,Trans Nzoia,0.0003,low,weak repayment among peer group; long distance to nearest agrodealer,False
F101264,Bungoma,0.985,high,long gap since last farm visit; low input redemption rate,True
F101265,Kakamega,0.9984,high,low input redemption rate; below-average prior yield,False
F101266,Kakamega,0.9979,high,weak repayment among peer group; long gap since last farm visit,False
F101267,Busia,0.0002,low,relatively large loan amount; region Trans Nzoia,False
F101268,Siaya,0.0392,low,low input redemption rate; long distance to nearest agrodealer,False
F101269,Kakamega,0.0033,low,long gap since last farm visit; still early in program tenure,False
F101270,Busia,0.9427,high,weak repayment among peer group; still early in program tenure,False
F101271,Kakamega,0.072,low,long gap since last farm visit; weak repayment among peer group,True
F101272,Siaya,0.0015,low,long gap since last farm visit; region Siaya,False
F101273,Trans Nzoia,1e-04,low,below-average prior yield; relatively large loan amount,False
F101274,Trans Nzoia,1e-04,low,age; region Busia,False
F101275,Trans Nzoia,0.0008,low,weak repayment among peer group; long distance to nearest agrodealer,False
F101276,Vihiga,0.0002,low,still early in program tenure; relatively large loan amount,False
F101277,Trans Nzoia,0.7908,high,below-average prior yield; long gap since last farm visit,True
F101278,Kakamega,0.9983,high,long gap since last farm visit; low input redemption rate,False
F101279,Siaya,0.4129,medium,weak repayment among peer group; low input redemption rate,True
F101280,Trans Nzoia,0.0028,low,low training attendance; still early in program tenure,True
F101281,Trans Nzoia,0.9707,high,low training attendance; weak repayment among peer group,True
F101282,Busia,0.0781,low,weak repayment among peer group; low training attendance,True
F101283,Trans Nzoia,0.0014,low,age; relatively large loan amount,True
F101284,Busia,0.5532,medium,low input redemption rate; low training attendance,True
F101285,Kakamega,0.0011,low,low training attendance; still early in program tenure,False
F101286,Siaya,0.8987,high,no active mobile money usage; low training attendance,False
F101287,Bungoma,0.1569,low,long gap since last farm visit; low training attendance,True
F101288,Kakamega,0.9929,high,long gap since last farm visit; low training attendance,False
F101289,Vihiga,0.0035,low,low input redemption rate; below-average prior yield,True
F101290,Bungoma,0.9884,high,low input redemption rate; low training attendance,False
F101291,Siaya,0.9983,high,low input redemption rate; long gap since last farm visit,False
F101292,Busia,0.0413,low,low input redemption rate; weak repayment among peer group,False
F101293,Kakamega,1e-04,low,weak repayment among peer group; below-average prior yield,False
F101294,Siaya,1e-04,low,long gap since last farm visit; still early in program tenure,False
F101295,Vihiga,0.003,low,long distance to nearest agrodealer; still early in program tenure,False
F101296,Bungoma,0.0022,low,below-average prior yield; age,False
F101297,Trans Nzoia,0.0016,low,long distance to nearest agrodealer; low training attendance,False
F101298,Vihiga,0.993,high,no active mobile money usage; low input redemption rate,True
F101299,Kakamega,0.0116,low,low training attendance; weak repayment among peer group,True
F101300,Trans Nzoia,0.0004,low,relatively large loan amount; below-average prior yield,False
F101301,Busia,0.0004,low,relatively large loan amount; below-average prior yield,False
F101302,Trans Nzoia,0.0031,low,no active mobile money usage; low training attendance,False
F101303,Siaya,0.0007,low,below-average prior yield; relatively large loan amount,True
F101304,Vihiga,0.3703,medium,weak repayment among peer group; long distance to nearest agrodealer,True
F101305,Trans Nzoia,0.0085,low,low training attendance; weak repayment among peer group,False
F101306,Bungoma,0.4535,medium,long gap since last farm visit; relatively large loan amount,True
F101307,Bungoma,0.7969,high,long gap since last farm visit; no active mobile money usage,True
F101308,Busia,0.952,high,low training attendance; long gap since last farm visit,False
F101309,Siaya,0.0005,low,still early in program tenure; long distance to nearest agrodealer,False
F101310,Vihiga,0.0093,low,relatively large loan amount; still early in program tenure,True
F101311,Busia,0.0012,low,below-average prior yield; still early in program tenure,False
F101312,Trans Nzoia,0.0,low,still early in program tenure; region Busia,True
F101313,Siaya,0.0117,low,long gap since last farm visit; low training attendance,False
F101314,Siaya,0.9691,high,no active mobile money usage; below-average prior yield,False
F101315,Bungoma,0.8487,high,low training attendance; below-average prior yield,False
F101316,Trans Nzoia,1.0,high,low input redemption rate; low training attendance,False
F101317,Vihiga,0.0014,low,no active mobile money usage; age,False
F101318,Busia,0.003,low,low training attendance; relatively large loan amount,True
F101319,Busia,0.9998,high,long gap since last farm visit; long distance to nearest agrodealer,False
F101320,Kakamega,0.9595,high,no active mobile money usage; long gap since last farm visit,False
F101321,Bungoma,0.0002,low,below-average prior yield; relatively large loan amount,False
F101322,Vihiga,0.0614,low,low training attendance; below-average prior yield,False
F101323,Siaya,0.0085,low,low input redemption rate; relatively large loan amount,False
F101324,Siaya,0.015,low,low training attendance; weak repayment among peer group,False
F101325,Bungoma,0.0008,low,low training attendance; low input redemption rate,False
F101326,Trans Nzoia,0.0033,low,long gap since last farm visit; long distance to nearest agrodealer,False
F101327,Kakamega,0.427,medium,low training attendance; long gap since last farm visit,True
F101328,Trans Nzoia,0.001,low,no active mobile money usage; weak repayment among peer group,False
F101329,Busia,0.9977,high,low input redemption rate; below-average prior yield,False
F101330,Busia,0.0005,low,relatively large loan amount; farm size,False
F101331,Trans Nzoia,0.0343,low,long gap since last farm visit; low input redemption rate,False
F101332,Busia,0.0053,low,weak repayment among peer group; age,False
F101333,Trans Nzoia,0.0015,low,weak repayment among peer group; age,True
F101334,Vihiga,0.9647,high,weak repayment among peer group; long distance to nearest agrodealer,True
F101335,Siaya,0.0003,low,relatively large loan amount; below-average prior yield,True
F101336,Vihiga,0.0108,low,low training attendance; relatively large loan amount,False
F101337,Bungoma,0.9803,high,long gap since last farm visit; low training attendance,True
F101338,Trans Nzoia,0.0043,low,long distance to nearest agrodealer; weak repayment among peer group,False
F101339,Busia,0.9919,high,long gap since last farm visit; weak repayment among peer group,False
F101340,Vihiga,0.9866,high,low input redemption rate; low training attendance,False
F101341,Kakamega,0.0085,low,long distance to nearest agrodealer; low input redemption rate,True
F101342,Kakamega,0.0076,low,long distance to nearest agrodealer; low training attendance,True
F101343,Vihiga,0.0101,low,no active mobile money usage; below-average prior yield,False
F101344,Bungoma,0.0329,low,long gap since last farm visit; weak repayment among peer group,False
F101345,Siaya,0.0594,low,low training attendance; weak repayment among peer group,False
F101346,Siaya,0.014,low,no active mobile money usage; low input redemption rate,False
F101347,Trans Nzoia,0.0014,low,still early in program tenure; relatively large loan amount,False
F101348,Trans Nzoia,0.0525,low,no active mobile money usage; below-average prior yield,False
F101349,Vihiga,0.0008,low,low training attendance; still early in program tenure,False
F101350,Kakamega,0.002,low,below-average prior yield; long gap since last farm visit,False
F101351,Busia,0.0011,low,no active mobile money usage; long distance to nearest agrodealer,False
F101352,Busia,0.0012,low,long gap since last farm visit; still early in program tenure,False
F101353,Siaya,0.994,high,long gap since last farm visit; low training attendance,True
F101354,Bungoma,0.6565,high,long gap since last farm visit; low training attendance,True
F101355,Busia,0.002,low,no active mobile money usage; relatively large loan amount,False
F101356,Busia,0.0004,low,below-average prior yield; low training attendance,True
F101357,Kakamega,0.001,low,low training attendance; relatively large loan amount,False
F101358,Kakamega,0.0063,low,no active mobile money usage; region Vihiga,False
F101359,Busia,0.0017,low,low input redemption rate; relatively large loan amount,False
F101360,Kakamega,0.0233,low,below-average prior yield; low input redemption rate,True
F101361,Kakamega,1e-04,low,long distance to nearest agrodealer; still early in program tenure,False
F101362,Busia,0.0007,low,low training attendance; age,False
F101363,Bungoma,0.0006,low,age; relatively large loan amount,True
F101364,Vihiga,0.9377,high,low input redemption rate; below-average prior yield,False
F101365,Kakamega,0.0005,low,relatively large loan amount; long distance to nearest agrodealer,True
F101366,Bungoma,0.9969,high,weak repayment among peer group; long gap since last farm visit,False
F101367,Busia,0.0056,low,weak repayment among peer group; age,False
F101368,Siaya,0.0053,low,low training attendance; weak repayment among peer group,False
F101369,Vihiga,0.2591,low,low input redemption rate; below-average prior yield,True
F101370,Siaya,0.1735,low,no active mobile money usage; low input redemption rate,True
F101371,Busia,0.0034,low,low training attendance; below-average prior yield,True
F101372,Busia,0.0074,low,below-average prior yield; low training attendance,False
F101373,Busia,0.9919,high,long gap since last farm visit; long distance to nearest agrodealer,False
F101374,Siaya,0.0047,low,age; region Siaya,False
F101375,Siaya,0.0008,low,weak repayment among peer group; age,False
F101376,Siaya,0.0115,low,weak repayment among peer group; long gap since last farm visit,False
F101377,Trans Nzoia,0.9309,high,low training attendance; low input redemption rate,False
F101378,Vihiga,0.9816,high,long gap since last farm visit; below-average prior yield,False
F101379,Vihiga,0.0006,low,low input redemption rate; region Trans Nzoia,False
F101380,Siaya,0.9717,high,weak repayment among peer group; low input redemption rate,True
F101381,Bungoma,0.0263,low,weak repayment among peer group; below-average prior yield,False
F101382,Busia,0.0012,low,no active mobile money usage; long distance to nearest agrodealer,True
F101383,Siaya,0.0446,low,long gap since last farm visit; low input redemption rate,False
F101384,Busia,0.0162,low,low training attendance; long distance to nearest agrodealer,False
F101385,Bungoma,0.0142,low,still early in program tenure; age,True
F101386,Vihiga,0.9993,high,low training attendance; below-average prior yield,False
F101387,Bungoma,0.9858,high,weak repayment among peer group; long gap since last farm visit,False
F101388,Siaya,0.0439,low,low input redemption rate; weak repayment among peer group,False
F101389,Siaya,0.0027,low,no active mobile money usage; below-average prior yield,False
F101390,Bungoma,0.0143,low,no active mobile money usage; low input redemption rate,False
F101391,Vihiga,0.9741,high,long gap since last farm visit; below-average prior yield,False
F101392,Siaya,0.9845,high,long gap since last farm visit; below-average prior yield,False
F101393,Trans Nzoia,0.1495,low,low input redemption rate; no active mobile money usage,True
F101394,Bungoma,0.0011,low,low training attendance; weak repayment among peer group,False
F101395,Vihiga,0.0018,low,weak repayment among peer group; relatively large loan amount,False
F101396,Vihiga,0.9926,high,low training attendance; weak repayment among peer group,False
F101397,Vihiga,0.0002,low,still early in program tenure; relatively large loan amount,True
F101398,Kakamega,0.0018,low,still early in program tenure; relatively large loan amount,False
F101399,Bungoma,0.0114,low,weak repayment among peer group; still early in program tenure,False
F101400,Siaya,0.0228,low,long distance to nearest agrodealer; relatively large loan amount,False
F101401,Bungoma,0.9136,high,no active mobile money usage; low input redemption rate,False
F101402,Bungoma,0.0002,low,low input redemption rate; relatively large loan amount,False
F101403,Bungoma,0.0048,low,no active mobile money usage; below-average prior yield,False
F101404,Bungoma,0.0006,low,long gap since last farm visit; farm size,False
F101405,Kakamega,0.0149,low,long gap since last farm visit; still early in program tenure,True
F101406,Busia,0.0008,low,no active mobile money usage; long distance to nearest agrodealer,False
F101407,Siaya,0.9899,high,long gap since last farm visit; weak repayment among peer group,True
F101408,Kakamega,0.0003,low,long gap since last farm visit; still early in program tenure,False
F101409,Bungoma,0.0002,low,region Trans Nzoia; region Vihiga,False
F101410,Kakamega,0.0535,low,low training attendance; below-average prior yield,False
F101411,Vihiga,0.0032,low,low training attendance; relatively large loan amount,False
F101412,Bungoma,0.9997,high,low input redemption rate; long gap since last farm visit,True
F101413,Trans Nzoia,0.0411,low,below-average prior yield; no active mobile money usage,True
F101414,Vihiga,0.5958,medium,weak repayment among peer group; long gap since last farm visit,True
F101415,Trans Nzoia,0.0145,low,long gap since last farm visit; low input redemption rate,False
F101416,Vihiga,0.0005,low,weak repayment among peer group; region Trans Nzoia,False
F101417,Busia,0.0011,low,low input redemption rate; still early in program tenure,False
F101418,Siaya,0.0418,low,low training attendance; no active mobile money usage,False
F101419,Busia,0.9904,high,low input redemption rate; weak repayment among peer group,False
F101420,Siaya,0.0009,low,no active mobile money usage; weak repayment among peer group,False
F101421,Siaya,0.0009,low,no active mobile money usage; low input redemption rate,False
F101422,Vihiga,0.0008,low,long distance to nearest agrodealer; below-average prior yield,False
F101423,Trans Nzoia,0.0034,low,no active mobile money usage; age,True
F101424,Bungoma,0.0009,low,below-average prior yield; low training attendance,True
F101425,Trans Nzoia,0.0434,low,low training attendance; relatively large loan amount,False
F101426,Trans Nzoia,0.0123,low,still early in program tenure; relatively large loan amount,True
F101427,Siaya,0.9072,high,no active mobile money usage; below-average prior yield,False
F101428,Bungoma,0.0305,low,low input redemption rate; relatively large loan amount,False
F101429,Trans Nzoia,0.0687,low,long gap since last farm visit; still early in program tenure,False
F101430,Busia,0.0079,low,weak repayment among peer group; relatively large loan amount,True
F101431,Bungoma,1.0,high,long gap since last farm visit; weak repayment among peer group,False
F101432,Bungoma,0.9998,high,long gap since last farm visit; low training attendance,False
F101433,Vihiga,1e-04,low,below-average prior yield; still early in program tenure,True
F101434,Bungoma,0.9733,high,no active mobile money usage; weak repayment among peer group,False
F101435,Kakamega,0.9643,high,below-average prior yield; low input redemption rate,False
F101436,Busia,0.943,high,long gap since last farm visit; low training attendance,False
F101437,Vihiga,0.0206,low,below-average prior yield; long gap since last farm visit,False
F101438,Bungoma,0.9343,high,no active mobile money usage; low input redemption rate,False
F101439,Siaya,0.0011,low,still early in program tenure; long distance to nearest agrodealer,False
F101440,Trans Nzoia,0.0073,low,long gap since last farm visit; low training attendance,True
F101441,Vihiga,0.0424,low,low input redemption rate; below-average prior yield,False
F101442,Siaya,0.0403,low,below-average prior yield; no active mobile money usage,False
F101443,Busia,0.9771,high,low training attendance; no active mobile money usage,False
F101444,Kakamega,0.0003,low,long distance to nearest agrodealer; region Trans Nzoia,False
F101445,Kakamega,0.9293,high,weak repayment among peer group; below-average prior yield,False
F101446,Siaya,0.9349,high,long gap since last farm visit; low input redemption rate,False
F101447,Siaya,0.0006,low,low training attendance; below-average prior yield,False
F101448,Trans Nzoia,0.796,high,long gap since last farm visit; no active mobile money usage,True
F101449,Kakamega,0.0002,low,relatively large loan amount; weak repayment among peer group,False
F101450,Bungoma,0.9998,high,long gap since last farm visit; weak repayment among peer group,True
F101451,Kakamega,0.0004,low,weak repayment among peer group; region Trans Nzoia,False
F101452,Kakamega,0.0221,low,low training attendance; long distance to nearest agrodealer,True
F101453,Bungoma,1e-04,low,relatively large loan amount; gender M,True
F101454,Vihiga,0.0475,low,long gap since last farm visit; no active mobile money usage,False
F101455,Kakamega,0.0002,low,region Kakamega; still early in program tenure,False
F101456,Siaya,0.0009,low,still early in program tenure; low input redemption rate,False
F101457,Busia,0.0097,low,below-average prior yield; no active mobile money usage,True
F101458,Bungoma,0.0262,low,low input redemption rate; weak repayment among peer group,True
F101459,Vihiga,0.9926,high,low input redemption rate; long gap since last farm visit,False
F101460,Trans Nzoia,0.9722,high,long gap since last farm visit; low training attendance,False
F101461,Bungoma,0.981,high,long gap since last farm visit; no active mobile money usage,False
F101462,Kakamega,0.9594,high,long gap since last farm visit; no active mobile money usage,True
F101463,Kakamega,0.0006,low,long gap since last farm visit; relatively large loan amount,False
F101464,Siaya,0.0007,low,farm size; relatively large loan amount,False
F101465,Kakamega,0.0071,low,long gap since last farm visit; age,False
F101466,Vihiga,0.0015,low,no active mobile money usage; region Trans Nzoia,False
F101467,Busia,0.0003,low,low input redemption rate; age,False
F101468,Trans Nzoia,0.0051,low,weak repayment among peer group; below-average prior yield,False
F101469,Kakamega,1e-04,low,low training attendance; age,False
F101470,Siaya,0.0043,low,still early in program tenure; low training attendance,False
F101471,Trans Nzoia,0.0385,low,low input redemption rate; relatively large loan amount,False
F101472,Busia,0.0903,low,weak repayment among peer group; long distance to nearest agrodealer,True
F101473,Bungoma,0.0233,low,low input redemption rate; low training attendance,False
F101474,Siaya,0.0086,low,no active mobile money usage; below-average prior yield,False
F101475,Bungoma,0.7438,high,low input redemption rate; long gap since last farm visit,True
F101476,Busia,0.8805,high,long gap since last farm visit; weak repayment among peer group,False
F101477,Busia,0.0081,low,long distance to nearest agrodealer; age,False
F101478,Bungoma,0.0003,low,low training attendance; region Trans Nzoia,False
F101479,Busia,0.8645,high,long gap since last farm visit; weak repayment among peer group,True
F101480,Kakamega,0.9991,high,long gap since last farm visit; low training attendance,False
F101481,Kakamega,1e-04,low,still early in program tenure; relatively large loan amount,False
F101482,Bungoma,0.0004,low,low training attendance; relatively large loan amount,False
F101483,Kakamega,0.001,low,below-average prior yield; long distance to nearest agrodealer,False
F101484,Busia,0.0015,low,low input redemption rate; relatively large loan amount,False
F101485,Siaya,0.9589,high,long gap since last farm visit; low input redemption rate,False
F101486,Kakamega,0.0,low,low input redemption rate; long distance to nearest agrodealer,False
F101487,Kakamega,0.0005,low,relatively large loan amount; region Kakamega,False
F101488,Kakamega,0.0004,low,long distance to nearest agrodealer; relatively large loan amount,False
F101489,Vihiga,0.0194,low,low input redemption rate; long gap since last farm visit,False
F101490,Bungoma,0.0103,low,below-average prior yield; low training attendance,False
F101491,Busia,0.9999,high,low input redemption rate; long gap since last farm visit,False
F101492,Kakamega,0.0047,low,long gap since last farm visit; below-average prior yield,False
F101493,Bungoma,0.9794,high,low input redemption rate; long gap since last farm visit,False
F101494,Busia,0.0028,low,long gap since last farm visit; age,False
F101495,Busia,0.0025,low,long gap since last farm visit; region Trans Nzoia,False
F101496,Vihiga,1.0,high,low input redemption rate; weak repayment among peer group,False
F101497,Trans Nzoia,0.0232,low,low input redemption rate; relatively large loan amount,False
F101498,Busia,0.0269,low,low training attendance; below-average prior yield,False
F101499,Siaya,0.0054,low,low training attendance; long distance to nearest agrodealer,False
F101500,Vihiga,0.9272,high,below-average prior yield; long distance to nearest agrodealer,False
F101501,Bungoma,0.0531,low,low training attendance; long gap since last farm visit,False
F101502,Bungoma,0.0019,low,weak repayment among peer group; low input redemption rate,False
F101503,Bungoma,0.9584,high,weak repayment among peer group; below-average prior yield,False
F101504,Vihiga,0.8932,high,no active mobile money usage; weak repayment among peer group,False
F101505,Bungoma,0.0067,low,low training attendance; relatively large loan amount,True
F101506,Siaya,0.9805,high,long distance to nearest agrodealer; long gap since last farm visit,False
F101507,Busia,0.9235,high,low input redemption rate; low training attendance,False
F101508,Siaya,1e-04,low,relatively large loan amount; region Siaya,False
F101509,Trans Nzoia,0.0007,low,still early in program tenure; long distance to nearest agrodealer,False
F101510,Busia,0.0051,low,below-average prior yield; low training attendance,False
F101511,Bungoma,0.0009,low,still early in program tenure; gender M,True
F101512,Trans Nzoia,0.0004,low,below-average prior yield; still early in program tenure,False
F101513,Bungoma,0.6981,high,weak repayment among peer group; long gap since last farm visit,True
F101514,Bungoma,0.0344,low,long gap since last farm visit; long distance to nearest agrodealer,False
F101515,Siaya,0.0127,low,low training attendance; weak repayment among peer group,True
F101516,Busia,0.008,low,long gap since last farm visit; still early in program tenure,False
F101517,Kakamega,0.0008,low,long distance to nearest agrodealer; relatively large loan amount,False
F101518,Busia,0.0077,low,no active mobile money usage; long distance to nearest agrodealer,False
F101519,Busia,0.0104,low,low training attendance; low input redemption rate,True
F101520,Siaya,0.9357,high,low training attendance; long distance to nearest agrodealer,False
F101521,Trans Nzoia,0.0003,low,relatively large loan amount; long distance to nearest agrodealer,False
F101522,Bungoma,0.002,low,low input redemption rate; still early in program tenure,False
F101523,Kakamega,0.0062,low,low input redemption rate; still early in program tenure,True
F101524,Vihiga,0.9654,high,long gap since last farm visit; weak repayment among peer group,False
F101525,Kakamega,0.9879,high,weak repayment among peer group; below-average prior yield,False
F101526,Bungoma,0.0036,low,low training attendance; below-average prior yield,True
F101527,Kakamega,0.0029,low,long distance to nearest agrodealer; below-average prior yield,False
F101528,Kakamega,0.0009,low,farm size; weak repayment among peer group,False
F101529,Siaya,0.6551,high,weak repayment among peer group; no active mobile money usage,True
F101530,Kakamega,0.9997,high,low input redemption rate; long gap since last farm visit,True
F101531,Kakamega,0.0002,low,weak repayment among peer group; region Trans Nzoia,False
F101532,Siaya,0.001,low,still early in program tenure; relatively large loan amount,False
F101533,Bungoma,0.0023,low,below-average prior yield; age,False
F101534,Trans Nzoia,0.0015,low,long gap since last farm visit; gender M,True
F101535,Kakamega,0.9283,high,long distance to nearest agrodealer; long gap since last farm visit,False
F101536,Kakamega,0.0028,low,still early in program tenure; long distance to nearest agrodealer,False
F101537,Kakamega,0.0242,low,long gap since last farm visit; weak repayment among peer group,False
F101538,Trans Nzoia,0.0537,low,below-average prior yield; long gap since last farm visit,True
F101539,Vihiga,0.9722,high,long gap since last farm visit; low input redemption rate,True
F101540,Busia,0.092,low,long distance to nearest agrodealer; low training attendance,True
F101541,Bungoma,0.9933,high,long gap since last farm visit; long distance to nearest agrodealer,False
F101542,Kakamega,0.0829,low,weak repayment among peer group; low training attendance,False
F101543,Vihiga,0.0022,low,low training attendance; no active mobile money usage,False
F101544,Bungoma,0.001,low,farm size; age,False
F101545,Vihiga,0.073,low,long gap since last farm visit; low input redemption rate,True
F101546,Trans Nzoia,0.0166,low,low training attendance; weak repayment among peer group,False
F101547,Siaya,0.0024,low,below-average prior yield; age,True
F101548,Busia,0.0022,low,long gap since last farm visit; still early in program tenure,True
F101549,Kakamega,0.0083,low,long gap since last farm visit; low training attendance,False
F101550,Bungoma,0.0009,low,still early in program tenure; gender M,True
F101551,Siaya,0.0002,low,still early in program tenure; region Siaya,False
F101552,Vihiga,0.0027,low,long gap since last farm visit; age,True
F101553,Vihiga,0.0004,low,relatively large loan amount; gender M,True
F101554,Busia,0.8297,high,low input redemption rate; long distance to nearest agrodealer,True
F101555,Kakamega,0.0081,low,no active mobile money usage; below-average prior yield,True
F101556,Siaya,0.9946,high,low training attendance; below-average prior yield,False
F101557,Trans Nzoia,1e-04,low,relatively large loan amount; region Vihiga,True
F101558,Siaya,0.0097,low,long distance to nearest agrodealer; still early in program tenure,True
F101559,Siaya,0.0014,low,relatively large loan amount; still early in program tenure,False
F101560,Bungoma,0.9244,high,weak repayment among peer group; long gap since last farm visit,False
F101561,Bungoma,1e-04,low,low input redemption rate; relatively large loan amount,True
F101562,Bungoma,0.0042,low,long gap since last farm visit; region Trans Nzoia,False
F101563,Siaya,0.9458,high,long gap since last farm visit; low input redemption rate,True
F101564,Vihiga,0.0021,low,no active mobile money usage; relatively large loan amount,False
F101565,Busia,0.001,low,below-average prior yield; long distance to nearest agrodealer,False
F101566,Siaya,0.0008,low,still early in program tenure; long distance to nearest agrodealer,True
F101567,Vihiga,0.0052,low,low input redemption rate; still early in program tenure,False
F101568,Siaya,0.9507,high,low input redemption rate; long gap since last farm visit,False
F101569,Siaya,0.035,low,long distance to nearest agrodealer; low input redemption rate,False
F101570,Kakamega,0.0079,low,long distance to nearest agrodealer; still early in program tenure,False
F101571,Busia,0.0184,low,low training attendance; still early in program tenure,True
F101572,Trans Nzoia,0.9813,high,low training attendance; long gap since last farm visit,True
F101573,Trans Nzoia,0.0004,low,weak repayment among peer group; relatively large loan amount,True
F101574,Kakamega,0.0038,low,still early in program tenure; relatively large loan amount,True
F101575,Bungoma,0.0268,low,below-average prior yield; low training attendance,False
F101576,Vihiga,0.0063,low,low training attendance; farm size,False
F101577,Trans Nzoia,0.0163,low,long distance to nearest agrodealer; weak repayment among peer group,False
F101578,Kakamega,0.0043,low,below-average prior yield; low training attendance,True
F101579,Vihiga,0.0022,low,low input redemption rate; low training attendance,False
F101580,Bungoma,0.0009,low,low input redemption rate; farm size,False
F101581,Bungoma,0.0006,low,long distance to nearest agrodealer; farm size,False
F101582,Vihiga,0.9186,high,long gap since last farm visit; long distance to nearest agrodealer,True
F101583,Busia,0.0178,low,low input redemption rate; weak repayment among peer group,False
F101584,Vihiga,0.9665,high,long gap since last farm visit; no active mobile money usage,False
F101585,Bungoma,0.9775,high,long gap since last farm visit; below-average prior yield,False
F101586,Trans Nzoia,0.0077,low,below-average prior yield; relatively large loan amount,False
F101587,Kakamega,0.0132,low,long gap since last farm visit; low training attendance,False
F101588,Siaya,1e-04,low,region Siaya; region Trans Nzoia,False
F101589,Kakamega,0.0059,low,below-average prior yield; low training attendance,True
F101590,Trans Nzoia,0.9761,high,weak repayment among peer group; long gap since last farm visit,False
F101591,Busia,0.0012,low,no active mobile money usage; region Trans Nzoia,False
F101592,Busia,0.0046,low,below-average prior yield; no active mobile money usage,False
F101593,Kakamega,0.9881,high,low input redemption rate; long gap since last farm visit,False
F101594,Trans Nzoia,0.0238,low,weak repayment among peer group; no active mobile money usage,True
F101595,Kakamega,1e-04,low,below-average prior yield; region Kakamega,True
F101596,Vihiga,0.987,high,long gap since last farm visit; low training attendance,False
F101597,Trans Nzoia,0.0006,low,no active mobile money usage; still early in program tenure,False
F101598,Siaya,0.0571,low,no active mobile money usage; relatively large loan amount,False
F101599,Trans Nzoia,0.0008,low,low input redemption rate; weak repayment among peer group,False
F101600,Bungoma,0.0091,low,low training attendance; still early in program tenure,False
F101601,Trans Nzoia,0.0161,low,no active mobile money usage; below-average prior yield,False
F101602,Trans Nzoia,0.0605,low,low input redemption rate; below-average prior yield,False
F101603,Bungoma,0.0012,low,long gap since last farm visit; low training attendance,True
F101604,Kakamega,1e-04,low,relatively large loan amount; region Kakamega,False
F101605,Siaya,0.9029,high,long distance to nearest agrodealer; long gap since last farm visit,False
F101606,Kakamega,0.9998,high,long gap since last farm visit; low input redemption rate,False
F101607,Vihiga,0.0113,low,weak repayment among peer group; still early in program tenure,False
F101608,Bungoma,0.0,low,age; region Trans Nzoia,False
F101609,Kakamega,0.0151,low,no active mobile money usage; low input redemption rate,False
F101610,Trans Nzoia,0.9891,high,low training attendance; weak repayment among peer group,False
F101611,Kakamega,0.0022,low,long gap since last farm visit; below-average prior yield,False
F101612,Trans Nzoia,0.9077,high,weak repayment among peer group; long gap since last farm visit,False
F101613,Trans Nzoia,0.0134,low,weak repayment among peer group; still early in program tenure,True
F101614,Kakamega,0.9941,high,low input redemption rate; long gap since last farm visit,False
F101615,Bungoma,0.0024,low,no active mobile money usage; below-average prior yield,False
F101616,Trans Nzoia,0.0006,low,weak repayment among peer group; still early in program tenure,False
F101617,Vihiga,0.0002,low,weak repayment among peer group; below-average prior yield,False
F101618,Kakamega,0.0062,low,weak repayment among peer group; age,False
F101619,Siaya,0.9904,high,low training attendance; long gap since last farm visit,False
F101620,Bungoma,0.9998,high,low input redemption rate; long gap since last farm visit,False
F101621,Kakamega,0.0954,low,low input redemption rate; long gap since last farm visit,False
F101622,Siaya,0.03,low,low input redemption rate; long distance to nearest agrodealer,False
F101623,Kakamega,0.0134,low,low training attendance; long gap since last farm visit,False
F101624,Vihiga,0.0004,low,low input redemption rate; age,True
F101625,Siaya,0.0105,low,weak repayment among peer group; long gap since last farm visit,False
F101626,Vihiga,0.0121,low,still early in program tenure; weak repayment among peer group,False
F101627,Vihiga,0.0045,low,below-average prior yield; relatively large loan amount,False
F101628,Busia,0.0025,low,no active mobile money usage; relatively large loan amount,True
F101629,Kakamega,0.0021,low,weak repayment among peer group; low input redemption rate,False
F101630,Vihiga,0.968,high,no active mobile money usage; below-average prior yield,False
F101631,Siaya,0.0009,low,long gap since last farm visit; below-average prior yield,False
F101632,Kakamega,0.0006,low,relatively large loan amount; age,True
F101633,Siaya,0.0129,low,long gap since last farm visit; region Siaya,False
F101634,Busia,0.0618,low,no active mobile money usage; relatively large loan amount,True
F101635,Vihiga,0.0033,low,long distance to nearest agrodealer; below-average prior yield,True
F101636,Kakamega,0.0034,low,low training attendance; no active mobile money usage,False
F101637,Vihiga,0.0049,low,below-average prior yield; low training attendance,True
F101638,Bungoma,0.0002,low,farm size; region Trans Nzoia,True
F101639,Bungoma,0.9665,high,long gap since last farm visit; low input redemption rate,False
F101640,Trans Nzoia,0.931,high,low training attendance; no active mobile money usage,False
F101641,Kakamega,0.0224,low,below-average prior yield; low training attendance,True
F101642,Busia,0.9998,high,long gap since last farm visit; long distance to nearest agrodealer,False
F101643,Vihiga,0.0051,low,low input redemption rate; below-average prior yield,False
F101644,Kakamega,0.9408,high,low training attendance; long distance to nearest agrodealer,True
F101645,Bungoma,0.0004,low,low training attendance; region Trans Nzoia,False
F101646,Busia,0.0,low,low input redemption rate; relatively large loan amount,False
F101647,Vihiga,0.0008,low,age; long distance to nearest agrodealer,False
F101648,Siaya,0.0,low,below-average prior yield; region Siaya,True
F101649,Siaya,0.0201,low,long distance to nearest agrodealer; relatively large loan amount,False
F101650,Bungoma,0.0019,low,no active mobile money usage; relatively large loan amount,False
F101651,Kakamega,0.0196,low,below-average prior yield; low training attendance,True
F101652,Kakamega,0.9805,high,low training attendance; below-average prior yield,False
F101653,Vihiga,0.0015,low,low training attendance; low input redemption rate,False
F101654,Kakamega,0.0031,low,low training attendance; weak repayment among peer group,False
F101655,Bungoma,0.0015,low,below-average prior yield; low training attendance,False
F101656,Siaya,0.0008,low,farm size; low training attendance,False
F101657,Siaya,0.0012,low,weak repayment among peer group; still early in program tenure,False
F101658,Siaya,0.9981,high,long gap since last farm visit; low training attendance,True
F101659,Bungoma,0.0011,low,relatively large loan amount; low input redemption rate,False
F101660,Vihiga,0.9887,high,low input redemption rate; below-average prior yield,False
F101661,Vihiga,0.0003,low,still early in program tenure; below-average prior yield,False
F101662,Bungoma,0.9093,high,no active mobile money usage; below-average prior yield,False
F101663,Vihiga,1e-04,low,below-average prior yield; relatively large loan amount,False
F101664,Vihiga,0.0291,low,low training attendance; gender M,False
F101665,Busia,0.108,low,long gap since last farm visit; below-average prior yield,False
F101666,Trans Nzoia,0.9467,high,weak repayment among peer group; low input redemption rate,False
F101667,Trans Nzoia,0.9949,high,long gap since last farm visit; weak repayment among peer group,False
F101668,Vihiga,0.7917,high,low training attendance; low input redemption rate,True
F101669,Trans Nzoia,1e-04,low,relatively large loan amount; gender M,False
F101670,Trans Nzoia,0.0007,low,age; still early in program tenure,True
F101671,Vihiga,0.0459,low,below-average prior yield; still early in program tenure,False
F101672,Bungoma,0.0018,low,no active mobile money usage; relatively large loan amount,False
F101673,Trans Nzoia,0.2509,low,weak repayment among peer group; long gap since last farm visit,True
F101674,Trans Nzoia,0.0008,low,relatively large loan amount; below-average prior yield,False
F101675,Siaya,0.0244,low,long distance to nearest agrodealer; low training attendance,False
F101676,Kakamega,0.0012,low,low input redemption rate; relatively large loan amount,False
F101677,Busia,0.8012,high,long gap since last farm visit; weak repayment among peer group,True
F101678,Siaya,0.0189,low,low training attendance; below-average prior yield,False
F101679,Vihiga,0.0002,low,age; region Trans Nzoia,False
F101680,Siaya,0.0203,low,no active mobile money usage; still early in program tenure,False
F101681,Kakamega,0.0056,low,long distance to nearest agrodealer; relatively large loan amount,True
F101682,Kakamega,0.0006,low,long gap since last farm visit; low input redemption rate,False
F101683,Trans Nzoia,0.0069,low,below-average prior yield; weak repayment among peer group,True
F101684,Busia,0.0488,low,low training attendance; below-average prior yield,False
F101685,Vihiga,0.0002,low,still early in program tenure; region Trans Nzoia,False
F101686,Busia,0.9082,high,no active mobile money usage; below-average prior yield,True
F101687,Busia,0.0024,low,long gap since last farm visit; long distance to nearest agrodealer,False
F101688,Siaya,0.9551,high,low input redemption rate; weak repayment among peer group,False
F101689,Kakamega,0.1254,low,weak repayment among peer group; long gap since last farm visit,True
F101690,Trans Nzoia,0.0983,low,low input redemption rate; no active mobile money usage,True
F101691,Siaya,0.0283,low,weak repayment among peer group; low input redemption rate,False
F101692,Vihiga,0.9997,high,low input redemption rate; long gap since last farm visit,False
F101693,Busia,0.0198,low,weak repayment among peer group; low training attendance,False
F101694,Kakamega,0.9918,high,low input redemption rate; long gap since last farm visit,False
F101695,Trans Nzoia,0.9016,high,long gap since last farm visit; low input redemption rate,False
F101696,Busia,0.0445,low,no active mobile money usage; weak repayment among peer group,False
F101697,Kakamega,0.0681,low,long gap since last farm visit; weak repayment among peer group,False
F101698,Busia,0.0074,low,below-average prior yield; low input redemption rate,True
F101699,Siaya,0.0004,low,age; relatively large loan amount,False
F101700,Bungoma,0.0136,low,no active mobile money usage; below-average prior yield,False
F101701,Bungoma,0.001,low,low input redemption rate; relatively large loan amount,False
F101702,Trans Nzoia,0.3553,medium,long gap since last farm visit; weak repayment among peer group,True
F101703,Bungoma,0.0004,low,still early in program tenure; weak repayment among peer group,False
F101704,Siaya,0.0013,low,below-average prior yield; relatively large loan amount,True
F101705,Siaya,0.0021,low,no active mobile money usage; low input redemption rate,False
F101706,Siaya,0.9928,high,long gap since last farm visit; long distance to nearest agrodealer,True
F101707,Siaya,0.04,low,long distance to nearest agrodealer; long gap since last farm visit,False
F101708,Bungoma,0.0375,low,below-average prior yield; low training attendance,False
F101709,Bungoma,0.0011,low,long gap since last farm visit; region Trans Nzoia,False
F101710,Busia,1e-04,low,region Kakamega; region Trans Nzoia,False
F101711,Busia,0.9782,high,long gap since last farm visit; low training attendance,False
F101712,Siaya,0.0602,low,weak repayment among peer group; long distance to nearest agrodealer,False
F101713,Trans Nzoia,0.0004,low,low training attendance; farm size,False
F101714,Vihiga,0.0028,low,still early in program tenure; long gap since last farm visit,True
F101715,Siaya,0.8673,high,long gap since last farm visit; weak repayment among peer group,False
F101716,Vihiga,0.0004,low,below-average prior yield; region Trans Nzoia,False
F101717,Busia,0.9997,high,long gap since last farm visit; low input redemption rate,True
F101718,Busia,0.009,low,low training attendance; weak repayment among peer group,False
F101719,Vihiga,0.0073,low,below-average prior yield; low training attendance,False
F101720,Kakamega,0.0331,low,low input redemption rate; low training attendance,False
F101721,Trans Nzoia,0.0053,low,long gap since last farm visit; still early in program tenure,False
F101722,Vihiga,0.9771,high,low training attendance; long distance to nearest agrodealer,True
F101723,Trans Nzoia,0.0032,low,no active mobile money usage; below-average prior yield,False
F101724,Vihiga,0.0005,low,below-average prior yield; relatively large loan amount,True
F101725,Trans Nzoia,0.0008,low,gender M; farm size,False
F101726,Siaya,0.0008,low,farm size; age,False
F101727,Vihiga,0.0003,low,low training attendance; farm size,False
F101728,Busia,0.0197,low,below-average prior yield; still early in program tenure,False
F101729,Kakamega,0.0262,low,weak repayment among peer group; no active mobile money usage,False
F101730,Trans Nzoia,0.0006,low,low input redemption rate; farm size,False
F101731,Siaya,0.0003,low,long distance to nearest agrodealer; below-average prior yield,False
F101732,Trans Nzoia,0.0258,low,weak repayment among peer group; low training attendance,False
F101733,Siaya,0.9911,high,low training attendance; long distance to nearest agrodealer,True
F101734,Siaya,0.9641,high,low input redemption rate; low training attendance,False
F101735,Trans Nzoia,0.0009,low,weak repayment among peer group; low training attendance,True
F101736,Vihiga,0.0021,low,low training attendance; below-average prior yield,False
F101737,Kakamega,0.0015,low,no active mobile money usage; long distance to nearest agrodealer,False
F101738,Kakamega,1e-04,low,low training attendance; region Kakamega,True
F101739,Bungoma,0.0011,low,weak repayment among peer group; relatively large loan amount,False
F101740,Busia,0.0426,low,long distance to nearest agrodealer; low training attendance,True
F101741,Trans Nzoia,0.0034,low,weak repayment among peer group; long gap since last farm visit,True
F101742,Busia,0.1652,low,low input redemption rate; no active mobile money usage,True
F101743,Kakamega,0.9547,high,long gap since last farm visit; low input redemption rate,False
F101744,Bungoma,0.0226,low,low training attendance; low input redemption rate,False
F101745,Siaya,0.0263,low,no active mobile money usage; still early in program tenure,False
F101746,Siaya,0.9947,high,low input redemption rate; long gap since last farm visit,False
F101747,Busia,0.0017,low,long gap since last farm visit; below-average prior yield,True
F101748,Trans Nzoia,0.0052,low,weak repayment among peer group; relatively large loan amount,False
F101749,Trans Nzoia,0.0093,low,long gap since last farm visit; still early in program tenure,False
F101750,Siaya,0.0008,low,weak repayment among peer group; long distance to nearest agrodealer,False
F101751,Siaya,0.8939,high,low input redemption rate; long gap since last farm visit,False
F101752,Vihiga,0.9939,high,long gap since last farm visit; low training attendance,True
F101753,Busia,0.057,low,low input redemption rate; long gap since last farm visit,False
F101754,Vihiga,0.0182,low,low training attendance; still early in program tenure,False
F101755,Bungoma,0.0042,low,below-average prior yield; relatively large loan amount,True
F101756,Busia,0.0086,low,low input redemption rate; relatively large loan amount,False
F101757,Vihiga,1.0,high,long gap since last farm visit; low input redemption rate,False
F101758,Vihiga,0.0314,low,long distance to nearest agrodealer; long gap since last farm visit,False
F101759,Vihiga,0.0019,low,farm size; below-average prior yield,False
F101760,Busia,0.0003,low,still early in program tenure; relatively large loan amount,False
F101761,Busia,0.0907,low,long gap since last farm visit; no active mobile money usage,False
F101762,Kakamega,0.8992,high,long distance to nearest agrodealer; below-average prior yield,False
F101763,Vihiga,0.0108,low,weak repayment among peer group; low input redemption rate,True
F101764,Vihiga,0.0019,low,long gap since last farm visit; long distance to nearest agrodealer,False
F101765,Siaya,0.0002,low,low training attendance; relatively large loan amount,False
F101766,Vihiga,0.0282,low,low input redemption rate; no active mobile money usage,False
F101767,Busia,0.0602,low,long gap since last farm visit; still early in program tenure,False
F101768,Kakamega,0.9408,high,long gap since last farm visit; low input redemption rate,False
F101769,Bungoma,0.0164,low,long gap since last farm visit; low training attendance,False
F101770,Busia,0.9772,high,low input redemption rate; long gap since last farm visit,False
F101771,Busia,0.0051,low,long gap since last farm visit; long distance to nearest agrodealer,False
F101772,Busia,0.0009,low,age; relatively large loan amount,False
F101773,Busia,0.9999,high,long gap since last farm visit; long distance to nearest agrodealer,True
F101774,Trans Nzoia,0.2149,low,low training attendance; weak repayment among peer group,True
F101775,Kakamega,0.0062,low,long gap since last farm visit; relatively large loan amount,False
F101776,Bungoma,0.0013,low,weak repayment among peer group; below-average prior yield,False
F101777,Kakamega,0.0005,low,weak repayment among peer group; relatively large loan amount,False
F101778,Bungoma,0.0007,low,below-average prior yield; region Trans Nzoia,False
F101779,Trans Nzoia,1.0,high,long gap since last farm visit; low training attendance,False
F101780,Kakamega,0.042,low,low input redemption rate; still early in program tenure,True
F101781,Busia,1e-04,low,no active mobile money usage; relatively large loan amount,False
F101782,Kakamega,0.9509,high,low input redemption rate; long distance to nearest agrodealer,False
F101783,Siaya,0.0002,low,low input redemption rate; relatively large loan amount,False
F101784,Trans Nzoia,0.0031,low,long distance to nearest agrodealer; low training attendance,True
F101785,Bungoma,0.0446,low,low training attendance; below-average prior yield,False
F101786,Bungoma,0.9857,high,low training attendance; weak repayment among peer group,False
F101787,Kakamega,0.9965,high,low training attendance; no active mobile money usage,False
F101788,Busia,0.0002,low,weak repayment among peer group; still early in program tenure,True
F101789,Trans Nzoia,0.0014,low,below-average prior yield; relatively large loan amount,False
F101790,Vihiga,0.0032,low,relatively large loan amount; below-average prior yield,True
F101791,Siaya,0.9995,high,low input redemption rate; long gap since last farm visit,True
F101792,Busia,0.0015,low,age; long distance to nearest agrodealer,False
F101793,Bungoma,0.0109,low,long distance to nearest agrodealer; low training attendance,False
F101794,Busia,0.0472,low,low input redemption rate; below-average prior yield,False
F101795,Bungoma,0.018,low,long gap since last farm visit; weak repayment among peer group,False
F101796,Siaya,0.9957,high,low training attendance; long gap since last farm visit,False
F101797,Bungoma,0.0494,low,low input redemption rate; below-average prior yield,False
F101798,Busia,0.0029,low,below-average prior yield; weak repayment among peer group,False
F101799,Vihiga,0.9728,high,long gap since last farm visit; long distance to nearest agrodealer,False
F101800,Kakamega,0.0023,low,low training attendance; still early in program tenure,False
F101801,Busia,0.0203,low,weak repayment among peer group; low training attendance,False
F101802,Busia,0.995,high,weak repayment among peer group; no active mobile money usage,False
F101803,Bungoma,0.9375,high,low input redemption rate; relatively large loan amount,False
F101804,Kakamega,0.9035,high,weak repayment among peer group; long gap since last farm visit,True
F101805,Kakamega,0.0041,low,below-average prior yield; long gap since last farm visit,False
F101806,Kakamega,0.0676,low,low training attendance; long gap since last farm visit,False
F101807,Busia,0.8745,high,low input redemption rate; weak repayment among peer group,False
F101808,Kakamega,1e-04,low,long gap since last farm visit; still early in program tenure,False
F101809,Siaya,0.0003,low,below-average prior yield; weak repayment among peer group,False
F101810,Bungoma,0.0051,low,low input redemption rate; below-average prior yield,False
F101811,Vihiga,0.0032,low,age; still early in program tenure,False
F101812,Trans Nzoia,0.0018,low,no active mobile money usage; low training attendance,True
F101813,Busia,0.0003,low,farm size; gender M,False
F101814,Siaya,0.4146,medium,long gap since last farm visit; below-average prior yield,True
F101815,Kakamega,0.0108,low,weak repayment among peer group; age,False
F101816,Bungoma,0.1005,low,no active mobile money usage; low input redemption rate,False
F101817,Bungoma,0.0427,low,below-average prior yield; low training attendance,False
F101818,Kakamega,0.0214,low,low input redemption rate; below-average prior yield,False
F101819,Bungoma,0.8539,high,no active mobile money usage; below-average prior yield,True
F101820,Bungoma,0.0002,low,relatively large loan amount; region Trans Nzoia,True
F101821,Trans Nzoia,0.88,high,no active mobile money usage; long gap since last farm visit,False
F101822,Bungoma,0.9997,high,long gap since last farm visit; no active mobile money usage,True
F101823,Siaya,0.0027,low,low input redemption rate; relatively large loan amount,True
F101824,Trans Nzoia,0.0054,low,low input redemption rate; long distance to nearest agrodealer,False
F101825,Siaya,0.001,low,low input redemption rate; relatively large loan amount,False
F101826,Kakamega,0.0515,low,low input redemption rate; long distance to nearest agrodealer,False
F101827,Siaya,0.9387,high,low input redemption rate; long gap since last farm visit,False
F101828,Vihiga,0.2964,low,long distance to nearest agrodealer; long gap since last farm visit,True
F101829,Siaya,0.0012,low,long gap since last farm visit; weak repayment among peer group,False
F101830,Busia,0.0003,low,age; region Trans Nzoia,False
F101831,Siaya,0.0065,low,below-average prior yield; long gap since last farm visit,False
F101832,Vihiga,0.0408,low,weak repayment among peer group; low input redemption rate,False
F101833,Kakamega,0.5695,medium,below-average prior yield; long gap since last farm visit,True
F101834,Busia,0.0024,low,low training attendance; below-average prior yield,False
F101835,Kakamega,0.988,high,long gap since last farm visit; long distance to nearest agrodealer,False
F101836,Siaya,0.0196,low,weak repayment among peer group; below-average prior yield,True
F101837,Bungoma,0.1278,low,long gap since last farm visit; weak repayment among peer group,False
F101838,Bungoma,0.0003,low,relatively large loan amount; farm size,True
F101839,Vihiga,1e-04,low,region Trans Nzoia,False
F101840,Busia,0.0056,low,weak repayment among peer group; relatively large loan amount,True
F101841,Kakamega,0.0023,low,no active mobile money usage; long distance to nearest agrodealer,False
F101842,Trans Nzoia,0.0555,low,long gap since last farm visit; weak repayment among peer group,True
F101843,Siaya,0.9495,high,low training attendance; below-average prior yield,False
F101844,Trans Nzoia,0.0003,low,below-average prior yield; still early in program tenure,False
F101845,Vihiga,0.9999,high,weak repayment among peer group; no active mobile money usage,False
F101846,Busia,0.0208,low,no active mobile money usage; long gap since last farm visit,False
F101847,Vihiga,0.8089,high,no active mobile money usage; below-average prior yield,False
F101848,Vihiga,0.0007,low,below-average prior yield; low input redemption rate,False
F101849,Kakamega,0.9802,high,low input redemption rate; no active mobile money usage,False
F101850,Kakamega,0.9516,high,long gap since last farm visit; low training attendance,False
F101851,Bungoma,0.1157,low,long distance to nearest agrodealer; no active mobile money usage,False
F101852,Busia,0.0056,low,below-average prior yield; still early in program tenure,False
F101853,Kakamega,0.8264,high,long gap since last farm visit; no active mobile money usage,True
F101854,Kakamega,0.0111,low,low training attendance; relatively large loan amount,False
F101855,Siaya,0.0016,low,low training attendance; age,False
F101856,Busia,0.0438,low,no active mobile money usage; long gap since last farm visit,False
F101857,Vihiga,0.9693,high,long gap since last farm visit; long distance to nearest agrodealer,False
F101858,Vihiga,0.0003,low,below-average prior yield; weak repayment among peer group,False
F101859,Trans Nzoia,0.0316,low,long gap since last farm visit; still early in program tenure,False
F101860,Trans Nzoia,0.0118,low,low input redemption rate; long gap since last farm visit,False
F101861,Bungoma,0.9685,high,no active mobile money usage; low input redemption rate,False
F101862,Siaya,0.0002,low,low input redemption rate; region Siaya,False
F101863,Busia,0.0016,low,long distance to nearest agrodealer; relatively large loan amount,True
F101864,Siaya,0.0553,low,low input redemption rate; long gap since last farm visit,False
F101865,Busia,0.9765,high,long gap since last farm visit; no active mobile money usage,True
F101866,Kakamega,0.0004,low,long gap since last farm visit; relatively large loan amount,False
F101867,Trans Nzoia,0.0139,low,no active mobile money usage; relatively large loan amount,False
F101868,Kakamega,0.9995,high,low input redemption rate; weak repayment among peer group,False
F101869,Trans Nzoia,0.0006,low,no active mobile money usage; relatively large loan amount,True
F101870,Kakamega,0.001,low,low training attendance; relatively large loan amount,False
F101871,Bungoma,1e-04,low,relatively large loan amount; long gap since last farm visit,True
F101872,Vihiga,0.2677,low,long gap since last farm visit; no active mobile money usage,False
F101873,Siaya,1e-04,low,low input redemption rate; still early in program tenure,False
F101874,Busia,0.0003,low,long distance to nearest agrodealer; age,False
F101875,Kakamega,0.4893,medium,long gap since last farm visit; low input redemption rate,True
F101876,Bungoma,0.0336,low,weak repayment among peer group; low input redemption rate,False
F101877,Siaya,0.9997,high,long gap since last farm visit; low input redemption rate,True
F101878,Trans Nzoia,0.0304,low,low training attendance; below-average prior yield,False
F101879,Kakamega,0.0021,low,below-average prior yield; relatively large loan amount,True
F101880,Busia,0.0005,low,no active mobile money usage; long distance to nearest agrodealer,False
F101881,Bungoma,0.9192,high,long gap since last farm visit; relatively large loan amount,False
F101882,Bungoma,0.0329,low,low input redemption rate; below-average prior yield,False
F101883,Siaya,0.0067,low,weak repayment among peer group; still early in program tenure,False
F101884,Vihiga,0.0171,low,long distance to nearest agrodealer; still early in program tenure,True
F101885,Bungoma,0.9682,high,long gap since last farm visit; no active mobile money usage,False
F101886,Vihiga,0.9193,high,long gap since last farm visit; long distance to nearest agrodealer,False
F101887,Busia,0.9573,high,low training attendance; long gap since last farm visit,False
F101888,Kakamega,0.0004,low,relatively large loan amount; below-average prior yield,False
F101889,Busia,0.0,low,no active mobile money usage; region Trans Nzoia,False
F101890,Bungoma,0.9772,high,long gap since last farm visit; long distance to nearest agrodealer,False
F101891,Bungoma,0.055,low,low input redemption rate; long gap since last farm visit,False
F101892,Siaya,0.9645,high,no active mobile money usage; long distance to nearest agrodealer,False
F101893,Trans Nzoia,0.9487,high,long gap since last farm visit; no active mobile money usage,False
F101894,Kakamega,0.0005,low,age; relatively large loan amount,False
F101895,Siaya,0.0054,low,low input redemption rate; long distance to nearest agrodealer,False
F101896,Vihiga,0.0005,low,low training attendance; below-average prior yield,False
F101897,Siaya,0.0189,low,long gap since last farm visit; low training attendance,False
F101898,Trans Nzoia,0.993,high,low training attendance; no active mobile money usage,False
F101899,Busia,0.0014,low,low training attendance; still early in program tenure,True
F101900,Vihiga,0.6632,high,long gap since last farm visit; low training attendance,True
F101901,Vihiga,0.0128,low,weak repayment among peer group; low input redemption rate,True
F101902,Trans Nzoia,0.0048,low,long gap since last farm visit; still early in program tenure,False
F101903,Bungoma,0.0016,low,farm size; weak repayment among peer group,False
F101904,Bungoma,0.0002,low,long gap since last farm visit; region Trans Nzoia,False
F101905,Bungoma,0.9389,high,weak repayment among peer group; low training attendance,False
F101906,Bungoma,0.0035,low,no active mobile money usage; long distance to nearest agrodealer,False
F101907,Kakamega,0.0014,low,low input redemption rate; low training attendance,False
F101908,Kakamega,0.3087,medium,no active mobile money usage; low training attendance,True
F101909,Siaya,0.0002,low,low input redemption rate; relatively large loan amount,True
F101910,Kakamega,0.0009,low,relatively large loan amount; gender M,True
F101911,Siaya,0.0131,low,long gap since last farm visit; still early in program tenure,False
F101912,Kakamega,0.0092,low,long gap since last farm visit; weak repayment among peer group,False
F101913,Trans Nzoia,0.0004,low,relatively large loan amount; region Vihiga,False
F101914,Bungoma,0.0924,low,long gap since last farm visit; low training attendance,False
F101915,Vihiga,0.0101,low,long gap since last farm visit; long distance to nearest agrodealer,False
F101916,Bungoma,0.9955,high,low input redemption rate; low training attendance,False
F101917,Busia,0.9668,high,low input redemption rate; no active mobile money usage,False
F101918,Busia,0.9498,high,low input redemption rate; long gap since last farm visit,False
F101919,Vihiga,0.0128,low,below-average prior yield; low training attendance,False
F101920,Busia,0.0225,low,low training attendance; region Busia,False
F101921,Vihiga,0.9095,high,long gap since last farm visit; low training attendance,False
F101922,Trans Nzoia,0.9804,high,weak repayment among peer group; low input redemption rate,False
F101923,Busia,0.0241,low,low training attendance; weak repayment among peer group,False
F101924,Busia,0.0837,low,weak repayment among peer group; age,False
F101925,Kakamega,0.0073,low,no active mobile money usage; relatively large loan amount,False
F101926,Busia,0.0731,low,low input redemption rate; long gap since last farm visit,False
F101927,Kakamega,0.9207,high,long gap since last farm visit; low input redemption rate,False
F101928,Bungoma,0.0348,low,long gap since last farm visit; weak repayment among peer group,False
F101929,Siaya,0.0005,low,low training attendance; relatively large loan amount,False
F101930,Kakamega,0.0026,low,long distance to nearest agrodealer; age,False
F101931,Busia,0.2648,low,weak repayment among peer group; low input redemption rate,True
F101932,Siaya,0.0368,low,long gap since last farm visit; low training attendance,False
F101933,Siaya,0.9824,high,below-average prior yield; low training attendance,False
F101934,Kakamega,0.0196,low,low input redemption rate; age,False
F101935,Kakamega,0.0012,low,no active mobile money usage; long distance to nearest agrodealer,False
F101936,Busia,0.0015,low,low input redemption rate; low training attendance,True
F101937,Vihiga,0.0007,low,low input redemption rate; long gap since last farm visit,False
F101938,Siaya,0.0048,low,relatively large loan amount; age,False
F101939,Bungoma,0.0162,low,below-average prior yield; low input redemption rate,False
F101940,Kakamega,0.0014,low,below-average prior yield; age,True
F101941,Bungoma,0.0022,low,long distance to nearest agrodealer; below-average prior yield,True
F101942,Siaya,1.0,high,long gap since last farm visit; long distance to nearest agrodealer,False
F101943,Kakamega,0.0053,low,long distance to nearest agrodealer; below-average prior yield,True
F101944,Busia,0.9372,high,low training attendance; long gap since last farm visit,False
F101945,Kakamega,0.057,low,no active mobile money usage; low input redemption rate,False
F101946,Kakamega,0.034,low,weak repayment among peer group; age,False
F101947,Siaya,0.0922,low,low training attendance; still early in program tenure,True
F101948,Kakamega,0.0012,low,still early in program tenure; relatively large loan amount,False
F101949,Bungoma,0.9934,high,long gap since last farm visit; low training attendance,True
F101950,Siaya,0.0133,low,no active mobile money usage; age,True
F101951,Vihiga,0.0692,low,long gap since last farm visit; low training attendance,False
F101952,Kakamega,0.0506,low,long gap since last farm visit; still early in program tenure,False
F101953,Busia,0.0024,low,low training attendance; still early in program tenure,False
F101954,Siaya,0.0018,low,relatively large loan amount; still early in program tenure,False
F101955,Busia,0.0062,low,long gap since last farm visit; below-average prior yield,False
F101956,Vihiga,0.0034,low,long gap since last farm visit; region Trans Nzoia,False
F101957,Vihiga,0.0591,low,low input redemption rate; long gap since last farm visit,False
F101958,Vihiga,0.9741,high,low training attendance; long gap since last farm visit,False
F101959,Bungoma,0.0006,low,weak repayment among peer group; below-average prior yield,False
F101960,Siaya,0.9981,high,long gap since last farm visit; low training attendance,True
F101961,Siaya,0.0008,low,relatively large loan amount; low training attendance,False
F101962,Kakamega,0.0004,low,low input redemption rate; relatively large loan amount,False
F101963,Trans Nzoia,0.0068,low,low input redemption rate; relatively large loan amount,False
F101964,Trans Nzoia,0.0004,low,weak repayment among peer group; still early in program tenure,False
F101965,Trans Nzoia,0.0012,low,farm size; long distance to nearest agrodealer,False
F101966,Busia,0.0,low,below-average prior yield; relatively large loan amount,False
F101967,Busia,0.0027,low,no active mobile money usage; relatively large loan amount,True
F101968,Siaya,0.0004,low,below-average prior yield; age,False
F101969,Kakamega,0.0021,low,low input redemption rate; region Trans Nzoia,False
F101970,Trans Nzoia,0.0002,low,relatively large loan amount; age,False
F101971,Siaya,0.0289,low,long gap since last farm visit; weak repayment among peer group,False
F101972,Trans Nzoia,0.0021,low,low training attendance; below-average prior yield,False
F101973,Busia,0.0093,low,no active mobile money usage; weak repayment among peer group,False
F101974,Vihiga,0.0029,low,low input redemption rate; age,False
F101975,Kakamega,0.0022,low,no active mobile money usage; relatively large loan amount,False
F101976,Siaya,0.0028,low,still early in program tenure; low training attendance,True
F101977,Busia,0.9738,high,low input redemption rate; long gap since last farm visit,True
F101978,Kakamega,0.0037,low,below-average prior yield; still early in program tenure,True
F101979,Trans Nzoia,0.0031,low,long distance to nearest agrodealer; below-average prior yield,False
F101980,Vihiga,0.0012,low,below-average prior yield; still early in program tenure,False
F101981,Vihiga,0.0119,low,low input redemption rate; below-average prior yield,True
F101982,Kakamega,0.0014,low,low input redemption rate; gender M,False
F101983,Trans Nzoia,0.0007,low,long distance to nearest agrodealer; weak repayment among peer group,False
F101984,Vihiga,0.0002,low,low input redemption rate; age,False
F101985,Trans Nzoia,0.0006,low,low input redemption rate; long gap since last farm visit,False
F101986,Trans Nzoia,0.0071,low,long distance to nearest agrodealer; farm size,True
F101987,Bungoma,0.107,low,low training attendance; below-average prior yield,True
F101988,Bungoma,0.937,high,low training attendance; no active mobile money usage,False
F101989,Siaya,0.0011,low,age; weak repayment among peer group,False
F101990,Vihiga,0.978,high,long gap since last farm visit; long distance to nearest agrodealer,False
F101991,Busia,0.9855,high,long gap since last farm visit; no active mobile money usage,False
F101992,Bungoma,0.0203,low,weak repayment among peer group; still early in program tenure,False
F101993,Vihiga,0.4916,medium,weak repayment among peer group; below-average prior yield,True
F101994,Trans Nzoia,0.0112,low,low training attendance; long distance to nearest agrodealer,False
F101995,Kakamega,0.9994,high,long gap since last farm visit; no active mobile money usage,False
F101996,Vihiga,0.069,low,no active mobile money usage; still early in program tenure,True
F101997,Siaya,0.2472,low,long distance to nearest agrodealer; long gap since last farm visit,True
F101998,Bungoma,0.0047,low,long distance to nearest agrodealer; below-average prior yield,False
F101999,Bungoma,0.9662,high,no active mobile money usage; below-average prior yield,False
F102000,Siaya,0.0209,low,long gap since last farm visit; weak repayment among peer group,False
F102001,Kakamega,0.001,low,low training attendance; relatively large loan amount,False
F102002,Busia,0.4557,medium,long gap since last farm visit; weak repayment among peer group,True
F102003,Busia,0.0004,low,long distance to nearest agrodealer; still early in program tenure,False
F102004,Trans Nzoia,0.0075,low,long distance to nearest agrodealer; still early in program tenure,False
F102005,Kakamega,0.0031,low,low training attendance; low input redemption rate,False
F102006,Busia,0.0183,low,low training attendance; low input redemption rate,True
F102007,Kakamega,0.9985,high,weak repayment among peer group; low input redemption rate,False
F102008,Trans Nzoia,0.0027,low,long distance to nearest agrodealer; region Vihiga,False
F102009,Vihiga,0.0878,low,low input redemption rate; weak repayment among peer group,False
F102010,Busia,0.081,low,no active mobile money usage; farm size,True
F102011,Busia,1.0,high,weak repayment among peer group; low input redemption rate,True
F102012,Kakamega,0.1533,low,low training attendance; long gap since last farm visit,True
F102013,Siaya,0.0046,low,still early in program tenure; age,False
F102014,Vihiga,0.0355,low,low training attendance; below-average prior yield,False
F102015,Bungoma,0.0089,low,weak repayment among peer group; relatively large loan amount,False
F102016,Busia,0.1055,low,long gap since last farm visit; low input redemption rate,True
F102017,Trans Nzoia,0.0023,low,low input redemption rate; long distance to nearest agrodealer,False
F102018,Trans Nzoia,0.003,low,weak repayment among peer group; low input redemption rate,False
F102019,Busia,0.9934,high,long gap since last farm visit; low training attendance,False
F102020,Bungoma,0.0004,low,gender M; relatively large loan amount,False
F102021,Vihiga,0.0007,low,long distance to nearest agrodealer; gender M,True
F102022,Vihiga,0.0004,low,long distance to nearest agrodealer; weak repayment among peer group,False
F102023,Vihiga,0.9926,high,low training attendance; weak repayment among peer group,False
F102024,Kakamega,0.0013,low,still early in program tenure; below-average prior yield,False
F102025,Busia,0.0564,low,weak repayment among peer group; below-average prior yield,False
F102026,Vihiga,0.0059,low,no active mobile money usage; still early in program tenure,False
F102027,Siaya,0.0006,low,weak repayment among peer group; relatively large loan amount,False
F102028,Vihiga,0.0002,low,relatively large loan amount; still early in program tenure,False
F102029,Busia,0.98,high,long gap since last farm visit; long distance to nearest agrodealer,False
F102030,Vihiga,0.0191,low,low training attendance; still early in program tenure,False
F102031,Bungoma,0.0317,low,long gap since last farm visit; age,False
F102032,Kakamega,0.0449,low,long gap since last farm visit; weak repayment among peer group,False
F102033,Trans Nzoia,0.0,low,long gap since last farm visit; farm size,False
F102034,Siaya,0.1453,low,long distance to nearest agrodealer; weak repayment among peer group,True
F102035,Siaya,0.941,high,long gap since last farm visit; low training attendance,False
F102036,Vihiga,0.8962,high,long distance to nearest agrodealer; low input redemption rate,False
F102037,Kakamega,0.2301,low,no active mobile money usage; below-average prior yield,True
F102038,Siaya,0.0296,low,long distance to nearest agrodealer; below-average prior yield,False
F102039,Busia,0.0145,low,long gap since last farm visit; long distance to nearest agrodealer,False
F102040,Bungoma,0.001,low,low training attendance; relatively large loan amount,True
F102041,Siaya,0.9961,high,long gap since last farm visit; no active mobile money usage,False
F102042,Trans Nzoia,0.0005,low,low training attendance; still early in program tenure,True
F102043,Trans Nzoia,0.0507,low,weak repayment among peer group; long gap since last farm visit,False
F102044,Bungoma,0.0015,low,age; long distance to nearest agrodealer,True
F102045,Siaya,0.0007,low,long gap since last farm visit; region Siaya,False
F102046,Busia,0.0042,low,long gap since last farm visit; relatively large loan amount,False
F102047,Vihiga,0.9241,high,weak repayment among peer group; long gap since last farm visit,False
F102048,Trans Nzoia,0.9542,high,long gap since last farm visit; low training attendance,False
F102049,Vihiga,0.968,high,low input redemption rate; low training attendance,False
F102050,Bungoma,0.0365,low,long gap since last farm visit; no active mobile money usage,False
F102051,Bungoma,0.9996,high,low training attendance; no active mobile money usage,False
F102052,Busia,0.0015,low,still early in program tenure; region Trans Nzoia,False
F102053,Siaya,0.0004,low,low training attendance; relatively large loan amount,True
F102054,Trans Nzoia,0.0019,low,no active mobile money usage; long distance to nearest agrodealer,True
F102055,Busia,0.0,low,farm size; region Trans Nzoia,True
F102056,Trans Nzoia,0.0,low,relatively large loan amount; region Vihiga,False
F102057,Trans Nzoia,0.0016,low,still early in program tenure; relatively large loan amount,True
F102058,Busia,0.8862,high,long gap since last farm visit; no active mobile money usage,True
F102059,Busia,0.987,high,long distance to nearest agrodealer; long gap since last farm visit,False
F102060,Siaya,0.7863,high,no active mobile money usage; low input redemption rate,True
F102061,Vihiga,0.0346,low,below-average prior yield; low training attendance,False
F102062,Kakamega,0.0137,low,low training attendance; region Trans Nzoia,False
F102063,Trans Nzoia,0.0002,low,region Busia; region Vihiga,True
F102064,Vihiga,0.897,high,low input redemption rate; long gap since last farm visit,False
F102065,Vihiga,0.0008,low,no active mobile money usage; relatively large loan amount,False
F102066,Trans Nzoia,0.0007,low,low input redemption rate; still early in program tenure,False
F102067,Siaya,0.0012,low,no active mobile money usage; relatively large loan amount,False
F102068,Bungoma,0.0013,low,long gap since last farm visit; low input redemption rate,False
F102069,Busia,0.0058,low,low training attendance; relatively large loan amount,False
F102070,Bungoma,0.0023,low,long gap since last farm visit; still early in program tenure,True
F102071,Vihiga,0.0138,low,low input redemption rate; long distance to nearest agrodealer,False
F102072,Busia,0.0042,low,long distance to nearest agrodealer; low input redemption rate,True
F102073,Busia,0.0051,low,weak repayment among peer group; long distance to nearest agrodealer,False
F102074,Trans Nzoia,0.0335,low,long gap since last farm visit; low training attendance,False
F102075,Busia,0.001,low,no active mobile money usage; region Vihiga,False
F102076,Busia,0.0083,low,no active mobile money usage; long gap since last farm visit,False
F102077,Busia,0.0281,low,no active mobile money usage; low training attendance,False
F102078,Bungoma,0.006,low,low input redemption rate; below-average prior yield,True
F102079,Kakamega,0.0004,low,still early in program tenure; age,True
F102080,Trans Nzoia,0.0892,low,long gap since last farm visit; weak repayment among peer group,False
F102081,Kakamega,0.0007,low,still early in program tenure; weak repayment among peer group,False
F102082,Bungoma,0.9618,high,weak repayment among peer group; long distance to nearest agrodealer,False
F102083,Trans Nzoia,0.0232,low,low input redemption rate; long gap since last farm visit,False
F102084,Kakamega,0.0799,low,low input redemption rate; relatively large loan amount,False
F102085,Vihiga,0.9313,high,low training attendance; long gap since last farm visit,False
F102086,Trans Nzoia,0.0008,low,weak repayment among peer group; low input redemption rate,False
F102087,Vihiga,0.1711,low,long gap since last farm visit; no active mobile money usage,True
F102088,Bungoma,0.0074,low,long distance to nearest agrodealer; low training attendance,False
F102089,Kakamega,0.0002,low,age; region Kakamega,False
F102090,Siaya,0.0004,low,no active mobile money usage; still early in program tenure,False
F102091,Bungoma,0.0917,low,long distance to nearest agrodealer; still early in program tenure,False
F102092,Trans Nzoia,0.0036,low,low training attendance; region Vihiga,False
F102093,Bungoma,0.0027,low,no active mobile money usage; relatively large loan amount,False
F102094,Kakamega,0.0101,low,below-average prior yield; still early in program tenure,False
F102095,Trans Nzoia,0.9834,high,low input redemption rate; below-average prior yield,True
F102096,Siaya,0.9857,high,low input redemption rate; low training attendance,False
F102097,Siaya,0.001,low,relatively large loan amount; low input redemption rate,False
F102098,Trans Nzoia,0.0006,low,low training attendance; farm size,False
F102099,Bungoma,0.0223,low,long distance to nearest agrodealer; low training attendance,False
F102100,Siaya,0.9972,high,low training attendance; long distance to nearest agrodealer,False
F102101,Trans Nzoia,0.9535,high,long distance to nearest agrodealer; still early in program tenure,False
F102102,Bungoma,0.02,low,low training attendance; below-average prior yield,False
F102103,Kakamega,0.0005,low,relatively large loan amount; below-average prior yield,False
F102104,Siaya,0.9909,high,low training attendance; below-average prior yield,False
F102105,Bungoma,0.9534,high,low input redemption rate; no active mobile money usage,False
F102106,Trans Nzoia,0.9165,high,no active mobile money usage; weak repayment among peer group,False
F102107,Kakamega,0.0881,low,no active mobile money usage; long gap since last farm visit,True
F102108,Bungoma,0.0088,low,long gap since last farm visit; low training attendance,False
F102109,Bungoma,0.0008,low,long gap since last farm visit; region Trans Nzoia,True
F102110,Bungoma,0.4898,medium,long gap since last farm visit; low training attendance,True
F102111,Trans Nzoia,0.0002,low,relatively large loan amount; region Kakamega,True
F102112,Siaya,0.0044,low,low training attendance; weak repayment among peer group,False
F102113,Siaya,0.0081,low,low input redemption rate; age,False
F102114,Trans Nzoia,0.0011,low,relatively large loan amount; weak repayment among peer group,True
F102115,Bungoma,0.0556,low,low input redemption rate; low training attendance,False
F102116,Siaya,0.9983,high,low training attendance; low input redemption rate,False
F102117,Vihiga,1e-04,low,still early in program tenure; relatively large loan amount,False
F102118,Vihiga,0.0187,low,long gap since last farm visit; long distance to nearest agrodealer,False
F102119,Trans Nzoia,0.0186,low,weak repayment among peer group; no active mobile money usage,False
F102120,Trans Nzoia,0.0016,low,weak repayment among peer group; below-average prior yield,True
F102121,Siaya,0.002,low,below-average prior yield; relatively large loan amount,False
F102122,Vihiga,0.0118,low,long distance to nearest agrodealer; low training attendance,True
F102123,Vihiga,0.0005,low,weak repayment among peer group; below-average prior yield,False
F102124,Trans Nzoia,1e-04,low,age; long distance to nearest agrodealer,False
F102125,Bungoma,0.0126,low,no active mobile money usage; weak repayment among peer group,False
F102126,Bungoma,0.0205,low,long gap since last farm visit; below-average prior yield,True
F102127,Vihiga,0.0018,low,low input redemption rate; long gap since last farm visit,False
F102128,Kakamega,0.9973,high,no active mobile money usage; long gap since last farm visit,True
F102129,Bungoma,0.0467,low,long gap since last farm visit; low input redemption rate,False
F102130,Trans Nzoia,0.012,low,long gap since last farm visit; weak repayment among peer group,False
F102131,Siaya,0.0004,low,age; weak repayment among peer group,True
F102132,Vihiga,0.9419,high,long gap since last farm visit; no active mobile money usage,False
F102133,Busia,0.0005,low,below-average prior yield; still early in program tenure,False
F102134,Busia,0.0016,low,low training attendance; weak repayment among peer group,False
F102135,Trans Nzoia,0.9423,high,long gap since last farm visit; below-average prior yield,False
F102136,Vihiga,0.1308,low,weak repayment among peer group; long gap since last farm visit,False
F102137,Kakamega,0.0002,low,below-average prior yield; relatively large loan amount,False
F102138,Vihiga,0.9689,high,long gap since last farm visit; below-average prior yield,False
F102139,Busia,0.0092,low,long gap since last farm visit; low training attendance,False
F102140,Trans Nzoia,0.0267,low,low input redemption rate; below-average prior yield,True
F102141,Siaya,0.0018,low,low training attendance; still early in program tenure,False
F102142,Siaya,0.9911,high,low training attendance; long gap since last farm visit,False
F102143,Vihiga,0.2005,low,long gap since last farm visit; below-average prior yield,True
F102144,Busia,0.9001,high,low input redemption rate; low training attendance,False
F102145,Busia,0.0031,low,low training attendance; weak repayment among peer group,True
F102146,Bungoma,0.0015,low,no active mobile money usage; still early in program tenure,False
F102147,Siaya,0.0033,low,relatively large loan amount; low training attendance,False
F102148,Siaya,0.0018,low,low training attendance; still early in program tenure,False
F102149,Siaya,0.6605,high,long gap since last farm visit; low training attendance,True
F102150,Bungoma,0.9996,high,long gap since last farm visit; below-average prior yield,True
F102151,Bungoma,0.4334,medium,below-average prior yield; low input redemption rate,True
F102152,Siaya,0.8973,high,no active mobile money usage; below-average prior yield,False
F102153,Vihiga,0.003,low,long distance to nearest agrodealer; weak repayment among peer group,False
F102154,Trans Nzoia,0.0206,low,low training attendance; weak repayment among peer group,False
F102155,Busia,0.0782,low,long gap since last farm visit; below-average prior yield,True
F102156,Busia,0.0424,low,low training attendance; low input redemption rate,False
F102157,Vihiga,0.3137,medium,long gap since last farm visit; weak repayment among peer group,True
F102158,Trans Nzoia,0.0005,low,farm size; region Vihiga,False
F102159,Busia,0.9972,high,weak repayment among peer group; low training attendance,False
F102160,Trans Nzoia,0.9909,high,long gap since last farm visit; low input redemption rate,True
F102161,Bungoma,0.9181,high,below-average prior yield; no active mobile money usage,False
F102162,Busia,0.0178,low,no active mobile money usage; weak repayment among peer group,False
F102163,Siaya,0.948,high,no active mobile money usage; weak repayment among peer group,False
F102164,Siaya,0.0337,low,low input redemption rate; weak repayment among peer group,False
F102165,Siaya,0.0302,low,low training attendance; long gap since last farm visit,False
F102166,Bungoma,0.0241,low,low training attendance; age,False
F102167,Siaya,0.0032,low,below-average prior yield; still early in program tenure,False
F102168,Siaya,0.0003,low,relatively large loan amount; age,False
F102169,Siaya,0.0023,low,still early in program tenure; relatively large loan amount,False
F102170,Kakamega,0.6552,high,long gap since last farm visit; no active mobile money usage,True
F102171,Trans Nzoia,0.3742,medium,low training attendance; no active mobile money usage,True
F102172,Siaya,0.0927,low,long gap since last farm visit; low input redemption rate,False
F102173,Trans Nzoia,0.0132,low,low training attendance; weak repayment among peer group,False
F102174,Bungoma,0.022,low,below-average prior yield; low training attendance,False
F102175,Trans Nzoia,0.0033,low,weak repayment among peer group; below-average prior yield,False
F102176,Kakamega,0.0002,low,still early in program tenure; region Kakamega,True
F102177,Busia,0.0021,low,long distance to nearest agrodealer; region Kakamega,False
F102178,Vihiga,0.0013,low,long distance to nearest agrodealer; age,False
F102179,Busia,0.0271,low,low input redemption rate; low training attendance,False
F102180,Trans Nzoia,0.0003,low,low input redemption rate; relatively large loan amount,False
F102181,Bungoma,1e-04,low,low input redemption rate; relatively large loan amount,False
F102182,Vihiga,0.9835,high,weak repayment among peer group; long gap since last farm visit,False
F102183,Vihiga,0.0011,low,low training attendance; farm size,False
F102184,Vihiga,0.0006,low,low input redemption rate; region Trans Nzoia,False
F102185,Bungoma,0.0005,low,still early in program tenure; age,True
F102186,Bungoma,0.0065,low,low training attendance; weak repayment among peer group,False
F102187,Bungoma,0.0,low,still early in program tenure; age,False
F102188,Busia,0.0565,low,long distance to nearest agrodealer; weak repayment among peer group,False
F102189,Vihiga,0.0002,low,long gap since last farm visit; still early in program tenure,False
F102190,Busia,0.0006,low,long distance to nearest agrodealer; region Kakamega,True
F102191,Busia,0.0081,low,no active mobile money usage; weak repayment among peer group,True
F102192,Bungoma,0.0002,low,relatively large loan amount; below-average prior yield,False
F102193,Bungoma,0.0006,low,long distance to nearest agrodealer; farm size,True
F102194,Vihiga,0.0631,low,low training attendance; weak repayment among peer group,True
F102195,Trans Nzoia,0.1165,low,low training attendance; below-average prior yield,True
F102196,Bungoma,0.0083,low,below-average prior yield; still early in program tenure,True
F102197,Siaya,0.0207,low,no active mobile money usage; long gap since last farm visit,False
F102198,Vihiga,0.0072,low,age; relatively large loan amount,True
F102199,Bungoma,0.006,low,long gap since last farm visit; relatively large loan amount,False
F102200,Busia,0.0011,low,below-average prior yield; age,False
F102201,Kakamega,0.0518,low,long gap since last farm visit; below-average prior yield,False
F102202,Kakamega,0.0043,low,long gap since last farm visit; age,False
F102203,Busia,1e-04,low,relatively large loan amount; gender M,True
F102204,Busia,0.069,low,no active mobile money usage; low training attendance,False
F102205,Trans Nzoia,0.0011,low,no active mobile money usage; age,False
F102206,Kakamega,0.9193,high,long gap since last farm visit; no active mobile money usage,False
F102207,Siaya,0.0059,low,low training attendance; farm size,False
F102208,Bungoma,0.0056,low,age; low input redemption rate,False
F102209,Kakamega,0.0002,low,weak repayment among peer group; below-average prior yield,True
F102210,Trans Nzoia,0.0118,low,low input redemption rate; relatively large loan amount,True
F102211,Trans Nzoia,0.9938,high,long gap since last farm visit; low training attendance,True
F102212,Vihiga,0.772,high,below-average prior yield; low training attendance,False
F102213,Kakamega,0.949,high,low training attendance; long gap since last farm visit,False
F102214,Kakamega,0.0362,low,low input redemption rate; relatively large loan amount,False
F102215,Busia,0.0839,low,long gap since last farm visit; low training attendance,False
F102216,Busia,0.0467,low,long gap since last farm visit; below-average prior yield,False
F102217,Siaya,0.9651,high,long gap since last farm visit; low training attendance,False
F102218,Bungoma,0.0282,low,low input redemption rate; no active mobile money usage,False
F102219,Bungoma,0.9997,high,long gap since last farm visit; low input redemption rate,False
F102220,Siaya,0.0012,low,age; below-average prior yield,False
F102221,Kakamega,0.0044,low,low input redemption rate; region Trans Nzoia,False
F102222,Kakamega,0.9689,high,low training attendance; long gap since last farm visit,False
F102223,Busia,0.9995,high,long gap since last farm visit; low input redemption rate,False
F102224,Busia,0.0041,low,weak repayment among peer group; relatively large loan amount,False
F102225,Vihiga,0.0396,low,low input redemption rate; relatively large loan amount,False
F102226,Siaya,0.0302,low,long gap since last farm visit; below-average prior yield,False
F102227,Siaya,0.0678,low,low input redemption rate; low training attendance,False
F102228,Bungoma,0.0278,low,low input redemption rate; still early in program tenure,False
F102229,Siaya,0.1369,low,weak repayment among peer group; age,True
F102230,Vihiga,0.0475,low,low input redemption rate; no active mobile money usage,False
F102231,Kakamega,0.0599,low,long gap since last farm visit; relatively large loan amount,True
F102232,Siaya,0.0113,low,below-average prior yield; still early in program tenure,True
F102233,Kakamega,0.0073,low,long gap since last farm visit; still early in program tenure,False
F102234,Vihiga,0.0088,low,still early in program tenure; weak repayment among peer group,False
F102235,Trans Nzoia,0.0034,low,weak repayment among peer group; low input redemption rate,False
F102236,Bungoma,0.034,low,long gap since last farm visit; long distance to nearest agrodealer,True
F102237,Bungoma,0.0502,low,long gap since last farm visit; low training attendance,False
F102238,Busia,0.9799,high,no active mobile money usage; low training attendance,False
F102239,Siaya,0.0012,low,below-average prior yield; farm size,False
F102240,Bungoma,0.0287,low,weak repayment among peer group; long gap since last farm visit,False
F102241,Vihiga,0.9795,high,below-average prior yield; low training attendance,False
F102242,Busia,0.0263,low,long gap since last farm visit; still early in program tenure,False
F102243,Kakamega,0.0044,low,long distance to nearest agrodealer; below-average prior yield,False
F102244,Trans Nzoia,1e-04,low,no active mobile money usage; relatively large loan amount,False
F102245,Trans Nzoia,0.0006,low,long distance to nearest agrodealer; weak repayment among peer group,False
F102246,Vihiga,0.9788,high,low training attendance; no active mobile money usage,True
F102247,Bungoma,0.0309,low,weak repayment among peer group; below-average prior yield,True
F102248,Kakamega,0.9984,high,low training attendance; long distance to nearest agrodealer,False
F102249,Busia,0.0556,low,long gap since last farm visit; relatively large loan amount,False
F102250,Vihiga,0.0258,low,low input redemption rate; no active mobile money usage,True
F102251,Vihiga,0.0658,low,long gap since last farm visit; relatively large loan amount,True
F102252,Bungoma,0.9987,high,low training attendance; weak repayment among peer group,True
F102253,Vihiga,1e-04,low,farm size; relatively large loan amount,True
F102254,Bungoma,0.0005,low,age; still early in program tenure,False
F102255,Trans Nzoia,1e-04,low,low input redemption rate; gender M,True
F102256,Trans Nzoia,0.2772,low,low input redemption rate; age,True
F102257,Vihiga,0.0013,low,below-average prior yield; age,False
F102258,Kakamega,0.0002,low,still early in program tenure; low input redemption rate,True
F102259,Siaya,0.035,low,long gap since last farm visit; farm size,True
F102260,Kakamega,0.0008,low,still early in program tenure; age,True
F102261,Siaya,0.0302,low,low input redemption rate; still early in program tenure,False
F102262,Kakamega,0.8953,high,long distance to nearest agrodealer; no active mobile money usage,False
F102263,Vihiga,0.9642,high,low training attendance; below-average prior yield,False
F102264,Kakamega,0.0206,low,low input redemption rate; still early in program tenure,False
F102265,Kakamega,0.0112,low,weak repayment among peer group; relatively large loan amount,False
F102266,Trans Nzoia,0.0869,low,low training attendance; still early in program tenure,False
F102267,Trans Nzoia,0.0004,low,low training attendance; low input redemption rate,False
F102268,Kakamega,0.0046,low,still early in program tenure; long gap since last farm visit,True
F102269,Siaya,0.9996,high,long gap since last farm visit; no active mobile money usage,True
F102270,Bungoma,0.0532,low,low training attendance; weak repayment among peer group,False
F102271,Bungoma,0.0006,low,below-average prior yield; region Trans Nzoia,True
F102272,Bungoma,0.9998,high,long gap since last farm visit; long distance to nearest agrodealer,False
F102273,Busia,0.0002,low,low training attendance; age,True
F102274,Bungoma,0.0003,low,long gap since last farm visit; gender M,False
F102275,Busia,0.0147,low,low input redemption rate; low training attendance,True
F102276,Bungoma,0.0022,low,weak repayment among peer group; farm size,True
F102277,Kakamega,0.9153,high,below-average prior yield; low input redemption rate,False
F102278,Busia,0.0293,low,long distance to nearest agrodealer; age,False
F102279,Trans Nzoia,0.0144,low,long distance to nearest agrodealer; below-average prior yield,False
F102280,Trans Nzoia,0.001,low,no active mobile money usage; below-average prior yield,False
F102281,Busia,0.0098,low,weak repayment among peer group; no active mobile money usage,False
F102282,Bungoma,0.3509,medium,low input redemption rate; low training attendance,True
F102283,Trans Nzoia,0.1547,low,below-average prior yield; long gap since last farm visit,True
F102284,Trans Nzoia,0.012,low,no active mobile money usage; below-average prior yield,False
F102285,Trans Nzoia,0.0015,low,below-average prior yield; still early in program tenure,True
F102286,Siaya,0.001,low,low input redemption rate; still early in program tenure,False
F102287,Trans Nzoia,0.0014,low,weak repayment among peer group; below-average prior yield,False
F102288,Siaya,0.095,low,low input redemption rate; weak repayment among peer group,False
F102289,Busia,0.0069,low,still early in program tenure; low training attendance,False
F102290,Busia,0.0007,low,below-average prior yield; low training attendance,False
F102291,Bungoma,0.0012,low,farm size; below-average prior yield,False
F102292,Bungoma,0.9558,high,weak repayment among peer group; long gap since last farm visit,True
F102293,Trans Nzoia,0.0015,low,no active mobile money usage; long distance to nearest agrodealer,False
F102294,Trans Nzoia,0.7637,high,low training attendance; below-average prior yield,True
F102295,Trans Nzoia,0.0024,low,long gap since last farm visit; long distance to nearest agrodealer,False
F102296,Bungoma,0.0551,low,low training attendance; long gap since last farm visit,False
F102297,Busia,0.0028,low,no active mobile money usage; relatively large loan amount,False
F102298,Bungoma,0.0292,low,long gap since last farm visit; low training attendance,True
F102299,Siaya,0.9925,high,long gap since last farm visit; low input redemption rate,False
F102300,Bungoma,0.9985,high,long gap since last farm visit; no active mobile money usage,False
F102301,Kakamega,0.0,low,still early in program tenure; region Trans Nzoia,False
F102302,Vihiga,0.0006,low,long gap since last farm visit; age,False
F102303,Siaya,0.0008,low,no active mobile money usage; still early in program tenure,True
F102304,Siaya,0.0005,low,region Siaya; region Trans Nzoia,False
F102305,Kakamega,0.0003,low,low training attendance; relatively large loan amount,False
F102306,Bungoma,0.0082,low,below-average prior yield; age,False
F102307,Kakamega,0.0097,low,below-average prior yield; long gap since last farm visit,False
F102308,Bungoma,0.864,high,no active mobile money usage; weak repayment among peer group,False
F102309,Vihiga,0.0002,low,low input redemption rate; age,False
F102310,Bungoma,0.0012,low,no active mobile money usage; still early in program tenure,False
F102311,Kakamega,0.9634,high,low input redemption rate; below-average prior yield,False
F102312,Vihiga,0.8488,high,long gap since last farm visit; no active mobile money usage,True
F102313,Kakamega,0.0002,low,weak repayment among peer group; age,False
F102314,Bungoma,0.9756,high,low input redemption rate; below-average prior yield,False
F102315,Kakamega,0.9545,high,low input redemption rate; still early in program tenure,False
F102316,Kakamega,0.0606,low,low training attendance; weak repayment among peer group,False
F102317,Busia,0.0011,low,below-average prior yield; still early in program tenure,False
F102318,Siaya,0.041,low,long distance to nearest agrodealer; no active mobile money usage,False
F102319,Trans Nzoia,0.0017,low,long distance to nearest agrodealer; low training attendance,True
F102320,Kakamega,0.9536,high,long gap since last farm visit; no active mobile money usage,False
F102321,Kakamega,0.0754,low,low input redemption rate; relatively large loan amount,True
F102322,Busia,0.0002,low,weak repayment among peer group; region Trans Nzoia,False
F102323,Vihiga,0.0525,low,low input redemption rate; below-average prior yield,False
F102324,Trans Nzoia,0.9938,high,low input redemption rate; long gap since last farm visit,True
F102325,Trans Nzoia,0.0005,low,long distance to nearest agrodealer; relatively large loan amount,False
F102326,Busia,1e-04,low,region Trans Nzoia; region Kakamega,False
F102327,Bungoma,0.0346,low,low training attendance; age,False
F102328,Kakamega,0.0006,low,relatively large loan amount; low training attendance,False
F102329,Kakamega,0.9738,high,weak repayment among peer group; long distance to nearest agrodealer,False
F102330,Kakamega,0.002,low,no active mobile money usage; farm size,False
F102331,Siaya,0.0337,low,weak repayment among peer group; long gap since last farm visit,False
F102332,Bungoma,0.002,low,low training attendance; region Trans Nzoia,False
F102333,Trans Nzoia,0.0007,low,below-average prior yield; low input redemption rate,False
F102334,Vihiga,0.0087,low,weak repayment among peer group; relatively large loan amount,False
F102335,Vihiga,0.0021,low,weak repayment among peer group; still early in program tenure,False
F102336,Busia,0.9375,high,low input redemption rate; low training attendance,False
F102337,Trans Nzoia,0.0002,low,still early in program tenure; relatively large loan amount,False
F102338,Kakamega,0.0118,low,low training attendance; long gap since last farm visit,False
F102339,Kakamega,0.0067,low,no active mobile money usage; weak repayment among peer group,False
F102340,Busia,0.0063,low,below-average prior yield; relatively large loan amount,False
F102341,Busia,0.0004,low,long distance to nearest agrodealer; relatively large loan amount,True
F102342,Vihiga,0.0002,low,below-average prior yield; long distance to nearest agrodealer,False
F102343,Trans Nzoia,0.0002,low,region Vihiga; gender M,False
F102344,Vihiga,0.001,low,weak repayment among peer group; relatively large loan amount,False
F102345,Bungoma,0.0143,low,weak repayment among peer group; still early in program tenure,False
F102346,Bungoma,0.0119,low,below-average prior yield; low training attendance,False
F102347,Trans Nzoia,0.0066,low,long distance to nearest agrodealer; still early in program tenure,True
F102348,Bungoma,0.0093,low,no active mobile money usage; farm size,True
F102349,Vihiga,0.0009,low,no active mobile money usage; region Trans Nzoia,True
F102350,Vihiga,0.0027,low,no active mobile money usage; farm size,False
F102351,Trans Nzoia,1e-04,low,low input redemption rate; relatively large loan amount,False
F102352,Trans Nzoia,0.9404,high,long gap since last farm visit; no active mobile money usage,False
F102353,Busia,0.9164,high,no active mobile money usage; low training attendance,False
F102354,Bungoma,0.0357,low,still early in program tenure; weak repayment among peer group,False
F102355,Busia,0.0002,low,age; region Vihiga,False
F102356,Busia,0.9928,high,low training attendance; long gap since last farm visit,False
F102357,Bungoma,0.9932,high,low input redemption rate; long gap since last farm visit,False
F102358,Vihiga,1e-04,low,below-average prior yield; still early in program tenure,False
F102359,Bungoma,0.0063,low,weak repayment among peer group; still early in program tenure,False
F102360,Vihiga,0.0017,low,no active mobile money usage; weak repayment among peer group,False
F102361,Trans Nzoia,0.0003,low,long distance to nearest agrodealer; gender M,False
F102362,Siaya,0.0047,low,low input redemption rate; low training attendance,True
F102363,Kakamega,0.0235,low,long gap since last farm visit; below-average prior yield,False
F102364,Trans Nzoia,0.0004,low,gender M; farm size,False
F102365,Kakamega,0.0033,low,low training attendance; farm size,False
F102366,Busia,0.0059,low,low input redemption rate; below-average prior yield,False
F102367,Bungoma,0.0005,low,no active mobile money usage; low training attendance,True
F102368,Kakamega,0.0006,low,still early in program tenure; below-average prior yield,False
F102369,Bungoma,0.0023,low,long gap since last farm visit; relatively large loan amount,False
F102370,Kakamega,0.0008,low,weak repayment among peer group; still early in program tenure,False
F102371,Trans Nzoia,0.0016,low,long gap since last farm visit; region Vihiga,False
F102372,Kakamega,0.0015,low,long distance to nearest agrodealer; below-average prior yield,False
F102373,Busia,0.0985,low,long gap since last farm visit; low input redemption rate,False
F102374,Trans Nzoia,0.9097,high,no active mobile money usage; long gap since last farm visit,False
F102375,Siaya,0.0196,low,long gap since last farm visit; low training attendance,False
F102376,Siaya,0.0607,low,no active mobile money usage; low input redemption rate,True
F102377,Kakamega,0.0005,low,long gap since last farm visit; region Trans Nzoia,True
F102378,Siaya,0.0012,low,low training attendance; long distance to nearest agrodealer,True
F102379,Vihiga,0.0008,low,long distance to nearest agrodealer; below-average prior yield,False
F102380,Bungoma,0.0125,low,below-average prior yield; weak repayment among peer group,False
F102381,Busia,0.0002,low,low input redemption rate; relatively large loan amount,True
F102382,Siaya,0.0024,low,still early in program tenure; relatively large loan amount,False
F102383,Busia,0.0006,low,weak repayment among peer group; farm size,True
F102384,Bungoma,0.1938,low,low input redemption rate; long gap since last farm visit,False
F102385,Siaya,0.0328,low,no active mobile money usage; weak repayment among peer group,False
F102386,Siaya,0.9972,high,long distance to nearest agrodealer; low input redemption rate,False
F102387,Siaya,0.0042,low,long gap since last farm visit; still early in program tenure,False
F102388,Siaya,0.0264,low,no active mobile money usage; below-average prior yield,False
F102389,Siaya,0.0162,low,low training attendance; low input redemption rate,False
F102390,Busia,0.0058,low,long gap since last farm visit; still early in program tenure,False
F102391,Bungoma,0.9634,high,long gap since last farm visit; no active mobile money usage,True
F102392,Vihiga,0.0013,low,long distance to nearest agrodealer; low input redemption rate,True
F102393,Bungoma,0.0013,low,below-average prior yield; relatively large loan amount,False
F102394,Busia,0.0147,low,low training attendance; weak repayment among peer group,True
F102395,Vihiga,0.0008,low,still early in program tenure; low training attendance,False
F102396,Siaya,0.0016,low,no active mobile money usage; long distance to nearest agrodealer,False
F102397,Bungoma,0.9906,high,long gap since last farm visit; weak repayment among peer group,False
F102398,Bungoma,0.0011,low,age; relatively large loan amount,True
F102399,Trans Nzoia,0.0003,low,relatively large loan amount; region Vihiga,False
F102400,Kakamega,0.0068,low,long gap since last farm visit; low training attendance,False
F102401,Vihiga,0.0017,low,weak repayment among peer group; still early in program tenure,True
F102402,Trans Nzoia,0.0076,low,long gap since last farm visit; below-average prior yield,False
F102403,Vihiga,0.0006,low,long distance to nearest agrodealer; region Trans Nzoia,False
F102404,Busia,0.0215,low,long gap since last farm visit; low input redemption rate,False
F102405,Trans Nzoia,0.0009,low,below-average prior yield; long distance to nearest agrodealer,True
F102406,Busia,0.9868,high,long gap since last farm visit; low input redemption rate,False
F102407,Trans Nzoia,0.0069,low,below-average prior yield; low input redemption rate,False
F102408,Busia,0.9748,high,weak repayment among peer group; long gap since last farm visit,False
F102409,Kakamega,0.1046,low,low training attendance; long gap since last farm visit,False
F102410,Vihiga,0.0075,low,age; farm size,False
F102411,Kakamega,0.9995,high,low input redemption rate; long gap since last farm visit,True
F102412,Siaya,0.0517,low,weak repayment among peer group; below-average prior yield,True
F102413,Vihiga,0.9995,high,low input redemption rate; weak repayment among peer group,True
F102414,Busia,0.0033,low,long gap since last farm visit; below-average prior yield,False
F102415,Busia,0.0445,low,long gap since last farm visit; low input redemption rate,False
F102416,Vihiga,1e-04,low,relatively large loan amount; age,False
F102417,Bungoma,0.0438,low,long gap since last farm visit; weak repayment among peer group,False
F102418,Bungoma,0.9611,high,weak repayment among peer group; long distance to nearest agrodealer,False
F102419,Busia,0.0043,low,no active mobile money usage; below-average prior yield,False
F102420,Bungoma,0.5615,medium,long gap since last farm visit; long distance to nearest agrodealer,True
F102421,Trans Nzoia,0.9528,high,low training attendance; long distance to nearest agrodealer,True
F102422,Kakamega,0.0809,low,long gap since last farm visit; long distance to nearest agrodealer,False
F102423,Trans Nzoia,0.9818,high,long gap since last farm visit; below-average prior yield,False
F102424,Busia,0.0005,low,relatively large loan amount; age,False
F102425,Vihiga,0.29,low,low input redemption rate; no active mobile money usage,True
F102426,Kakamega,0.0136,low,weak repayment among peer group; below-average prior yield,False
F102427,Busia,0.0234,low,below-average prior yield; still early in program tenure,True
F102428,Trans Nzoia,0.0005,low,still early in program tenure; region Vihiga,False
F102429,Bungoma,0.9999,high,low input redemption rate; long gap since last farm visit,False
F102430,Kakamega,0.0118,low,no active mobile money usage; long gap since last farm visit,True
F102431,Vihiga,0.0077,low,long gap since last farm visit; relatively large loan amount,True
F102432,Kakamega,0.0009,low,below-average prior yield; low training attendance,False
F102433,Bungoma,0.031,low,long gap since last farm visit; farm size,False
F102434,Busia,1e-04,low,below-average prior yield; age,True
F102435,Vihiga,0.9655,high,low training attendance; low input redemption rate,False
F102436,Vihiga,0.0035,low,long gap since last farm visit; still early in program tenure,False
F102437,Trans Nzoia,0.9996,high,low input redemption rate; long gap since last farm visit,False
F102438,Siaya,0.9935,high,low input redemption rate; long gap since last farm visit,False
F102439,Kakamega,0.0067,low,low training attendance; still early in program tenure,False
F102440,Busia,0.0393,low,low input redemption rate; low training attendance,False
F102441,Kakamega,0.9694,high,long gap since last farm visit; no active mobile money usage,False
F102442,Kakamega,0.0088,low,no active mobile money usage; weak repayment among peer group,False
F102443,Bungoma,0.9671,high,low input redemption rate; below-average prior yield,True
F102444,Vihiga,1e-04,low,still early in program tenure; low training attendance,False
F102445,Siaya,1.0,high,long gap since last farm visit; weak repayment among peer group,False
F102446,Trans Nzoia,0.0013,low,age; still early in program tenure,False
F102447,Vihiga,0.9985,high,long gap since last farm visit; low training attendance,True
F102448,Trans Nzoia,0.0346,low,low training attendance; long gap since last farm visit,False
F102449,Bungoma,0.0192,low,low input redemption rate; low training attendance,False
F102450,Siaya,0.0812,low,low training attendance; long distance to nearest agrodealer,False
F102451,Siaya,0.9064,high,long gap since last farm visit; below-average prior yield,False
F102452,Kakamega,0.0753,low,no active mobile money usage; low input redemption rate,False
F102453,Busia,0.5232,medium,weak repayment among peer group; low input redemption rate,True
F102454,Trans Nzoia,0.0067,low,low input redemption rate; still early in program tenure,False
F102455,Busia,0.0022,low,low training attendance; low input redemption rate,False
F102456,Siaya,1e-04,low,relatively large loan amount; age,True
F102457,Siaya,0.0161,low,below-average prior yield; weak repayment among peer group,False
F102458,Busia,0.0319,low,no active mobile money usage; age,True
F102459,Kakamega,0.0378,low,weak repayment among peer group; low training attendance,False
F102460,Busia,0.0007,low,age; region Trans Nzoia,False
F102461,Bungoma,0.0051,low,no active mobile money usage; still early in program tenure,False
F102462,Busia,0.0015,low,below-average prior yield; relatively large loan amount,False
F102463,Vihiga,0.0019,low,low training attendance; farm size,True
F102464,Busia,0.9672,high,low input redemption rate; low training attendance,False
F102465,Bungoma,0.0038,low,no active mobile money usage; relatively large loan amount,False
F102466,Bungoma,0.0004,low,low training attendance; gender M,False
F102467,Trans Nzoia,0.0007,low,no active mobile money usage; region Vihiga,False
F102468,Kakamega,0.0047,low,no active mobile money usage; long distance to nearest agrodealer,True
F102469,Bungoma,0.0046,low,still early in program tenure; below-average prior yield,True
F102470,Siaya,0.0075,low,weak repayment among peer group; no active mobile money usage,False
F102471,Kakamega,0.9999,high,low input redemption rate; weak repayment among peer group,False
F102472,Busia,0.0027,low,age; weak repayment among peer group,False
F102473,Bungoma,0.0468,low,low input redemption rate; below-average prior yield,True
F102474,Kakamega,0.0617,low,low input redemption rate; long distance to nearest agrodealer,False
F102475,Busia,0.0062,low,relatively large loan amount; region Trans Nzoia,False
F102476,Vihiga,0.9495,high,weak repayment among peer group; below-average prior yield,True
F102477,Bungoma,1e-04,low,farm size; relatively large loan amount,False
F102478,Kakamega,1e-04,low,long distance to nearest agrodealer; relatively large loan amount,False
F102479,Kakamega,0.0172,low,long gap since last farm visit; weak repayment among peer group,False
F102480,Vihiga,0.042,low,weak repayment among peer group; still early in program tenure,False
F102481,Siaya,0.9861,high,low input redemption rate; no active mobile money usage,False
F102482,Bungoma,0.8994,high,low input redemption rate; no active mobile money usage,False
F102483,Bungoma,0.3133,medium,below-average prior yield; long gap since last farm visit,True
F102484,Busia,0.0138,low,weak repayment among peer group; low training attendance,True
F102485,Busia,0.0053,low,still early in program tenure; long gap since last farm visit,False
F102486,Bungoma,0.0009,low,below-average prior yield; region Trans Nzoia,False
F102487,Kakamega,0.998,high,long gap since last farm visit; low input redemption rate,True
F102488,Vihiga,0.003,low,low training attendance; no active mobile money usage,False
F102489,Busia,0.9997,high,low input redemption rate; weak repayment among peer group,False
F102490,Busia,1e-04,low,still early in program tenure; relatively large loan amount,False
F102491,Bungoma,0.0012,low,low training attendance; age,False
F102492,Siaya,1e-04,low,region Siaya; region Trans Nzoia,False
F102493,Vihiga,0.0098,low,weak repayment among peer group; no active mobile money usage,False
F102494,Busia,0.9725,high,low input redemption rate; long gap since last farm visit,False
F102495,Bungoma,0.9833,high,low input redemption rate; low training attendance,False
F102496,Trans Nzoia,0.973,high,low input redemption rate; below-average prior yield,False
F102497,Siaya,0.0015,low,age; long distance to nearest agrodealer,False
F102498,Kakamega,0.0226,low,below-average prior yield; weak repayment among peer group,False
F102499,Siaya,0.0003,low,low input redemption rate; relatively large loan amount,False
F102500,Trans Nzoia,0.0045,low,low training attendance; weak repayment among peer group,False
F102501,Kakamega,0.0006,low,no active mobile money usage; relatively large loan amount,True
F102502,Trans Nzoia,0.0029,low,long distance to nearest agrodealer; low training attendance,False
F102503,Kakamega,0.9967,high,long distance to nearest agrodealer; below-average prior yield,False
F102504,Kakamega,0.0021,low,low input redemption rate; long distance to nearest agrodealer,False
F102505,Kakamega,0.0162,low,low input redemption rate; age,False
F102506,Busia,0.0112,low,below-average prior yield; low training attendance,False
F102507,Vihiga,0.0078,low,relatively large loan amount; low input redemption rate,False
F102508,Busia,0.0116,low,below-average prior yield; low training attendance,True
F102509,Kakamega,0.0082,low,weak repayment among peer group; long gap since last farm visit,False
F102510,Bungoma,0.9831,high,long gap since last farm visit; low input redemption rate,False
F102511,Siaya,0.061,low,no active mobile money usage; long distance to nearest agrodealer,False
F102512,Siaya,0.0007,low,long distance to nearest agrodealer; relatively large loan amount,True
F102513,Trans Nzoia,0.0049,low,low training attendance; relatively large loan amount,False
F102514,Kakamega,0.0318,low,low training attendance; still early in program tenure,False
F102515,Trans Nzoia,0.0048,low,below-average prior yield; farm size,True
F102516,Trans Nzoia,0.0011,low,age; relatively large loan amount,False
F102517,Vihiga,0.9517,high,long gap since last farm visit; low training attendance,True
F102518,Kakamega,0.9628,high,low training attendance; weak repayment among peer group,False
F102519,Siaya,0.973,high,below-average prior yield; low input redemption rate,False
F102520,Busia,0.036,low,below-average prior yield; no active mobile money usage,True
F102521,Kakamega,0.008,low,below-average prior yield; low training attendance,False
F102522,Bungoma,0.7997,high,low training attendance; no active mobile money usage,True
F102523,Busia,0.0072,low,still early in program tenure; age,False
F102524,Kakamega,0.4713,medium,long gap since last farm visit; below-average prior yield,True
F102525,Bungoma,0.9485,high,below-average prior yield; long distance to nearest agrodealer,False
F102526,Busia,0.0003,low,still early in program tenure; relatively large loan amount,True
F102527,Siaya,0.3809,medium,weak repayment among peer group; long gap since last farm visit,True
F102528,Kakamega,0.9223,high,long gap since last farm visit; below-average prior yield,False
F102529,Vihiga,0.0385,low,low training attendance; long distance to nearest agrodealer,True
F102530,Siaya,0.4574,medium,low input redemption rate; weak repayment among peer group,True
F102531,Trans Nzoia,0.0214,low,low training attendance; long distance to nearest agrodealer,False
F102532,Siaya,0.2242,low,no active mobile money usage; long gap since last farm visit,True
F102533,Bungoma,0.0162,low,low input redemption rate; low training attendance,False
F102534,Trans Nzoia,0.0008,low,long distance to nearest agrodealer; relatively large loan amount,False
F102535,Siaya,0.9909,high,long gap since last farm visit; low training attendance,False
F102536,Bungoma,0.003,low,long gap since last farm visit; region Trans Nzoia,False
F102537,Busia,0.0382,low,weak repayment among peer group; no active mobile money usage,True
F102538,Vihiga,0.8987,high,low training attendance; long gap since last farm visit,False
F102539,Busia,0.0052,low,long gap since last farm visit; low input redemption rate,False
F102540,Bungoma,0.0174,low,low input redemption rate; low training attendance,True
F102541,Siaya,0.9996,high,low training attendance; weak repayment among peer group,True
F102542,Siaya,0.0709,low,long gap since last farm visit; long distance to nearest agrodealer,False
F102543,Busia,0.9886,high,long gap since last farm visit; low input redemption rate,False
F102544,Trans Nzoia,0.0035,low,low training attendance; no active mobile money usage,True
F102545,Busia,0.9678,high,long gap since last farm visit; no active mobile money usage,False
F102546,Trans Nzoia,0.0104,low,still early in program tenure; below-average prior yield,False
F102547,Vihiga,0.0164,low,low input redemption rate; weak repayment among peer group,False
F102548,Busia,0.0004,low,below-average prior yield; age,True
F102549,Kakamega,0.0085,low,long gap since last farm visit; relatively large loan amount,False
F102550,Vihiga,0.0188,low,low input redemption rate; below-average prior yield,False
F102551,Bungoma,0.0221,low,still early in program tenure; long gap since last farm visit,False
F102552,Bungoma,0.0006,low,no active mobile money usage; farm size,False
F102553,Bungoma,0.9971,high,long gap since last farm visit; low input redemption rate,False
F102554,Siaya,0.9197,high,low training attendance; no active mobile money usage,False
F102555,Kakamega,0.0007,low,still early in program tenure; gender M,False
F102556,Trans Nzoia,1e-04,low,weak repayment among peer group; below-average prior yield,False
F102557,Siaya,0.0002,low,low training attendance; relatively large loan amount,False
F102558,Kakamega,0.0242,low,weak repayment among peer group; below-average prior yield,False
F102559,Vihiga,0.9998,high,long gap since last farm visit; low input redemption rate,False
F102560,Vihiga,0.0025,low,low training attendance; below-average prior yield,False
F102561,Busia,0.0002,low,no active mobile money usage; relatively large loan amount,False
F102562,Trans Nzoia,0.0056,low,low training attendance; no active mobile money usage,False
F102563,Busia,0.1248,low,long gap since last farm visit; weak repayment among peer group,False
F102564,Busia,1e-04,low,long distance to nearest agrodealer; relatively large loan amount,True
F102565,Busia,0.0008,low,low training attendance; relatively large loan amount,False
F102566,Trans Nzoia,0.5948,medium,below-average prior yield; still early in program tenure,True
F102567,Vihiga,0.0021,low,low input redemption rate; still early in program tenure,False
F102568,Busia,0.0002,low,no active mobile money usage; weak repayment among peer group,False
F102569,Siaya,0.0063,low,long gap since last farm visit; below-average prior yield,True
F102570,Trans Nzoia,0.0144,low,low training attendance; long distance to nearest agrodealer,False
F102571,Siaya,0.0092,low,still early in program tenure; age,False
F102572,Trans Nzoia,0.0031,low,weak repayment among peer group; relatively large loan amount,False
F102573,Busia,0.018,low,weak repayment among peer group; age,False
F102574,Trans Nzoia,0.9091,high,long gap since last farm visit; still early in program tenure,False
F102575,Bungoma,0.0005,low,below-average prior yield; low input redemption rate,False
F102576,Bungoma,0.8448,high,low input redemption rate; long gap since last farm visit,True
F102577,Busia,0.0023,low,below-average prior yield; low training attendance,False
F102578,Siaya,0.0054,low,low input redemption rate; weak repayment among peer group,True
F102579,Vihiga,0.0005,low,still early in program tenure; weak repayment among peer group,True
F102580,Busia,0.0011,low,long distance to nearest agrodealer; below-average prior yield,False
F102581,Busia,0.0427,low,low training attendance; long distance to nearest agrodealer,False
F102582,Bungoma,0.9586,high,below-average prior yield; low training attendance,False
F102583,Vihiga,0.0086,low,low training attendance; region Trans Nzoia,False
F102584,Busia,0.0004,low,relatively large loan amount; region Kakamega,True
F102585,Vihiga,0.0064,low,low input redemption rate; age,False
F102586,Busia,0.9576,high,long gap since last farm visit; low training attendance,False
F102587,Bungoma,0.0132,low,below-average prior yield; no active mobile money usage,False
F102588,Siaya,0.0516,low,long distance to nearest agrodealer; still early in program tenure,False
F102589,Busia,0.058,low,long gap since last farm visit; low input redemption rate,False
F102590,Kakamega,0.0173,low,no active mobile money usage; relatively large loan amount,False
F102591,Busia,0.9951,high,long gap since last farm visit; below-average prior yield,False
F102592,Vihiga,1e-04,low,region Trans Nzoia; region Kakamega,False
F102593,Kakamega,0.002,low,still early in program tenure; farm size,False
F102594,Bungoma,0.0005,low,long gap since last farm visit; below-average prior yield,False
F102595,Kakamega,0.9996,high,long gap since last farm visit; below-average prior yield,False
F102596,Vihiga,0.0006,low,long gap since last farm visit; still early in program tenure,True
F102597,Trans Nzoia,0.0004,low,below-average prior yield; age,False
F102598,Siaya,0.0173,low,low input redemption rate; long gap since last farm visit,True
F102599,Busia,0.0017,low,no active mobile money usage; still early in program tenure,False
F102600,Siaya,0.0005,low,weak repayment among peer group; relatively large loan amount,False
F102601,Bungoma,0.0002,low,gender M; region Trans Nzoia,False
F102602,Trans Nzoia,0.0004,low,below-average prior yield; low training attendance,False
F102603,Vihiga,0.0002,low,long gap since last farm visit; still early in program tenure,False
F102604,Trans Nzoia,0.0007,low,still early in program tenure; weak repayment among peer group,False
F102605,Trans Nzoia,0.0402,low,below-average prior yield; long distance to nearest agrodealer,False
F102606,Vihiga,0.0002,low,age; region Trans Nzoia,False
F102607,Bungoma,0.0694,low,below-average prior yield; low input redemption rate,True
F102608,Vihiga,0.5585,medium,long distance to nearest agrodealer; low training attendance,True
F102609,Trans Nzoia,1.0,high,long gap since last farm visit; weak repayment among peer group,True
F102610,Siaya,0.9412,high,long distance to nearest agrodealer; no active mobile money usage,False
F102611,Siaya,0.004,low,long distance to nearest agrodealer; long gap since last farm visit,False
F102612,Bungoma,0.968,high,weak repayment among peer group; long gap since last farm visit,False
F102613,Vihiga,0.9431,high,low training attendance; long gap since last farm visit,False
F102614,Kakamega,0.9497,high,weak repayment among peer group; no active mobile money usage,False
F102615,Trans Nzoia,0.925,high,low input redemption rate; long gap since last farm visit,True
F102616,Siaya,0.0186,low,long distance to nearest agrodealer; long gap since last farm visit,False
F102617,Kakamega,0.049,low,low input redemption rate; long gap since last farm visit,True
F102618,Vihiga,0.0102,low,low training attendance; weak repayment among peer group,True
F102619,Siaya,0.0003,low,weak repayment among peer group; below-average prior yield,False
F102620,Siaya,0.0002,low,region Siaya; region Trans Nzoia,False
F102621,Busia,0.9532,high,long gap since last farm visit; low training attendance,True
F102622,Kakamega,1e-04,low,weak repayment among peer group; farm size,False
F102623,Siaya,0.0062,low,no active mobile money usage; low training attendance,False
F102624,Siaya,0.3991,medium,no active mobile money usage; low training attendance,True
F102625,Vihiga,0.0006,low,low training attendance; below-average prior yield,False
F102626,Siaya,0.9697,high,no active mobile money usage; low training attendance,True
F102627,Kakamega,0.0209,low,long gap since last farm visit; relatively large loan amount,False
F102628,Vihiga,0.0007,low,low training attendance; relatively large loan amount,False
F102629,Kakamega,0.0006,low,long distance to nearest agrodealer; still early in program tenure,False
F102630,Siaya,0.0035,low,no active mobile money usage; below-average prior yield,False
F102631,Trans Nzoia,0.0045,low,no active mobile money usage; long distance to nearest agrodealer,True
F102632,Siaya,0.0169,low,low training attendance; below-average prior yield,False
F102633,Vihiga,0.0049,low,low input redemption rate; weak repayment among peer group,False
F102634,Kakamega,0.0172,low,long gap since last farm visit; low training attendance,False
F102635,Kakamega,0.0024,low,long gap since last farm visit; relatively large loan amount,False
F102636,Busia,1e-04,low,relatively large loan amount; gender M,True
F102637,Trans Nzoia,0.9467,high,long gap since last farm visit; long distance to nearest agrodealer,False
F102638,Kakamega,0.0062,low,low input redemption rate; below-average prior yield,False
F102639,Siaya,0.0077,low,weak repayment among peer group; below-average prior yield,False
F102640,Bungoma,0.9772,high,long gap since last farm visit; low input redemption rate,False
F102641,Busia,0.0165,low,long distance to nearest agrodealer; low input redemption rate,False
F102642,Bungoma,0.9602,high,long gap since last farm visit; long distance to nearest agrodealer,True
F102643,Busia,0.8936,high,low training attendance; long gap since last farm visit,False
F102644,Busia,0.974,high,long gap since last farm visit; low input redemption rate,False
F102645,Kakamega,0.0008,low,long distance to nearest agrodealer; still early in program tenure,False
F102646,Vihiga,0.1577,low,low input redemption rate; low training attendance,False
F102647,Trans Nzoia,0.0037,low,no active mobile money usage; weak repayment among peer group,False
F102648,Siaya,0.5092,medium,low training attendance; low input redemption rate,True
F102649,Bungoma,0.2065,low,low training attendance; low input redemption rate,True
F102650,Siaya,0.0142,low,long distance to nearest agrodealer; low training attendance,False
F102651,Siaya,0.0024,low,weak repayment among peer group; long distance to nearest agrodealer,True
F102652,Siaya,0.9897,high,long gap since last farm visit; below-average prior yield,False
F102653,Busia,0.0028,low,no active mobile money usage; long distance to nearest agrodealer,False
F102654,Siaya,0.4585,medium,low input redemption rate; below-average prior yield,True
F102655,Vihiga,0.7502,high,no active mobile money usage; long gap since last farm visit,True
F102656,Kakamega,0.0088,low,long distance to nearest agrodealer; low training attendance,True
F102657,Bungoma,0.0089,low,below-average prior yield; still early in program tenure,False
F102658,Trans Nzoia,0.9552,high,low training attendance; low input redemption rate,False
F102659,Kakamega,0.0002,low,long gap since last farm visit; region Trans Nzoia,False
F102660,Busia,0.0711,low,long gap since last farm visit; still early in program tenure,False
F102661,Trans Nzoia,0.0006,low,long gap since last farm visit; weak repayment among peer group,False
F102662,Kakamega,0.0006,low,weak repayment among peer group; relatively large loan amount,False
F102663,Busia,0.0067,low,still early in program tenure; low input redemption rate,False
F102664,Bungoma,0.0016,low,no active mobile money usage; long distance to nearest agrodealer,False
F102665,Vihiga,0.9992,high,long distance to nearest agrodealer; long gap since last farm visit,False
F102666,Bungoma,0.0009,low,no active mobile money usage; still early in program tenure,True
F102667,Siaya,0.0143,low,low training attendance; no active mobile money usage,False
F102668,Kakamega,1e-04,low,region Trans Nzoia; region Kakamega,True
F102669,Siaya,0.0007,low,below-average prior yield; region Siaya,False
F102670,Trans Nzoia,0.0036,low,weak repayment among peer group; relatively large loan amount,True
F102671,Siaya,0.6612,high,weak repayment among peer group; low training attendance,True
F102672,Siaya,0.9877,high,long gap since last farm visit; low input redemption rate,False
F102673,Bungoma,0.0651,low,long gap since last farm visit; below-average prior yield,False
F102674,Siaya,0.0018,low,low input redemption rate; weak repayment among peer group,True
F102675,Vihiga,0.9358,high,low input redemption rate; long gap since last farm visit,False
F102676,Siaya,0.9456,high,low input redemption rate; long gap since last farm visit,True
F102677,Siaya,0.0028,low,below-average prior yield; relatively large loan amount,False
F102678,Vihiga,0.0031,low,relatively large loan amount; long distance to nearest agrodealer,False
F102679,Busia,0.9571,high,no active mobile money usage; long gap since last farm visit,False
F102680,Kakamega,0.0002,low,below-average prior yield; still early in program tenure,False
F102681,Kakamega,0.0007,low,still early in program tenure; low training attendance,False
F102682,Busia,0.0005,low,relatively large loan amount; region Trans Nzoia,False
F102683,Trans Nzoia,0.0285,low,weak repayment among peer group; below-average prior yield,True
F102684,Vihiga,0.0022,low,below-average prior yield; relatively large loan amount,False
F102685,Busia,0.0021,low,age; relatively large loan amount,False
F102686,Bungoma,0.0113,low,no active mobile money usage; below-average prior yield,False
F102687,Vihiga,0.9841,high,long gap since last farm visit; low training attendance,False
F102688,Vihiga,0.0023,low,low training attendance; weak repayment among peer group,False
F102689,Siaya,0.01,low,low training attendance; region Siaya,False
F102690,Trans Nzoia,0.0058,low,long gap since last farm visit; still early in program tenure,False
F102691,Vihiga,0.001,low,weak repayment among peer group; farm size,False
F102692,Siaya,0.0029,low,low input redemption rate; still early in program tenure,False
F102693,Busia,0.0041,low,long gap since last farm visit; low input redemption rate,False
F102694,Siaya,0.9875,high,low input redemption rate; no active mobile money usage,False
F102695,Busia,0.0128,low,weak repayment among peer group; long distance to nearest agrodealer,False
F102696,Kakamega,1.0,high,low training attendance; long gap since last farm visit,False
F102697,Busia,0.0002,low,relatively large loan amount; weak repayment among peer group,True
F102698,Kakamega,0.8571,high,no active mobile money usage; long gap since last farm visit,False
F102699,Kakamega,0.0013,low,still early in program tenure; relatively large loan amount,False
F102700,Siaya,0.0023,low,still early in program tenure; region Siaya,False
F102701,Trans Nzoia,1e-04,low,below-average prior yield; age,False
F102702,Bungoma,0.9981,high,weak repayment among peer group; long gap since last farm visit,False
F102703,Siaya,1e-04,low,gender M; region Trans Nzoia,False
F102704,Kakamega,0.012,low,below-average prior yield; relatively large loan amount,False
F102705,Bungoma,0.0002,low,low input redemption rate; farm size,False
F102706,Trans Nzoia,0.0016,low,low input redemption rate; long distance to nearest agrodealer,False
F102707,Bungoma,0.9997,high,weak repayment among peer group; long distance to nearest agrodealer,False
F102708,Trans Nzoia,0.3513,medium,long gap since last farm visit; no active mobile money usage,True
F102709,Siaya,0.0033,low,long gap since last farm visit; relatively large loan amount,False
F102710,Kakamega,0.0039,low,no active mobile money usage; weak repayment among peer group,False
F102711,Kakamega,0.9143,high,long gap since last farm visit; no active mobile money usage,False
F102712,Siaya,0.0048,low,long distance to nearest agrodealer; age,True
F102713,Vihiga,0.0014,low,farm size; region Trans Nzoia,False
F102714,Vihiga,0.9927,high,low training attendance; below-average prior yield,False
F102715,Busia,0.0136,low,below-average prior yield; weak repayment among peer group,False
F102716,Busia,0.0324,low,no active mobile money usage; low input redemption rate,False
F102717,Trans Nzoia,0.0003,low,long distance to nearest agrodealer; relatively large loan amount,False
F102718,Vihiga,1e-04,low,farm size; region Trans Nzoia,False
F102719,Kakamega,0.0166,low,weak repayment among peer group; low input redemption rate,False
F102720,Vihiga,0.0142,low,long gap since last farm visit; region Trans Nzoia,False
F102721,Trans Nzoia,0.9852,high,low input redemption rate; low training attendance,False
F102722,Kakamega,0.0045,low,low training attendance; still early in program tenure,False
F102723,Busia,0.0005,low,low input redemption rate; below-average prior yield,True
F102724,Trans Nzoia,0.0426,low,long gap since last farm visit; low training attendance,False
F102725,Vihiga,0.9976,high,below-average prior yield; no active mobile money usage,False
F102726,Kakamega,0.0179,low,below-average prior yield; weak repayment among peer group,True
F102727,Kakamega,0.5498,medium,long gap since last farm visit; low training attendance,True
F102728,Vihiga,0.0022,low,below-average prior yield; still early in program tenure,False
F102729,Busia,0.7423,high,low training attendance; weak repayment among peer group,False
F102730,Siaya,0.0911,low,no active mobile money usage; still early in program tenure,False
F102731,Vihiga,0.9193,high,long gap since last farm visit; low training attendance,False
F102732,Siaya,0.9995,high,low input redemption rate; long gap since last farm visit,False
F102733,Bungoma,0.0004,low,relatively large loan amount; low input redemption rate,True
F102734,Busia,0.9994,high,long gap since last farm visit; no active mobile money usage,False
F102735,Kakamega,0.9714,high,long gap since last farm visit; no active mobile money usage,False
F102736,Vihiga,0.0112,low,weak repayment among peer group; below-average prior yield,False
F102737,Bungoma,0.001,low,relatively large loan amount; age,False
F102738,Busia,0.0743,low,no active mobile money usage; long gap since last farm visit,False
F102739,Busia,0.0005,low,farm size; region Trans Nzoia,False
F102740,Bungoma,0.9921,high,low input redemption rate; long gap since last farm visit,True
F102741,Kakamega,0.0043,low,low input redemption rate; below-average prior yield,False
F102742,Vihiga,0.0002,low,long distance to nearest agrodealer; farm size,True
F102743,Siaya,0.0077,low,below-average prior yield; still early in program tenure,True
F102744,Bungoma,0.1192,low,low training attendance; below-average prior yield,True
F102745,Busia,0.0002,low,long gap since last farm visit; region Trans Nzoia,False
F102746,Bungoma,0.0013,low,long gap since last farm visit; still early in program tenure,False
F102747,Trans Nzoia,0.001,low,age; farm size,False
F102748,Busia,0.0582,low,low training attendance; long gap since last farm visit,False
F102749,Siaya,0.9576,high,long gap since last farm visit; low training attendance,False
F102750,Bungoma,0.0012,low,no active mobile money usage; low training attendance,False
F102751,Kakamega,0.0018,low,low training attendance; below-average prior yield,False
F102752,Vihiga,0.001,low,farm size; low input redemption rate,True
F102753,Vihiga,0.9995,high,long gap since last farm visit; low input redemption rate,False
F102754,Siaya,0.9578,high,weak repayment among peer group; low input redemption rate,False
F102755,Siaya,0.0035,low,low training attendance; below-average prior yield,False
F102756,Siaya,0.9989,high,long gap since last farm visit; below-average prior yield,False
F102757,Vihiga,0.9412,high,long distance to nearest agrodealer; weak repayment among peer group,False
F102758,Busia,0.8979,high,long gap since last farm visit; weak repayment among peer group,True
F102759,Busia,0.0945,low,low input redemption rate; long gap since last farm visit,False
F102760,Kakamega,0.0403,low,long gap since last farm visit; low training attendance,False
F102761,Busia,0.0174,low,no active mobile money usage; below-average prior yield,False
F102762,Busia,0.0006,low,farm size; relatively large loan amount,True
F102763,Kakamega,0.0004,low,below-average prior yield; low input redemption rate,True
F102764,Bungoma,0.0004,low,below-average prior yield; gender M,False
F102765,Vihiga,0.0116,low,low input redemption rate; relatively large loan amount,False
F102766,Busia,0.3469,medium,weak repayment among peer group; below-average prior yield,True
F102767,Siaya,0.9981,high,low training attendance; below-average prior yield,True
F102768,Busia,0.0214,low,below-average prior yield; long gap since last farm visit,False
F102769,Siaya,0.9982,high,weak repayment among peer group; long gap since last farm visit,False
F102770,Vihiga,0.006,low,weak repayment among peer group; region Trans Nzoia,False
F102771,Kakamega,0.0058,low,low training attendance; long distance to nearest agrodealer,True
F102772,Bungoma,0.0091,low,no active mobile money usage; low input redemption rate,False
F102773,Trans Nzoia,0.0743,low,long gap since last farm visit; weak repayment among peer group,True
F102774,Vihiga,0.527,medium,no active mobile money usage; long gap since last farm visit,True
F102775,Bungoma,0.9998,high,long gap since last farm visit; low input redemption rate,False
F102776,Vihiga,0.0015,low,weak repayment among peer group; still early in program tenure,False
F102777,Siaya,0.0042,low,long gap since last farm visit; still early in program tenure,False
F102778,Busia,0.003,low,low input redemption rate; gender M,False
F102779,Kakamega,0.0029,low,weak repayment among peer group; still early in program tenure,True
F102780,Bungoma,0.0117,low,long gap since last farm visit; farm size,False
F102781,Siaya,1e-04,low,weak repayment among peer group; region Siaya,True
F102782,Trans Nzoia,0.9703,high,low input redemption rate; below-average prior yield,False
F102783,Siaya,0.0014,low,long gap since last farm visit; region Siaya,False
F102784,Siaya,0.009,low,low training attendance; weak repayment among peer group,False
F102785,Kakamega,0.0016,low,long gap since last farm visit; low training attendance,False
F102786,Bungoma,0.9317,high,long gap since last farm visit; weak repayment among peer group,False
F102787,Kakamega,0.0009,low,below-average prior yield; still early in program tenure,False
F102788,Kakamega,0.2183,low,weak repayment among peer group; long gap since last farm visit,True
F102789,Siaya,1.0,high,long gap since last farm visit; low training attendance,False
F102790,Siaya,0.9979,high,long gap since last farm visit; low training attendance,False
F102791,Kakamega,0.002,low,low training attendance; age,True
F102792,Trans Nzoia,0.9998,high,low training attendance; long gap since last farm visit,False
F102793,Vihiga,0.0,low,long gap since last farm visit; region Trans Nzoia,True
F102794,Kakamega,0.0003,low,farm size; region Kakamega,False
F102795,Siaya,0.021,low,low training attendance; farm size,False
F102796,Siaya,0.7947,high,long gap since last farm visit; still early in program tenure,False
F102797,Vihiga,0.9886,high,low input redemption rate; long gap since last farm visit,True
F102798,Trans Nzoia,0.1034,low,long gap since last farm visit; no active mobile money usage,True
F102799,Busia,0.9558,high,low input redemption rate; long gap since last farm visit,False
F102800,Trans Nzoia,0.0008,low,below-average prior yield; still early in program tenure,False
F102801,Busia,0.9674,high,low input redemption rate; long distance to nearest agrodealer,False
F102802,Siaya,1e-04,low,low training attendance; region Siaya,False
F102803,Kakamega,0.0008,low,low training attendance; weak repayment among peer group,True
F102804,Bungoma,0.0002,low,below-average prior yield; relatively large loan amount,False
F102805,Siaya,0.9942,high,long gap since last farm visit; long distance to nearest agrodealer,False
F102806,Bungoma,0.0025,low,low training attendance; relatively large loan amount,False
F102807,Bungoma,0.0158,low,long distance to nearest agrodealer; long gap since last farm visit,False
F102808,Trans Nzoia,0.0045,low,low input redemption rate; relatively large loan amount,False
F102809,Bungoma,0.0002,low,long distance to nearest agrodealer; farm size,False
F102810,Vihiga,0.0007,low,age; still early in program tenure,True
F102811,Bungoma,0.0747,low,long gap since last farm visit; region Trans Nzoia,False
F102812,Bungoma,0.0013,low,no active mobile money usage; below-average prior yield,False
F102813,Siaya,0.0059,low,below-average prior yield; region Siaya,False
F102814,Bungoma,0.0513,low,long gap since last farm visit; low training attendance,False
F102815,Kakamega,0.0015,low,still early in program tenure; relatively large loan amount,False
F102816,Trans Nzoia,0.9799,high,long gap since last farm visit; low input redemption rate,False
F102817,Siaya,0.5484,medium,long gap since last farm visit; low training attendance,True
F102818,Kakamega,0.001,low,below-average prior yield; relatively large loan amount,True
F102819,Trans Nzoia,0.0078,low,low input redemption rate; long gap since last farm visit,True
F102820,Vihiga,0.0044,low,weak repayment among peer group; age,False
F102821,Trans Nzoia,0.0411,low,long gap since last farm visit; low input redemption rate,False
F102822,Kakamega,0.0,low,region Kakamega; region Trans Nzoia,False
F102823,Siaya,0.9997,high,long gap since last farm visit; no active mobile money usage,False
F102824,Vihiga,0.9947,high,low input redemption rate; long gap since last farm visit,False
F102825,Siaya,0.0277,low,no active mobile money usage; below-average prior yield,True
F102826,Busia,0.0227,low,low input redemption rate; long distance to nearest agrodealer,False
F102827,Siaya,0.8938,high,weak repayment among peer group; low input redemption rate,False
F102828,Vihiga,0.9866,high,low input redemption rate; long distance to nearest agrodealer,True
F102829,Kakamega,0.9893,high,long gap since last farm visit; below-average prior yield,False
F102830,Siaya,0.0835,low,low input redemption rate; long gap since last farm visit,True
F102831,Trans Nzoia,0.9948,high,low training attendance; no active mobile money usage,False
F102832,Bungoma,0.0003,low,weak repayment among peer group; farm size,False
F102833,Vihiga,0.0052,low,below-average prior yield; long distance to nearest agrodealer,False
F102834,Busia,0.915,high,long gap since last farm visit; weak repayment among peer group,False
F102835,Vihiga,0.001,low,low training attendance; age,True
F102836,Siaya,0.0233,low,long gap since last farm visit; weak repayment among peer group,False
F102837,Siaya,0.0064,low,low training attendance; long distance to nearest agrodealer,False
F102838,Bungoma,0.0465,low,weak repayment among peer group; below-average prior yield,False
F102839,Siaya,0.0027,low,relatively large loan amount; farm size,False
F102840,Busia,0.0025,low,still early in program tenure; relatively large loan amount,False
F102841,Trans Nzoia,0.0152,low,low training attendance; long distance to nearest agrodealer,False
F102842,Trans Nzoia,0.0006,low,relatively large loan amount; below-average prior yield,False
F102843,Busia,0.9992,high,long gap since last farm visit; below-average prior yield,True
F102844,Busia,0.8739,high,long gap since last farm visit; low training attendance,True
F102845,Busia,0.0007,low,farm size; weak repayment among peer group,False
F102846,Siaya,0.0398,low,below-average prior yield; weak repayment among peer group,False
F102847,Busia,0.0036,low,no active mobile money usage; weak repayment among peer group,False
F102848,Bungoma,0.8405,high,below-average prior yield; low input redemption rate,False
F102849,Busia,0.0479,low,no active mobile money usage; below-average prior yield,False
F102850,Bungoma,0.0003,low,long distance to nearest agrodealer; gender M,False
F102851,Busia,0.0007,low,long gap since last farm visit; relatively large loan amount,True
F102852,Kakamega,0.9531,high,long gap since last farm visit; no active mobile money usage,True
F102853,Kakamega,0.0005,low,weak repayment among peer group; still early in program tenure,False
F102854,Trans Nzoia,0.0002,low,still early in program tenure; region Vihiga,False
F102855,Kakamega,0.0028,low,weak repayment among peer group; long distance to nearest agrodealer,False
F102856,Vihiga,0.0009,low,still early in program tenure; relatively large loan amount,False
F102857,Trans Nzoia,0.0214,low,long gap since last farm visit; below-average prior yield,False
F102858,Trans Nzoia,0.0042,low,no active mobile money usage; long distance to nearest agrodealer,True
F102859,Busia,0.0018,low,low input redemption rate; farm size,False
F102860,Bungoma,0.0201,low,low input redemption rate; below-average prior yield,False
F102861,Siaya,0.9947,high,long distance to nearest agrodealer; low training attendance,False
F102862,Siaya,0.9058,high,no active mobile money usage; long distance to nearest agrodealer,False
F102863,Vihiga,0.995,high,long gap since last farm visit; long distance to nearest agrodealer,False
F102864,Kakamega,0.001,low,relatively large loan amount; low input redemption rate,False
F102865,Kakamega,0.0004,low,below-average prior yield; low input redemption rate,False
F102866,Bungoma,0.0592,low,no active mobile money usage; long distance to nearest agrodealer,False
F102867,Kakamega,1e-04,low,gender M; region Trans Nzoia,False
F102868,Siaya,0.2547,low,low input redemption rate; low training attendance,True
F102869,Bungoma,0.0032,low,weak repayment among peer group; low training attendance,False
F102870,Bungoma,0.9978,high,low input redemption rate; low training attendance,False
F102871,Siaya,0.0275,low,low training attendance; long gap since last farm visit,False
F102872,Trans Nzoia,0.0227,low,below-average prior yield; low training attendance,False
F102873,Bungoma,0.0854,low,long gap since last farm visit; low training attendance,True
F102874,Busia,1e-04,low,long distance to nearest agrodealer; gender M,False
F102875,Vihiga,0.9995,high,low input redemption rate; long gap since last farm visit,False
F102876,Vihiga,0.018,low,low training attendance; weak repayment among peer group,True
F102877,Siaya,0.9414,high,long gap since last farm visit; long distance to nearest agrodealer,False
F102878,Siaya,0.2476,low,low training attendance; below-average prior yield,True
F102879,Siaya,0.0003,low,long gap since last farm visit; relatively large loan amount,True
F102880,Kakamega,0.0559,low,low training attendance; below-average prior yield,False
F102881,Bungoma,0.0211,low,no active mobile money usage; low input redemption rate,True
F102882,Vihiga,0.0128,low,no active mobile money usage; long distance to nearest agrodealer,True
F102883,Kakamega,0.0006,low,age; below-average prior yield,False
F102884,Busia,0.0022,low,weak repayment among peer group; low training attendance,False
F102885,Kakamega,0.048,low,low training attendance; long gap since last farm visit,False
F102886,Siaya,0.5346,medium,low training attendance; no active mobile money usage,True
F102887,Kakamega,0.0121,low,low training attendance; relatively large loan amount,True
F102888,Kakamega,0.0113,low,low training attendance; relatively large loan amount,False
F102889,Bungoma,1e-04,low,region Kakamega; region Trans Nzoia,True
F102890,Kakamega,0.9998,high,long gap since last farm visit; low input redemption rate,False
F102891,Vihiga,0.0014,low,low input redemption rate; still early in program tenure,False
F102892,Busia,0.8916,high,weak repayment among peer group; below-average prior yield,True
F102893,Siaya,0.001,low,low input redemption rate; relatively large loan amount,False
F102894,Bungoma,0.001,low,below-average prior yield; relatively large loan amount,False
F102895,Vihiga,0.0005,low,below-average prior yield; low input redemption rate,True
F102896,Vihiga,0.0061,low,long gap since last farm visit; relatively large loan amount,False
F102897,Vihiga,0.0006,low,below-average prior yield; relatively large loan amount,True
F102898,Trans Nzoia,0.9354,high,below-average prior yield; low training attendance,False
F102899,Bungoma,0.9509,high,low training attendance; long gap since last farm visit,False
F102900,Vihiga,1e-04,low,still early in program tenure; farm size,False
F102901,Trans Nzoia,0.0241,low,long gap since last farm visit; weak repayment among peer group,True
F102902,Siaya,0.9111,high,low input redemption rate; long gap since last farm visit,False
F102903,Vihiga,0.0231,low,low training attendance; long distance to nearest agrodealer,False
F102904,Vihiga,0.0377,low,no active mobile money usage; weak repayment among peer group,False
F102905,Siaya,0.9664,high,long gap since last farm visit; low input redemption rate,False
F102906,Vihiga,0.0013,low,no active mobile money usage; relatively large loan amount,False
F102907,Siaya,0.001,low,low training attendance; relatively large loan amount,False
F102908,Kakamega,0.0058,low,below-average prior yield; low training attendance,True
F102909,Busia,0.0014,low,long distance to nearest agrodealer; below-average prior yield,False
F102910,Kakamega,0.0003,low,still early in program tenure; below-average prior yield,False
F102911,Kakamega,0.0555,low,no active mobile money usage; long gap since last farm visit,False
F102912,Busia,0.7915,high,long gap since last farm visit; weak repayment among peer group,False
F102913,Bungoma,0.1005,low,long gap since last farm visit; relatively large loan amount,True
F102914,Busia,0.0016,low,still early in program tenure; long distance to nearest agrodealer,False
F102915,Busia,0.9734,high,long gap since last farm visit; long distance to nearest agrodealer,False
F102916,Vihiga,0.0013,low,weak repayment among peer group; low training attendance,False
F102917,Siaya,0.0636,low,below-average prior yield; no active mobile money usage,False
F102918,Siaya,0.0005,low,farm size; below-average prior yield,True
F102919,Busia,0.0007,low,weak repayment among peer group; low training attendance,False
F102920,Bungoma,0.9558,high,long gap since last farm visit; low input redemption rate,False
F102921,Trans Nzoia,0.0364,low,no active mobile money usage; long gap since last farm visit,False
F102922,Kakamega,0.0125,low,long gap since last farm visit; below-average prior yield,False
F102923,Vihiga,0.0372,low,long gap since last farm visit; still early in program tenure,False
F102924,Busia,0.0005,low,still early in program tenure; long gap since last farm visit,False
F102925,Bungoma,0.0071,low,no active mobile money usage; below-average prior yield,False
F102926,Vihiga,0.002,low,still early in program tenure; farm size,True
F102927,Bungoma,0.0091,low,long distance to nearest agrodealer; below-average prior yield,False
F102928,Bungoma,0.0659,low,long gap since last farm visit; below-average prior yield,True
F102929,Vihiga,0.016,low,low input redemption rate; relatively large loan amount,False
F102930,Bungoma,0.9353,high,long gap since last farm visit; low input redemption rate,False
F102931,Trans Nzoia,0.9746,high,low input redemption rate; weak repayment among peer group,False
F102932,Kakamega,0.0226,low,no active mobile money usage; low training attendance,False
F102933,Busia,0.0003,low,no active mobile money usage; still early in program tenure,False
F102934,Trans Nzoia,0.5399,medium,weak repayment among peer group; low training attendance,True
F102935,Bungoma,0.0119,low,below-average prior yield; low input redemption rate,False
F102936,Trans Nzoia,0.1932,low,weak repayment among peer group; no active mobile money usage,False
F102937,Trans Nzoia,0.0152,low,low training attendance; below-average prior yield,False
F102938,Siaya,0.997,high,long gap since last farm visit; no active mobile money usage,False
F102939,Bungoma,0.0019,low,low input redemption rate; long gap since last farm visit,False
F102940,Trans Nzoia,0.0199,low,low training attendance; low input redemption rate,False
F102941,Siaya,0.4145,medium,below-average prior yield; low training attendance,False
F102942,Trans Nzoia,0.0006,low,low training attendance; age,True
F102943,Bungoma,0.8288,high,low input redemption rate; still early in program tenure,False
F102944,Trans Nzoia,0.0109,low,no active mobile money usage; long distance to nearest agrodealer,False
F102945,Kakamega,0.0073,low,below-average prior yield; still early in program tenure,True
F102946,Vihiga,0.0094,low,below-average prior yield; age,False
F102947,Busia,0.9944,high,long gap since last farm visit; low input redemption rate,True
F102948,Vihiga,1e-04,low,low input redemption rate; region Trans Nzoia,False
F102949,Vihiga,0.1684,low,low training attendance; below-average prior yield,False
F102950,Kakamega,0.9798,high,weak repayment among peer group; long gap since last farm visit,False
F102951,Vihiga,0.9963,high,long gap since last farm visit; low input redemption rate,False
F102952,Siaya,0.0092,low,long gap since last farm visit; below-average prior yield,True
F102953,Busia,0.0028,low,low training attendance; relatively large loan amount,True
F102954,Bungoma,0.9988,high,low input redemption rate; no active mobile money usage,False
F102955,Siaya,0.0024,low,no active mobile money usage; relatively large loan amount,True
F102956,Kakamega,0.1458,low,long gap since last farm visit; low training attendance,True
F102957,Busia,0.5579,medium,long gap since last farm visit; below-average prior yield,True
F102958,Vihiga,0.0002,low,gender M; region Trans Nzoia,True
F102959,Busia,0.0005,low,low training attendance; age,False
F102960,Siaya,0.0004,low,low input redemption rate; gender M,False
F102961,Busia,0.0058,low,below-average prior yield; low training attendance,False
F102962,Siaya,0.0048,low,low input redemption rate; long distance to nearest agrodealer,True
F102963,Kakamega,0.9984,high,long gap since last farm visit; low input redemption rate,False
F102964,Trans Nzoia,0.0009,low,below-average prior yield; gender M,False
F102965,Vihiga,0.0003,low,farm size; relatively large loan amount,True
F102966,Bungoma,0.0013,low,still early in program tenure; low training attendance,False
F102967,Bungoma,0.0094,low,no active mobile money usage; low training attendance,False
F102968,Trans Nzoia,0.0057,low,low input redemption rate; relatively large loan amount,False
F102969,Vihiga,0.9452,high,long gap since last farm visit; low training attendance,True
F102970,Vihiga,0.0004,low,relatively large loan amount; long distance to nearest agrodealer,False
F102971,Kakamega,0.0004,low,age; still early in program tenure,False
F102972,Vihiga,0.0062,low,weak repayment among peer group; low training attendance,False
F102973,Siaya,0.0009,low,below-average prior yield; region Siaya,True
F102974,Kakamega,0.9039,high,low input redemption rate; below-average prior yield,False
F102975,Busia,1e-04,low,long gap since last farm visit; relatively large loan amount,False
F102976,Busia,0.0068,low,long gap since last farm visit; relatively large loan amount,False
F102977,Siaya,0.8484,high,long gap since last farm visit; low input redemption rate,False
F102978,Bungoma,0.0038,low,no active mobile money usage; farm size,True
F102979,Busia,0.0074,low,below-average prior yield; low training attendance,False
F102980,Trans Nzoia,0.0004,low,low training attendance; relatively large loan amount,False
F102981,Kakamega,0.0005,low,long distance to nearest agrodealer; farm size,True
F102982,Trans Nzoia,0.9721,high,long gap since last farm visit; low input redemption rate,False
F102983,Trans Nzoia,0.9155,high,long gap since last farm visit; low input redemption rate,True
F102984,Trans Nzoia,0.0008,low,low training attendance; still early in program tenure,False
F102985,Vihiga,0.0024,low,long gap since last farm visit; relatively large loan amount,False
F102986,Trans Nzoia,0.0024,low,low input redemption rate; farm size,False
F102987,Trans Nzoia,0.0007,low,farm size; below-average prior yield,True
F102988,Siaya,0.0002,low,low training attendance; region Siaya,False
F102989,Busia,0.0023,low,still early in program tenure; low training attendance,False
F102990,Busia,0.0192,low,below-average prior yield; long distance to nearest agrodealer,False
F102991,Vihiga,0.0392,low,weak repayment among peer group; low input redemption rate,False
F102992,Bungoma,0.0064,low,relatively large loan amount; weak repayment among peer group,False
F102993,Siaya,0.0005,low,still early in program tenure; low training attendance,False
F102994,Trans Nzoia,0.0082,low,below-average prior yield; low training attendance,True
F102995,Vihiga,0.0159,low,long gap since last farm visit; still early in program tenure,False
F102996,Bungoma,0.0007,low,weak repayment among peer group; relatively large loan amount,False
F102997,Busia,0.7214,high,long gap since last farm visit; low training attendance,True
F102998,Busia,0.0004,low,low training attendance; region Busia,False
F102999,Vihiga,0.2549,low,low training attendance; below-average prior yield,True
F103000,Trans Nzoia,0.0002,low,weak repayment among peer group; age,False
F103001,Trans Nzoia,0.9185,high,long gap since last farm visit; no active mobile money usage,False
F103002,Siaya,0.0006,low,long distance to nearest agrodealer; relatively large loan amount,True
F103003,Siaya,0.9981,high,long gap since last farm visit; low input redemption rate,False
F103004,Trans Nzoia,0.0015,low,low training attendance; long distance to nearest agrodealer,False
F103005,Busia,0.0072,low,long gap since last farm visit; below-average prior yield,True
F103006,Vihiga,0.0013,low,low training attendance; still early in program tenure,False
F103007,Busia,0.9754,high,long gap since last farm visit; below-average prior yield,True
F103008,Vihiga,0.0005,low,weak repayment among peer group; no active mobile money usage,False
F103009,Trans Nzoia,0.0007,low,region Vihiga; region Kakamega,False
F103010,Busia,0.0002,low,long gap since last farm visit; farm size,False
F103011,Vihiga,0.9981,high,low input redemption rate; long gap since last farm visit,False
F103012,Kakamega,0.0007,low,region Trans Nzoia; region Vihiga,False
F103013,Trans Nzoia,0.0006,low,low input redemption rate; farm size,False
F103014,Busia,0.0009,low,low training attendance; farm size,False
F103015,Busia,0.0174,low,long distance to nearest agrodealer; age,False
F103016,Vihiga,0.8428,high,low training attendance; long gap since last farm visit,True
F103017,Bungoma,0.9416,high,weak repayment among peer group; no active mobile money usage,False
F103018,Vihiga,0.9807,high,long gap since last farm visit; long distance to nearest agrodealer,False
F103019,Trans Nzoia,0.0002,low,low training attendance; still early in program tenure,False
F103020,Busia,0.0059,low,long distance to nearest agrodealer; still early in program tenure,False
F103021,Kakamega,0.0943,low,low training attendance; long gap since last farm visit,False
F103022,Busia,0.0013,low,still early in program tenure; farm size,True
F103023,Bungoma,1e-04,low,relatively large loan amount; region Trans Nzoia,False
F103024,Busia,0.9989,high,low input redemption rate; low training attendance,False
F103025,Vihiga,0.0138,low,weak repayment among peer group; relatively large loan amount,False
F103026,Kakamega,0.0096,low,no active mobile money usage; still early in program tenure,True
F103027,Trans Nzoia,0.0172,low,low training attendance; long distance to nearest agrodealer,False
F103028,Bungoma,0.9163,high,no active mobile money usage; long gap since last farm visit,False
F103029,Siaya,0.0011,low,no active mobile money usage; still early in program tenure,True
F103030,Trans Nzoia,0.9654,high,long gap since last farm visit; low training attendance,False
F103031,Bungoma,0.0003,low,low input redemption rate; relatively large loan amount,False
F103032,Vihiga,0.001,low,low training attendance; farm size,False
F103033,Kakamega,0.0017,low,low input redemption rate; below-average prior yield,False
F103034,Kakamega,0.0005,low,below-average prior yield; low training attendance,False
F103035,Siaya,0.9777,high,low input redemption rate; long gap since last farm visit,True
F103036,Trans Nzoia,0.0051,low,long distance to nearest agrodealer; age,False
F103037,Kakamega,0.0068,low,low training attendance; long gap since last farm visit,False
F103038,Bungoma,0.0021,low,no active mobile money usage; weak repayment among peer group,False
F103039,Bungoma,0.0022,low,long distance to nearest agrodealer; below-average prior yield,False
F103040,Busia,0.0026,low,long distance to nearest agrodealer; below-average prior yield,True
F103041,Bungoma,0.1185,low,long distance to nearest agrodealer; weak repayment among peer group,True
F103042,Bungoma,0.9999,high,long gap since last farm visit; weak repayment among peer group,True
F103043,Vihiga,0.0115,low,low input redemption rate; below-average prior yield,False
F103044,Bungoma,0.1331,low,long distance to nearest agrodealer; weak repayment among peer group,True
F103045,Siaya,0.0078,low,low input redemption rate; low training attendance,False
F103046,Trans Nzoia,0.029,low,no active mobile money usage; below-average prior yield,False
F103047,Trans Nzoia,0.0017,low,below-average prior yield; low training attendance,True
F103048,Bungoma,0.0332,low,low input redemption rate; low training attendance,False
F103049,Trans Nzoia,0.0126,low,still early in program tenure; gender M,False
F103050,Siaya,0.0288,low,low training attendance; low input redemption rate,False
F103051,Bungoma,0.0011,low,low training attendance; farm size,False
F103052,Trans Nzoia,0.0397,low,low training attendance; below-average prior yield,False
F103053,Busia,0.9812,high,long gap since last farm visit; long distance to nearest agrodealer,False
F103054,Trans Nzoia,0.9324,high,long gap since last farm visit; no active mobile money usage,True
F103055,Busia,0.0003,low,still early in program tenure; low training attendance,False
F103056,Trans Nzoia,0.0002,low,weak repayment among peer group; gender M,True
F103057,Kakamega,0.9391,high,weak repayment among peer group; no active mobile money usage,True
F103058,Busia,0.9992,high,long gap since last farm visit; low training attendance,False
F103059,Bungoma,0.0011,low,long distance to nearest agrodealer; weak repayment among peer group,True
F103060,Bungoma,0.9484,high,long gap since last farm visit; weak repayment among peer group,False
F103061,Bungoma,0.9993,high,low training attendance; long gap since last farm visit,True
F103062,Busia,0.0294,low,long gap since last farm visit; still early in program tenure,False
F103063,Kakamega,0.0479,low,long gap since last farm visit; no active mobile money usage,False
F103064,Trans Nzoia,0.0,low,region Vihiga; region Busia,False
F103065,Vihiga,0.0003,low,weak repayment among peer group; region Trans Nzoia,False
F103066,Trans Nzoia,0.0008,low,relatively large loan amount; still early in program tenure,False
F103067,Trans Nzoia,0.0016,low,below-average prior yield; weak repayment among peer group,False
F103068,Kakamega,0.0091,low,below-average prior yield; still early in program tenure,False
F103069,Kakamega,0.0002,low,relatively large loan amount; long gap since last farm visit,False
F103070,Busia,0.9985,high,long gap since last farm visit; low training attendance,False
F103071,Busia,1e-04,low,age; still early in program tenure,False
F103072,Bungoma,0.0006,low,no active mobile money usage; region Vihiga,False
F103073,Trans Nzoia,0.0029,low,farm size; low training attendance,False
F103074,Vihiga,0.9934,high,long gap since last farm visit; low input redemption rate,False
F103075,Trans Nzoia,0.9576,high,weak repayment among peer group; below-average prior yield,True
F103076,Kakamega,0.0011,low,below-average prior yield; still early in program tenure,False
F103077,Trans Nzoia,0.033,low,low training attendance; below-average prior yield,False
F103078,Bungoma,0.0019,low,low training attendance; still early in program tenure,False
F103079,Busia,0.0007,low,below-average prior yield; low input redemption rate,False
F103080,Busia,0.0005,low,relatively large loan amount; still early in program tenure,True
F103081,Trans Nzoia,0.0075,low,no active mobile money usage; low input redemption rate,False
F103082,Bungoma,0.0495,low,low input redemption rate; below-average prior yield,False
F103083,Bungoma,0.0143,low,below-average prior yield; low training attendance,False
F103084,Busia,0.88,high,weak repayment among peer group; long gap since last farm visit,True
F103085,Busia,0.0235,low,long gap since last farm visit; low input redemption rate,False
F103086,Bungoma,0.0018,low,weak repayment among peer group; below-average prior yield,False
F103087,Bungoma,0.0288,low,low input redemption rate; no active mobile money usage,True
F103088,Bungoma,0.9944,high,low input redemption rate; no active mobile money usage,True
F103089,Busia,0.0,low,gender M; region Trans Nzoia,True
F103090,Busia,0.0775,low,still early in program tenure; below-average prior yield,False
F103091,Busia,0.091,low,weak repayment among peer group; long gap since last farm visit,False
F103092,Trans Nzoia,0.0008,low,relatively large loan amount; low input redemption rate,False
F103093,Bungoma,0.9365,high,long distance to nearest agrodealer; low training attendance,False
F103094,Siaya,0.0047,low,low training attendance; farm size,True
F103095,Trans Nzoia,0.002,low,below-average prior yield; weak repayment among peer group,False
F103096,Bungoma,0.0018,low,farm size; low training attendance,False
F103097,Bungoma,0.9662,high,low input redemption rate; no active mobile money usage,False
F103098,Bungoma,0.1364,low,below-average prior yield; long gap since last farm visit,False
F103099,Bungoma,0.0475,low,weak repayment among peer group; still early in program tenure,False
F103100,Busia,0.033,low,long distance to nearest agrodealer; relatively large loan amount,False
F103101,Kakamega,0.6857,high,farm size; age,False
F103102,Kakamega,0.0054,low,weak repayment among peer group; long gap since last farm visit,True
F103103,Busia,0.0117,low,low input redemption rate; below-average prior yield,False
F103104,Trans Nzoia,0.0211,low,low training attendance; below-average prior yield,False
F103105,Bungoma,0.0808,low,no active mobile money usage; low input redemption rate,False
F103106,Siaya,0.9172,high,low training attendance; long distance to nearest agrodealer,False
F103107,Busia,0.0158,low,low input redemption rate; no active mobile money usage,False
F103108,Siaya,0.9229,high,no active mobile money usage; below-average prior yield,False
F103109,Bungoma,0.056,low,low input redemption rate; long distance to nearest agrodealer,False
F103110,Vihiga,0.586,medium,long gap since last farm visit; below-average prior yield,True
F103111,Trans Nzoia,0.0015,low,still early in program tenure; long distance to nearest agrodealer,False
F103112,Kakamega,1e-04,low,low input redemption rate; age,False
F103113,Siaya,0.0004,low,long distance to nearest agrodealer; farm size,False
F103114,Busia,0.0021,low,no active mobile money usage; below-average prior yield,False
F103115,Busia,0.9483,high,low input redemption rate; long distance to nearest agrodealer,False
F103116,Vihiga,0.0077,low,weak repayment among peer group; low input redemption rate,False
F103117,Vihiga,0.004,low,low input redemption rate; relatively large loan amount,False
F103118,Kakamega,0.01,low,long gap since last farm visit; relatively large loan amount,True
F103119,Siaya,0.9739,high,long gap since last farm visit; no active mobile money usage,False
F103120,Vihiga,0.9167,high,no active mobile money usage; low training attendance,False
F103121,Siaya,0.0967,low,weak repayment among peer group; long gap since last farm visit,False
F103122,Busia,0.1909,low,weak repayment among peer group; below-average prior yield,True
F103123,Vihiga,0.0029,low,weak repayment among peer group; relatively large loan amount,True
F103124,Busia,0.0004,low,relatively large loan amount; age,False
F103125,Siaya,0.0002,low,still early in program tenure; age,False
F103126,Trans Nzoia,0.0059,low,low training attendance; low input redemption rate,False
F103127,Siaya,0.977,high,long gap since last farm visit; below-average prior yield,False
F103128,Vihiga,0.0037,low,long gap since last farm visit; farm size,True
F103129,Trans Nzoia,0.005,low,low training attendance; long distance to nearest agrodealer,False
F103130,Busia,0.0032,low,long distance to nearest agrodealer; age,False
F103131,Busia,0.9978,high,low input redemption rate; low training attendance,False
F103132,Trans Nzoia,0.9805,high,long gap since last farm visit; no active mobile money usage,False
F103133,Kakamega,0.9187,high,low input redemption rate; weak repayment among peer group,False
F103134,Trans Nzoia,0.0003,low,low input redemption rate; weak repayment among peer group,False
F103135,Kakamega,0.0083,low,long distance to nearest agrodealer; below-average prior yield,False
F103136,Vihiga,0.8847,high,below-average prior yield; low training attendance,False
F103137,Busia,0.0081,low,low input redemption rate; low training attendance,True
F103138,Busia,0.0587,low,long distance to nearest agrodealer; below-average prior yield,False
F103139,Busia,0.0035,low,long gap since last farm visit; farm size,False
F103140,Busia,0.0,low,region Trans Nzoia; region Vihiga,False
F103141,Busia,0.9757,high,long gap since last farm visit; low input redemption rate,False
F103142,Busia,0.0545,low,low input redemption rate; low training attendance,False
F103143,Vihiga,0.0005,low,weak repayment among peer group; age,False
F103144,Trans Nzoia,0.0004,low,region Vihiga,False
F103145,Vihiga,0.0031,low,farm size; long gap since last farm visit,True
F103146,Vihiga,0.9936,high,low input redemption rate; long gap since last farm visit,False
F103147,Siaya,0.0255,low,long gap since last farm visit; low input redemption rate,False
F103148,Siaya,0.0003,low,no active mobile money usage; region Siaya,False
F103149,Kakamega,0.0223,low,long gap since last farm visit; still early in program tenure,False
F103150,Trans Nzoia,0.0002,low,still early in program tenure; age,False
F103151,Bungoma,0.962,high,low input redemption rate; no active mobile money usage,False
F103152,Bungoma,0.0014,low,no active mobile money usage; weak repayment among peer group,False
F103153,Trans Nzoia,0.0085,low,low training attendance; long distance to nearest agrodealer,False
F103154,Kakamega,0.0013,low,still early in program tenure; relatively large loan amount,False
F103155,Siaya,0.984,high,long gap since last farm visit; low input redemption rate,False
F103156,Trans Nzoia,0.0004,low,region Vihiga; region Busia,False
F103157,Siaya,0.0011,low,still early in program tenure; below-average prior yield,True
F103158,Trans Nzoia,0.0011,low,long distance to nearest agrodealer; age,False
F103159,Siaya,0.0185,low,no active mobile money usage; still early in program tenure,False
F103160,Kakamega,0.0007,low,still early in program tenure; relatively large loan amount,False
F103161,Siaya,0.0004,low,below-average prior yield; region Siaya,False
F103162,Kakamega,0.0004,low,still early in program tenure; relatively large loan amount,False
F103163,Bungoma,0.0014,low,still early in program tenure; age,False
F103164,Kakamega,0.955,high,below-average prior yield; long gap since last farm visit,True
F103165,Busia,0.0008,low,low training attendance; still early in program tenure,False
F103166,Trans Nzoia,0.0061,low,no active mobile money usage; age,False
F103167,Bungoma,0.9611,high,weak repayment among peer group; below-average prior yield,False
F103168,Trans Nzoia,0.0705,low,long gap since last farm visit; below-average prior yield,True
F103169,Vihiga,0.9377,high,low input redemption rate; long gap since last farm visit,False
F103170,Vihiga,0.9606,high,long gap since last farm visit; low training attendance,False
F103171,Siaya,0.0642,low,no active mobile money usage; weak repayment among peer group,False
F103172,Busia,0.0105,low,no active mobile money usage; low input redemption rate,True
F103173,Busia,0.9212,high,long gap since last farm visit; low input redemption rate,False
F103174,Siaya,0.0011,low,long distance to nearest agrodealer; still early in program tenure,False
F103175,Vihiga,0.9809,high,long gap since last farm visit; no active mobile money usage,False
F103176,Vihiga,0.0012,low,long gap since last farm visit; relatively large loan amount,False
F103177,Bungoma,0.9843,high,low input redemption rate; long distance to nearest agrodealer,False
F103178,Bungoma,0.0058,low,weak repayment among peer group; long distance to nearest agrodealer,False
F103179,Bungoma,0.0004,low,still early in program tenure; relatively large loan amount,False
F103180,Bungoma,0.6069,high,low input redemption rate; low training attendance,True
F103181,Bungoma,0.0107,low,long gap since last farm visit; low training attendance,False
F103182,Trans Nzoia,0.0004,low,weak repayment among peer group; below-average prior yield,False
F103183,Kakamega,0.0063,low,still early in program tenure; relatively large loan amount,False
F103184,Vihiga,0.9631,high,long distance to nearest agrodealer; low input redemption rate,False
F103185,Siaya,0.0008,low,below-average prior yield; low input redemption rate,False
F103186,Trans Nzoia,0.0011,low,relatively large loan amount; still early in program tenure,True
F103187,Busia,0.9974,high,long gap since last farm visit; long distance to nearest agrodealer,False
F103188,Kakamega,0.0019,low,low training attendance; below-average prior yield,False
F103189,Siaya,0.0004,low,relatively large loan amount; farm size,False
F103190,Kakamega,0.005,low,low training attendance; still early in program tenure,False
F103191,Trans Nzoia,0.9181,high,long gap since last farm visit; low training attendance,True
F103192,Trans Nzoia,0.7885,high,low input redemption rate; low training attendance,False
F103193,Bungoma,0.0012,low,no active mobile money usage; relatively large loan amount,False
F103194,Trans Nzoia,1e-04,low,region Busia; region Vihiga,False
F103195,Bungoma,0.9284,high,low training attendance; long distance to nearest agrodealer,False
F103196,Bungoma,0.9687,high,long gap since last farm visit; weak repayment among peer group,False
F103197,Trans Nzoia,0.0187,low,below-average prior yield; long gap since last farm visit,False
F103198,Siaya,0.3538,medium,no active mobile money usage; below-average prior yield,True
F103199,Bungoma,0.2251,low,no active mobile money usage; weak repayment among peer group,True
F103200,Siaya,0.713,high,long gap since last farm visit; low training attendance,True
F103201,Siaya,0.0646,low,low input redemption rate; weak repayment among peer group,False
F103202,Trans Nzoia,1e-04,low,relatively large loan amount; gender M,False
F103203,Kakamega,0.9976,high,long gap since last farm visit; low training attendance,True
F103204,Bungoma,0.994,high,long gap since last farm visit; low input redemption rate,False
F103205,Trans Nzoia,0.0041,low,low training attendance; region Kakamega,False
F103206,Siaya,0.0004,low,region Siaya; region Trans Nzoia,False
F103207,Trans Nzoia,0.0861,low,below-average prior yield; no active mobile money usage,True
F103208,Busia,0.0063,low,low input redemption rate; low training attendance,True
F103209,Bungoma,0.0124,low,long gap since last farm visit; low training attendance,False
F103210,Siaya,0.0002,low,below-average prior yield; relatively large loan amount,True
F103211,Bungoma,0.0005,low,relatively large loan amount; low input redemption rate,False
F103212,Busia,1e-04,low,relatively large loan amount; low input redemption rate,False
F103213,Siaya,0.0038,low,below-average prior yield; region Siaya,True
F103214,Vihiga,0.0016,low,low training attendance; long distance to nearest agrodealer,False
F103215,Bungoma,0.0197,low,long distance to nearest agrodealer; low input redemption rate,True
F103216,Kakamega,0.0015,low,no active mobile money usage; region Kakamega,False
F103217,Busia,0.0003,low,below-average prior yield; gender M,False
F103218,Siaya,0.0325,low,age; still early in program tenure,False
F103219,Busia,0.3395,medium,long gap since last farm visit; weak repayment among peer group,True
F103220,Trans Nzoia,0.9868,high,long gap since last farm visit; low training attendance,False
F103221,Bungoma,1e-04,low,below-average prior yield; relatively large loan amount,False
F103222,Trans Nzoia,0.0236,low,low input redemption rate; weak repayment among peer group,False
F103223,Trans Nzoia,0.0196,low,weak repayment among peer group; long gap since last farm visit,False
F103224,Vihiga,0.0004,low,no active mobile money usage; relatively large loan amount,False
F103225,Trans Nzoia,0.9865,high,low training attendance; low input redemption rate,False
F103226,Vihiga,0.0206,low,no active mobile money usage; weak repayment among peer group,False
F103227,Busia,0.002,low,below-average prior yield; still early in program tenure,False
F103228,Trans Nzoia,0.0167,low,long gap since last farm visit; weak repayment among peer group,False
F103229,Siaya,0.9552,high,long gap since last farm visit; below-average prior yield,False
F103230,Siaya,0.0198,low,low training attendance; still early in program tenure,False
F103231,Bungoma,0.0006,low,age; relatively large loan amount,True
F103232,Trans Nzoia,0.0011,low,no active mobile money usage; still early in program tenure,False
F103233,Kakamega,0.0009,low,still early in program tenure; relatively large loan amount,False
F103234,Vihiga,0.9759,high,low input redemption rate; long gap since last farm visit,False
F103235,Vihiga,0.9874,high,long gap since last farm visit; below-average prior yield,False
F103236,Busia,0.0167,low,low input redemption rate; below-average prior yield,False
F103237,Siaya,0.0007,low,long gap since last farm visit; relatively large loan amount,False
F103238,Siaya,0.8446,high,no active mobile money usage; long gap since last farm visit,True
F103239,Kakamega,0.0026,low,weak repayment among peer group; age,False
F103240,Bungoma,0.9372,high,low input redemption rate; long distance to nearest agrodealer,False
F103241,Bungoma,0.0093,low,long gap since last farm visit; still early in program tenure,False
F103242,Siaya,0.0581,low,long distance to nearest agrodealer; weak repayment among peer group,False
F103243,Vihiga,0.0318,low,long gap since last farm visit; no active mobile money usage,False
F103244,Trans Nzoia,0.001,low,long distance to nearest agrodealer; long gap since last farm visit,True
F103245,Trans Nzoia,0.0036,low,farm size; below-average prior yield,False
F103246,Trans Nzoia,0.0011,low,long distance to nearest agrodealer; relatively large loan amount,False
F103247,Kakamega,0.1,low,low input redemption rate; below-average prior yield,False
F103248,Kakamega,0.9996,high,long gap since last farm visit; low training attendance,False
F103249,Busia,0.0319,low,no active mobile money usage; below-average prior yield,False
F103250,Busia,0.0069,low,low training attendance; still early in program tenure,False
F103251,Trans Nzoia,0.0007,low,weak repayment among peer group; region Kakamega,False
F103252,Kakamega,0.0439,low,low training attendance; long distance to nearest agrodealer,False
F103253,Busia,0.9956,high,weak repayment among peer group; low input redemption rate,False
F103254,Bungoma,0.987,high,low training attendance; long distance to nearest agrodealer,False
F103255,Bungoma,0.0004,low,low training attendance; age,False
F103256,Bungoma,0.0066,low,long gap since last farm visit; low input redemption rate,False
F103257,Bungoma,0.0004,low,long gap since last farm visit; region Trans Nzoia,False
F103258,Vihiga,0.0005,low,low training attendance; region Trans Nzoia,False
F103259,Busia,1e-04,low,age; region Trans Nzoia,False
F103260,Busia,0.0003,low,low training attendance; farm size,True
F103261,Busia,0.001,low,long distance to nearest agrodealer; low training attendance,False
F103262,Trans Nzoia,0.0005,low,no active mobile money usage; weak repayment among peer group,False
F103263,Siaya,0.0497,low,low input redemption rate; low training attendance,False
F103264,Vihiga,0.9251,high,long gap since last farm visit; no active mobile money usage,False
F103265,Vihiga,1e-04,low,age; still early in program tenure,False
F103266,Trans Nzoia,0.9875,high,low input redemption rate; low training attendance,False
F103267,Trans Nzoia,0.9748,high,low training attendance; no active mobile money usage,False
F103268,Kakamega,0.0035,low,no active mobile money usage; low training attendance,True
F103269,Siaya,0.0005,low,weak repayment among peer group; relatively large loan amount,True
F103270,Kakamega,0.0004,low,relatively large loan amount; region Kakamega,False
F103271,Busia,1e-04,low,still early in program tenure; farm size,True
F103272,Vihiga,0.9645,high,long gap since last farm visit; low input redemption rate,False
F103273,Busia,0.0002,low,long distance to nearest agrodealer; farm size,False
F103274,Bungoma,0.0939,low,no active mobile money usage; below-average prior yield,False
F103275,Siaya,0.0403,low,below-average prior yield; weak repayment among peer group,False
F103276,Kakamega,0.0082,low,no active mobile money usage; relatively large loan amount,False
F103277,Bungoma,0.0002,low,relatively large loan amount; region Trans Nzoia,False
F103278,Siaya,0.0004,low,weak repayment among peer group; relatively large loan amount,False
F103279,Trans Nzoia,0.0007,low,long distance to nearest agrodealer; relatively large loan amount,False
F103280,Kakamega,0.9458,high,no active mobile money usage; long gap since last farm visit,False
F103281,Trans Nzoia,0.0004,low,long gap since last farm visit; relatively large loan amount,False
F103282,Siaya,0.898,high,long distance to nearest agrodealer; weak repayment among peer group,False
F103283,Kakamega,0.1477,low,long distance to nearest agrodealer; still early in program tenure,True
F103284,Busia,0.0181,low,no active mobile money usage; long gap since last farm visit,False
F103285,Busia,0.0091,low,low training attendance; relatively large loan amount,False
F103286,Kakamega,0.0002,low,below-average prior yield; low training attendance,False
F103287,Bungoma,0.0053,low,low input redemption rate; still early in program tenure,False
F103288,Bungoma,0.9566,high,long gap since last farm visit; weak repayment among peer group,True
F103289,Bungoma,0.0229,low,below-average prior yield; low training attendance,True
F103290,Busia,0.4536,medium,no active mobile money usage; long gap since last farm visit,True
F103291,Busia,0.0036,low,no active mobile money usage; farm size,False
F103292,Bungoma,0.7921,high,below-average prior yield; long gap since last farm visit,False
F103293,Bungoma,0.0119,low,low input redemption rate; long distance to nearest agrodealer,False
F103294,Bungoma,0.022,low,still early in program tenure; relatively large loan amount,False
F103295,Trans Nzoia,0.0786,low,low input redemption rate; long gap since last farm visit,True
F103296,Bungoma,0.9843,high,long gap since last farm visit; no active mobile money usage,False
F103297,Siaya,0.0493,low,weak repayment among peer group; low input redemption rate,True
F103298,Vihiga,0.0068,low,still early in program tenure; age,True
F103299,Trans Nzoia,0.011,low,weak repayment among peer group; long distance to nearest agrodealer,False
F103300,Vihiga,0.0354,low,weak repayment among peer group; long distance to nearest agrodealer,False
F103301,Bungoma,0.9884,high,long gap since last farm visit; weak repayment among peer group,False
F103302,Vihiga,0.9937,high,low input redemption rate; long gap since last farm visit,False
F103303,Bungoma,0.0749,low,long gap since last farm visit; weak repayment among peer group,True
F103304,Kakamega,0.9623,high,long gap since last farm visit; low input redemption rate,True
F103305,Bungoma,0.0005,low,still early in program tenure; relatively large loan amount,False
F103306,Bungoma,0.7723,high,no active mobile money usage; weak repayment among peer group,True
F103307,Kakamega,0.922,high,no active mobile money usage; low input redemption rate,True
F103308,Kakamega,0.9903,high,low training attendance; long gap since last farm visit,False
F103309,Siaya,0.0023,low,no active mobile money usage; low training attendance,False
F103310,Vihiga,1.0,high,low training attendance; long gap since last farm visit,False
F103311,Busia,0.0013,low,long gap since last farm visit; relatively large loan amount,False
F103312,Siaya,0.0083,low,long gap since last farm visit; still early in program tenure,False
F103313,Bungoma,0.0078,low,age; long distance to nearest agrodealer,False
F103314,Busia,0.0531,low,weak repayment among peer group; low input redemption rate,False
F103315,Siaya,0.004,low,long distance to nearest agrodealer; still early in program tenure,False
F103316,Vihiga,0.987,high,low training attendance; weak repayment among peer group,False
F103317,Busia,0.0005,low,long distance to nearest agrodealer; below-average prior yield,False
F103318,Bungoma,0.8118,high,no active mobile money usage; long gap since last farm visit,True
F103319,Kakamega,0.0008,low,low training attendance; region Kakamega,False
F103320,Kakamega,0.0003,low,low input redemption rate; age,False
F103321,Kakamega,0.0193,low,long distance to nearest agrodealer; long gap since last farm visit,False
F103322,Trans Nzoia,0.0101,low,low training attendance; below-average prior yield,False
F103323,Vihiga,0.001,low,age; below-average prior yield,False
F103324,Busia,0.0132,low,low input redemption rate; long distance to nearest agrodealer,False
F103325,Trans Nzoia,0.007,low,long distance to nearest agrodealer; relatively large loan amount,False
F103326,Kakamega,0.0006,low,low training attendance; low input redemption rate,False
F103327,Bungoma,0.0028,low,no active mobile money usage; age,False
F103328,Busia,0.0492,low,low input redemption rate; below-average prior yield,False
F103329,Siaya,0.0259,low,still early in program tenure; long gap since last farm visit,False
F103330,Vihiga,0.839,high,long gap since last farm visit; low training attendance,False
F103331,Siaya,0.0012,low,no active mobile money usage; low training attendance,True
F103332,Bungoma,0.0137,low,long distance to nearest agrodealer; age,True
F103333,Siaya,0.9715,high,long gap since last farm visit; long distance to nearest agrodealer,False
F103334,Kakamega,0.0047,low,low input redemption rate; weak repayment among peer group,False
F103335,Bungoma,0.0,low,farm size; region Trans Nzoia,False
F103336,Vihiga,0.9997,high,low training attendance; no active mobile money usage,False
F103337,Kakamega,0.002,low,relatively large loan amount; below-average prior yield,False
F103338,Siaya,0.9214,high,long gap since last farm visit; long distance to nearest agrodealer,True
F103339,Siaya,0.333,medium,no active mobile money usage; low input redemption rate,True
F103340,Vihiga,0.0046,low,no active mobile money usage; low training attendance,False
F103341,Bungoma,0.9164,high,low input redemption rate; no active mobile money usage,False
F103342,Kakamega,0.0019,low,long gap since last farm visit; still early in program tenure,True
F103343,Vihiga,0.0007,low,low training attendance; long distance to nearest agrodealer,False
F103344,Vihiga,0.0059,low,age; below-average prior yield,True
F103345,Trans Nzoia,0.0033,low,weak repayment among peer group; low input redemption rate,False
F103346,Vihiga,0.0064,low,low training attendance; below-average prior yield,False
F103347,Kakamega,0.0002,low,below-average prior yield; relatively large loan amount,True
F103348,Kakamega,0.9996,high,weak repayment among peer group; long gap since last farm visit,True
F103349,Trans Nzoia,0.0017,low,long distance to nearest agrodealer; farm size,True
F103350,Kakamega,0.9708,high,low input redemption rate; low training attendance,False
F103351,Siaya,1.0,high,long gap since last farm visit; below-average prior yield,False
F103352,Kakamega,0.6144,high,low training attendance; long gap since last farm visit,True
F103353,Trans Nzoia,0.0332,low,below-average prior yield; weak repayment among peer group,True
F103354,Siaya,0.0019,low,still early in program tenure; relatively large loan amount,False
F103355,Busia,0.0389,low,long gap since last farm visit; low training attendance,False
F103356,Kakamega,0.0003,low,weak repayment among peer group; farm size,False
F103357,Siaya,0.0026,low,long gap since last farm visit; age,False
F103358,Bungoma,0.0083,low,still early in program tenure; weak repayment among peer group,False
F103359,Vihiga,0.9666,high,weak repayment among peer group; below-average prior yield,False
F103360,Siaya,0.0018,low,low training attendance; farm size,True
F103361,Trans Nzoia,0.0056,low,no active mobile money usage; below-average prior yield,False
F103362,Kakamega,0.9112,high,low training attendance; long gap since last farm visit,False
F103363,Trans Nzoia,0.9315,high,no active mobile money usage; weak repayment among peer group,False
F103364,Kakamega,0.0008,low,low input redemption rate; relatively large loan amount,False
F103365,Trans Nzoia,0.0064,low,long gap since last farm visit; weak repayment among peer group,False
F103366,Vihiga,0.0003,low,low training attendance; below-average prior yield,False
F103367,Bungoma,0.0373,low,below-average prior yield; low input redemption rate,False
F103368,Busia,0.9608,high,low training attendance; no active mobile money usage,False
F103369,Kakamega,0.0135,low,no active mobile money usage; weak repayment among peer group,False
F103370,Siaya,0.0026,low,low input redemption rate; low training attendance,False
F103371,Bungoma,0.0063,low,low input redemption rate; still early in program tenure,True
F103372,Bungoma,0.0232,low,no active mobile money usage; relatively large loan amount,False
F103373,Vihiga,0.0212,low,no active mobile money usage; low input redemption rate,False
F103374,Trans Nzoia,0.0216,low,no active mobile money usage; long gap since last farm visit,False
F103375,Vihiga,0.0034,low,low training attendance; below-average prior yield,False
F103376,Vihiga,0.0008,low,weak repayment among peer group; relatively large loan amount,True
F103377,Vihiga,0.0008,low,low input redemption rate; still early in program tenure,False
F103378,Siaya,0.9486,high,low training attendance; low input redemption rate,False
F103379,Busia,0.0222,low,below-average prior yield; weak repayment among peer group,False
F103380,Trans Nzoia,0.0398,low,low training attendance; still early in program tenure,False
F103381,Trans Nzoia,0.0037,low,long distance to nearest agrodealer; weak repayment among peer group,False
F103382,Siaya,0.9998,high,long gap since last farm visit; low training attendance,True
F103383,Siaya,0.4669,medium,low input redemption rate; below-average prior yield,True
F103384,Trans Nzoia,0.0019,low,low training attendance; relatively large loan amount,False
F103385,Bungoma,0.0282,low,long gap since last farm visit; no active mobile money usage,True
F103386,Trans Nzoia,0.0039,low,low training attendance; below-average prior yield,False
F103387,Trans Nzoia,0.0011,low,still early in program tenure; relatively large loan amount,True
F103388,Bungoma,1e-04,low,below-average prior yield; relatively large loan amount,True
F103389,Trans Nzoia,0.0008,low,weak repayment among peer group; gender M,False
F103390,Bungoma,0.0162,low,low training attendance; long distance to nearest agrodealer,False
F103391,Vihiga,1e-04,low,below-average prior yield; region Trans Nzoia,True
F103392,Trans Nzoia,0.3161,medium,long gap since last farm visit; low training attendance,True
F103393,Bungoma,0.0011,low,weak repayment among peer group; relatively large loan amount,False
F103394,Busia,0.032,low,no active mobile money usage; relatively large loan amount,False
F103395,Trans Nzoia,0.0049,low,age; relatively large loan amount,False
F103396,Busia,0.0699,low,weak repayment among peer group; no active mobile money usage,False
F103397,Siaya,0.0062,low,weak repayment among peer group; low input redemption rate,False
F103398,Kakamega,0.0062,low,low training attendance; below-average prior yield,False
F103399,Trans Nzoia,0.9342,high,long gap since last farm visit; low input redemption rate,False
F103400,Trans Nzoia,0.0248,low,below-average prior yield; low input redemption rate,True
F103401,Siaya,0.5165,medium,long gap since last farm visit; still early in program tenure,True
F103402,Kakamega,0.0458,low,weak repayment among peer group; relatively large loan amount,False
F103403,Siaya,0.0012,low,farm size; still early in program tenure,False
F103404,Busia,0.0015,low,low input redemption rate; farm size,False
F103405,Busia,0.0261,low,low training attendance; long gap since last farm visit,True
F103406,Busia,0.0082,low,no active mobile money usage; below-average prior yield,True
F103407,Vihiga,0.0013,low,low input redemption rate; below-average prior yield,True
F103408,Vihiga,0.0181,low,long gap since last farm visit; no active mobile money usage,False
F103409,Busia,0.9247,high,weak repayment among peer group; long gap since last farm visit,False
F103410,Kakamega,0.0439,low,no active mobile money usage; weak repayment among peer group,False
F103411,Siaya,0.0012,low,still early in program tenure; low training attendance,False
F103412,Bungoma,0.0506,low,weak repayment among peer group; low training attendance,True
F103413,Kakamega,0.0011,low,relatively large loan amount; gender M,False
F103414,Vihiga,0.9975,high,low input redemption rate; weak repayment among peer group,False
F103415,Busia,0.0208,low,weak repayment among peer group; low training attendance,True
F103416,Vihiga,0.0039,low,weak repayment among peer group; low training attendance,False
F103417,Siaya,0.004,low,low training attendance; below-average prior yield,False
F103418,Kakamega,0.0121,low,long gap since last farm visit; low input redemption rate,False
F103419,Bungoma,0.0056,low,long gap since last farm visit; below-average prior yield,True
F103420,Vihiga,0.8712,high,no active mobile money usage; long gap since last farm visit,False
F103421,Trans Nzoia,0.0006,low,long distance to nearest agrodealer; relatively large loan amount,False
F103422,Vihiga,0.0366,low,weak repayment among peer group; long gap since last farm visit,False
F103423,Busia,0.0003,low,below-average prior yield; region Vihiga,False
F103424,Vihiga,0.9988,high,long distance to nearest agrodealer; below-average prior yield,True
F103425,Siaya,0.002,low,low input redemption rate; below-average prior yield,False
F103426,Busia,0.9179,high,low training attendance; weak repayment among peer group,False
F103427,Siaya,0.0008,low,long gap since last farm visit; relatively large loan amount,True
F103428,Trans Nzoia,1e-04,low,region Vihiga; region Busia,True
F103429,Bungoma,0.0016,low,still early in program tenure; long distance to nearest agrodealer,False
F103430,Bungoma,0.0098,low,low training attendance; low input redemption rate,True
F103431,Trans Nzoia,0.0002,low,relatively large loan amount; long distance to nearest agrodealer,True
F103432,Bungoma,0.0006,low,still early in program tenure; relatively large loan amount,True
F103433,Busia,0.9999,high,below-average prior yield; no active mobile money usage,False
F103434,Bungoma,1e-04,low,region Trans Nzoia; region Busia,True
F103435,Vihiga,0.0044,low,weak repayment among peer group; long distance to nearest agrodealer,False
F103436,Bungoma,0.9808,high,low input redemption rate; long gap since last farm visit,False
F103437,Vihiga,0.0073,low,no active mobile money usage; low input redemption rate,False
F103438,Siaya,0.9278,high,low training attendance; below-average prior yield,False
F103439,Trans Nzoia,0.9121,high,low training attendance; long gap since last farm visit,False
F103440,Siaya,0.0073,low,still early in program tenure; long gap since last farm visit,False
F103441,Kakamega,0.9696,high,long gap since last farm visit; low training attendance,False
F103442,Busia,0.0057,low,weak repayment among peer group; no active mobile money usage,False
F103443,Bungoma,0.0009,low,long gap since last farm visit; age,True
F103444,Siaya,0.9962,high,low input redemption rate; long gap since last farm visit,True
F103445,Trans Nzoia,0.0022,low,low input redemption rate; below-average prior yield,True
F103446,Bungoma,0.1519,low,long gap since last farm visit; low input redemption rate,False
F103447,Vihiga,0.0035,low,no active mobile money usage; low input redemption rate,False
F103448,Vihiga,0.0162,low,low training attendance; age,True
F103449,Busia,0.0071,low,long gap since last farm visit; low input redemption rate,True
F103450,Busia,0.0033,low,long distance to nearest agrodealer; relatively large loan amount,False
F103451,Kakamega,0.6304,high,low training attendance; weak repayment among peer group,True
F103452,Busia,0.0133,low,low training attendance; still early in program tenure,False
F103453,Busia,0.9765,high,no active mobile money usage; long gap since last farm visit,False
F103454,Trans Nzoia,0.0013,low,no active mobile money usage; relatively large loan amount,True
F103455,Siaya,0.0099,low,long distance to nearest agrodealer; low training attendance,False
F103456,Trans Nzoia,0.5244,medium,low input redemption rate; long gap since last farm visit,True
F103457,Kakamega,0.0583,low,long gap since last farm visit; weak repayment among peer group,False
F103458,Siaya,0.0705,low,long gap since last farm visit; long distance to nearest agrodealer,False
F103459,Busia,0.0008,low,below-average prior yield; relatively large loan amount,False
F103460,Busia,0.0034,low,age; long distance to nearest agrodealer,True
F103461,Siaya,0.963,high,long gap since last farm visit; below-average prior yield,False
F103462,Siaya,0.0078,low,no active mobile money usage; still early in program tenure,False
F103463,Kakamega,0.0011,low,long distance to nearest agrodealer; relatively large loan amount,False
F103464,Busia,0.9286,high,long gap since last farm visit; low training attendance,False
F103465,Trans Nzoia,0.0011,low,long gap since last farm visit; relatively large loan amount,False
F103466,Vihiga,0.0014,low,no active mobile money usage; region Trans Nzoia,False
F103467,Bungoma,0.0044,low,low training attendance; below-average prior yield,False
F103468,Vihiga,1e-04,low,still early in program tenure; relatively large loan amount,False
F103469,Siaya,0.0375,low,still early in program tenure; low input redemption rate,False
F103470,Bungoma,0.0182,low,weak repayment among peer group; low input redemption rate,True
F103471,Trans Nzoia,0.0109,low,low training attendance; below-average prior yield,False
F103472,Trans Nzoia,0.2679,low,no active mobile money usage; weak repayment among peer group,True
F103473,Siaya,0.0068,low,no active mobile money usage; low training attendance,False
F103474,Bungoma,0.9985,high,long gap since last farm visit; below-average prior yield,False
F103475,Bungoma,0.013,low,low input redemption rate; long distance to nearest agrodealer,False
F103476,Vihiga,0.0243,low,long gap since last farm visit; weak repayment among peer group,False
F103477,Vihiga,0.009,low,below-average prior yield; long distance to nearest agrodealer,True
F103478,Busia,0.1026,low,no active mobile money usage; weak repayment among peer group,False
F103479,Trans Nzoia,0.8997,high,long gap since last farm visit; low input redemption rate,True
F103480,Trans Nzoia,0.0644,low,long distance to nearest agrodealer; low input redemption rate,False
F103481,Bungoma,0.0002,low,long gap since last farm visit; region Trans Nzoia,False
F103482,Trans Nzoia,0.997,high,long distance to nearest agrodealer; long gap since last farm visit,False
F103483,Bungoma,0.9971,high,no active mobile money usage; long gap since last farm visit,False
F103484,Busia,0.0004,low,low training attendance; still early in program tenure,True
F103485,Kakamega,0.001,low,age; relatively large loan amount,False
F103486,Busia,0.0005,low,low training attendance; region Busia,False
F103487,Siaya,0.0159,low,low input redemption rate; no active mobile money usage,True
F103488,Busia,0.0027,low,low input redemption rate; low training attendance,True
F103489,Trans Nzoia,0.0011,low,age; farm size,False
F103490,Kakamega,0.2623,low,long gap since last farm visit; still early in program tenure,True
F103491,Vihiga,0.0008,low,low training attendance; below-average prior yield,False
F103492,Busia,0.8361,high,low training attendance; weak repayment among peer group,False
F103493,Trans Nzoia,0.0002,low,farm size; region Vihiga,True
F103494,Siaya,0.0023,low,age; below-average prior yield,False
F103495,Vihiga,0.9994,high,long gap since last farm visit; low training attendance,False
F103496,Kakamega,0.9484,high,below-average prior yield; no active mobile money usage,True
F103497,Busia,0.0017,low,no active mobile money usage; relatively large loan amount,True
F103498,Kakamega,0.0527,low,below-average prior yield; low input redemption rate,False
F103499,Busia,0.0008,low,age; still early in program tenure,False
F103500,Kakamega,0.0016,low,still early in program tenure; long distance to nearest agrodealer,False
F103501,Vihiga,0.0007,low,low training attendance; low input redemption rate,True
F103502,Bungoma,0.0007,low,weak repayment among peer group; age,False
F103503,Bungoma,0.0043,low,low input redemption rate; below-average prior yield,False
F103504,Kakamega,0.0536,low,no active mobile money usage; weak repayment among peer group,False
F103505,Siaya,0.0015,low,low training attendance; still early in program tenure,True
F103506,Siaya,0.0224,low,weak repayment among peer group; long gap since last farm visit,True
F103507,Trans Nzoia,0.8704,high,weak repayment among peer group; below-average prior yield,False
F103508,Kakamega,0.0412,low,below-average prior yield; low input redemption rate,False
F103509,Busia,0.0003,low,below-average prior yield; weak repayment among peer group,False
F103510,Siaya,0.0004,low,long gap since last farm visit; age,False
F103511,Vihiga,0.0098,low,low input redemption rate; below-average prior yield,False
F103512,Kakamega,0.0011,low,weak repayment among peer group; region Trans Nzoia,False
F103513,Kakamega,0.099,low,weak repayment among peer group; long gap since last farm visit,False
F103514,Bungoma,0.0024,low,still early in program tenure; relatively large loan amount,False
F103515,Siaya,0.0018,low,long gap since last farm visit; farm size,False
F103516,Bungoma,0.001,low,no active mobile money usage; farm size,False
F103517,Siaya,0.0803,low,long distance to nearest agrodealer; below-average prior yield,False
F103518,Trans Nzoia,0.0005,low,relatively large loan amount; gender M,False
F103519,Siaya,0.003,low,low training attendance; still early in program tenure,True
F103520,Trans Nzoia,0.9118,high,low input redemption rate; low training attendance,False
F103521,Bungoma,0.007,low,weak repayment among peer group; region Trans Nzoia,False
F103522,Trans Nzoia,0.9418,high,low input redemption rate; long gap since last farm visit,False
F103523,Bungoma,0.9113,high,long gap since last farm visit; low training attendance,False
F103524,Bungoma,0.0015,low,long gap since last farm visit; still early in program tenure,False
F103525,Bungoma,0.0039,low,low input redemption rate; below-average prior yield,False
F103526,Kakamega,0.1649,low,low input redemption rate; relatively large loan amount,False
F103527,Kakamega,0.0018,low,farm size; gender M,False
F103528,Bungoma,0.0006,low,no active mobile money usage; weak repayment among peer group,False
F103529,Kakamega,0.9684,high,weak repayment among peer group; no active mobile money usage,False
F103530,Busia,0.398,medium,low training attendance; weak repayment among peer group,True
F103531,Kakamega,0.9832,high,long gap since last farm visit; below-average prior yield,False
F103532,Kakamega,0.0009,low,farm size; age,False
F103533,Siaya,0.0387,low,below-average prior yield; low input redemption rate,False
F103534,Kakamega,0.0232,low,long gap since last farm visit; relatively large loan amount,False
F103535,Kakamega,1e-04,low,relatively large loan amount; weak repayment among peer group,False
F103536,Kakamega,0.0005,low,low input redemption rate; relatively large loan amount,False
F103537,Kakamega,0.0005,low,relatively large loan amount; age,False
F103538,Vihiga,0.0039,low,weak repayment among peer group; long distance to nearest agrodealer,False
F103539,Trans Nzoia,0.0013,low,still early in program tenure; region Vihiga,False
F103540,Trans Nzoia,0.9966,high,low training attendance; long gap since last farm visit,False
F103541,Vihiga,0.0006,low,no active mobile money usage; still early in program tenure,True
F103542,Kakamega,0.9953,high,below-average prior yield; low training attendance,False
F103543,Trans Nzoia,0.0206,low,long gap since last farm visit; long distance to nearest agrodealer,False
F103544,Kakamega,0.8701,high,low input redemption rate; low training attendance,True
F103545,Vihiga,0.0038,low,low training attendance; below-average prior yield,False
F103546,Busia,0.0314,low,long gap since last farm visit; low training attendance,False
F103547,Siaya,0.0015,low,long gap since last farm visit; age,False
F103548,Bungoma,0.0304,low,low training attendance; long gap since last farm visit,False
F103549,Vihiga,0.9899,high,long gap since last farm visit; low input redemption rate,False
F103550,Busia,0.001,low,below-average prior yield; long gap since last farm visit,False
F103551,Vihiga,0.9077,high,low input redemption rate; still early in program tenure,False
F103552,Siaya,0.0003,low,long distance to nearest agrodealer; weak repayment among peer group,False
F103553,Trans Nzoia,0.9816,high,long gap since last farm visit; no active mobile money usage,False
F103554,Busia,0.0045,low,low training attendance; still early in program tenure,False
F103555,Busia,0.9089,high,weak repayment among peer group; no active mobile money usage,True
F103556,Trans Nzoia,0.0395,low,no active mobile money usage; relatively large loan amount,False
F103557,Busia,0.0132,low,long distance to nearest agrodealer; low input redemption rate,True
F103558,Bungoma,0.9407,high,below-average prior yield; long gap since last farm visit,False
F103559,Busia,0.9634,high,low input redemption rate; long distance to nearest agrodealer,False
F103560,Kakamega,0.9863,high,below-average prior yield; no active mobile money usage,False
F103561,Bungoma,0.9994,high,long gap since last farm visit; weak repayment among peer group,True
F103562,Busia,0.0007,low,low input redemption rate; relatively large loan amount,False
F103563,Trans Nzoia,0.0009,low,long gap since last farm visit; relatively large loan amount,False
F103564,Trans Nzoia,0.0004,low,low input redemption rate; relatively large loan amount,False
F103565,Bungoma,0.1209,low,long gap since last farm visit; below-average prior yield,True
F103566,Busia,1e-04,low,age; region Trans Nzoia,False
F103567,Kakamega,0.0003,low,still early in program tenure; relatively large loan amount,False
F103568,Trans Nzoia,0.9142,high,below-average prior yield; no active mobile money usage,False
F103569,Bungoma,0.9996,high,long gap since last farm visit; no active mobile money usage,False
F103570,Trans Nzoia,0.0021,low,still early in program tenure; age,False
F103571,Siaya,0.0003,low,age; region Siaya,False
F103572,Trans Nzoia,0.0,low,farm size; gender M,False
F103573,Bungoma,0.0002,low,below-average prior yield; still early in program tenure,True
F103574,Siaya,0.8298,high,long gap since last farm visit; weak repayment among peer group,False
F103575,Trans Nzoia,0.0062,low,low input redemption rate; age,False
F103576,Vihiga,0.0,low,region Trans Nzoia; region Busia,False
F103577,Siaya,0.9486,high,no active mobile money usage; low training attendance,False
F103578,Siaya,0.0009,low,long distance to nearest agrodealer; age,False
F103579,Kakamega,0.0005,low,relatively large loan amount; region Trans Nzoia,True
F103580,Siaya,0.0159,low,low input redemption rate; below-average prior yield,False
F103581,Trans Nzoia,0.0448,low,weak repayment among peer group; long gap since last farm visit,False
F103582,Bungoma,0.9765,high,long gap since last farm visit; low input redemption rate,False
F103583,Bungoma,0.8823,high,low input redemption rate; weak repayment among peer group,False
F103584,Trans Nzoia,0.0089,low,long gap since last farm visit; age,False
F103585,Bungoma,0.0004,low,still early in program tenure; gender M,False
F103586,Busia,0.0038,low,age; relatively large loan amount,False
F103587,Trans Nzoia,0.0034,low,below-average prior yield; still early in program tenure,False
F103588,Vihiga,0.0073,low,long distance to nearest agrodealer; below-average prior yield,False
F103589,Siaya,0.9851,high,weak repayment among peer group; no active mobile money usage,False
F103590,Kakamega,0.0034,low,low input redemption rate; relatively large loan amount,True
F103591,Bungoma,0.0002,low,below-average prior yield; weak repayment among peer group,False
F103592,Siaya,0.0003,low,below-average prior yield; relatively large loan amount,False
F103593,Vihiga,0.9671,high,weak repayment among peer group; low input redemption rate,False
F103594,Bungoma,0.0664,low,low input redemption rate; long distance to nearest agrodealer,True
F103595,Bungoma,1.0,high,long gap since last farm visit; weak repayment among peer group,False
F103596,Busia,0.0162,low,weak repayment among peer group; relatively large loan amount,False
F103597,Vihiga,0.016,low,below-average prior yield; still early in program tenure,False
F103598,Bungoma,0.089,low,below-average prior yield; long gap since last farm visit,False
F103599,Vihiga,0.9997,high,long gap since last farm visit; below-average prior yield,True
F103600,Busia,0.0065,low,below-average prior yield; long gap since last farm visit,False
F103601,Vihiga,0.0021,low,still early in program tenure; weak repayment among peer group,True
F103602,Kakamega,0.0158,low,no active mobile money usage; low training attendance,False
F103603,Vihiga,0.0009,low,weak repayment among peer group; age,False
F103604,Siaya,0.0052,low,low input redemption rate; farm size,False
F103605,Kakamega,0.9456,high,no active mobile money usage; long gap since last farm visit,False
F103606,Bungoma,0.8658,high,below-average prior yield; long gap since last farm visit,False
F103607,Trans Nzoia,0.1105,low,below-average prior yield; weak repayment among peer group,True
F103608,Vihiga,0.0793,low,long gap since last farm visit; low training attendance,False
F103609,Trans Nzoia,0.9343,high,long gap since last farm visit; low training attendance,False
F103610,Vihiga,0.004,low,weak repayment among peer group; below-average prior yield,False
F103611,Trans Nzoia,0.0018,low,below-average prior yield; relatively large loan amount,False
F103612,Vihiga,1e-04,low,relatively large loan amount; region Trans Nzoia,False
F103613,Kakamega,0.9012,high,long gap since last farm visit; weak repayment among peer group,False
F103614,Trans Nzoia,0.058,low,no active mobile money usage; below-average prior yield,False
F103615,Busia,0.943,high,low input redemption rate; below-average prior yield,False
F103616,Kakamega,0.9803,high,low input redemption rate; long distance to nearest agrodealer,False
F103617,Busia,0.9752,high,long gap since last farm visit; no active mobile money usage,False
F103618,Busia,0.0725,low,below-average prior yield; low training attendance,True
F103619,Kakamega,1e-04,low,weak repayment among peer group; region Trans Nzoia,False
F103620,Siaya,0.008,low,low training attendance; age,False
F103621,Bungoma,0.3837,medium,low training attendance; low input redemption rate,True
F103622,Bungoma,0.9701,high,long gap since last farm visit; below-average prior yield,False
F103623,Busia,0.0019,low,low input redemption rate; long distance to nearest agrodealer,False
F103624,Trans Nzoia,0.3338,medium,low input redemption rate; long gap since last farm visit,True
F103625,Trans Nzoia,0.0002,low,long gap since last farm visit; relatively large loan amount,False
F103626,Trans Nzoia,0.0038,low,low training attendance; long gap since last farm visit,False
F103627,Bungoma,0.0007,low,still early in program tenure; below-average prior yield,True
F103628,Siaya,0.0017,low,age; still early in program tenure,False
F103629,Trans Nzoia,0.9193,high,low training attendance; no active mobile money usage,True
F103630,Busia,0.0035,low,weak repayment among peer group; low training attendance,False
F103631,Vihiga,0.1008,low,low input redemption rate; below-average prior yield,True
F103632,Kakamega,0.9854,high,long gap since last farm visit; below-average prior yield,False
F103633,Trans Nzoia,0.0062,low,still early in program tenure; low training attendance,True
F103634,Siaya,0.9946,high,low input redemption rate; no active mobile money usage,False
F103635,Busia,1.0,high,low training attendance; long gap since last farm visit,False
F103636,Vihiga,0.009,low,long gap since last farm visit; long distance to nearest agrodealer,False
F103637,Busia,0.8625,high,weak repayment among peer group; below-average prior yield,True
F103638,Kakamega,0.0002,low,still early in program tenure; low input redemption rate,False
F103639,Vihiga,0.0167,low,weak repayment among peer group; no active mobile money usage,False
F103640,Trans Nzoia,0.3426,medium,long gap since last farm visit; low training attendance,True
F103641,Siaya,0.999,high,low input redemption rate; long gap since last farm visit,False
F103642,Siaya,0.9968,high,long gap since last farm visit; weak repayment among peer group,False
F103643,Busia,0.001,low,low input redemption rate; weak repayment among peer group,False
F103644,Siaya,0.147,low,weak repayment among peer group; low input redemption rate,True
F103645,Vihiga,0.9399,high,low input redemption rate; below-average prior yield,False
F103646,Vihiga,0.0008,low,weak repayment among peer group; long gap since last farm visit,False
F103647,Vihiga,0.0012,low,no active mobile money usage; weak repayment among peer group,False
F103648,Siaya,0.0742,low,weak repayment among peer group; below-average prior yield,False
F103649,Trans Nzoia,0.0125,low,low training attendance; age,False
F103650,Kakamega,0.0038,low,weak repayment among peer group; low training attendance,False
F103651,Kakamega,0.0828,low,long gap since last farm visit; weak repayment among peer group,False
F103652,Busia,0.0015,low,age; relatively large loan amount,True
F103653,Vihiga,0.9845,high,long gap since last farm visit; no active mobile money usage,False
F103654,Trans Nzoia,0.0517,low,low training attendance; weak repayment among peer group,False
F103655,Busia,0.0118,low,long gap since last farm visit; relatively large loan amount,False
F103656,Vihiga,0.0025,low,low training attendance; relatively large loan amount,True
F103657,Siaya,0.9921,high,below-average prior yield; low input redemption rate,False
F103658,Busia,0.0034,low,below-average prior yield; gender M,False
F103659,Busia,0.0182,low,low input redemption rate; low training attendance,False
F103660,Vihiga,0.0728,low,no active mobile money usage; below-average prior yield,False
F103661,Busia,0.0112,low,low training attendance; age,True
F103662,Siaya,0.0024,low,low input redemption rate; below-average prior yield,False
F103663,Siaya,0.0004,low,relatively large loan amount; still early in program tenure,True
F103664,Vihiga,0.0032,low,weak repayment among peer group; no active mobile money usage,False
F103665,Busia,0.0145,low,below-average prior yield; low input redemption rate,False
F103666,Vihiga,0.0335,low,long distance to nearest agrodealer; below-average prior yield,False
F103667,Bungoma,0.0006,low,no active mobile money usage; relatively large loan amount,False
F103668,Busia,0.8396,high,weak repayment among peer group; long gap since last farm visit,False
F103669,Bungoma,0.0793,low,long gap since last farm visit; low input redemption rate,False
F103670,Kakamega,0.0011,low,long gap since last farm visit; region Kakamega,False
F103671,Kakamega,0.0316,low,low input redemption rate; low training attendance,False
F103672,Vihiga,0.2259,low,long distance to nearest agrodealer; low training attendance,True
F103673,Kakamega,0.9769,high,low training attendance; low input redemption rate,False
F103674,Vihiga,1e-04,low,low input redemption rate; gender M,False
F103675,Busia,0.0381,low,long gap since last farm visit; relatively large loan amount,True
F103676,Busia,0.9974,high,long gap since last farm visit; low input redemption rate,False
F103677,Trans Nzoia,0.0032,low,low input redemption rate; weak repayment among peer group,False
F103678,Vihiga,0.0053,low,no active mobile money usage; long distance to nearest agrodealer,True
F103679,Trans Nzoia,0.0005,low,gender M; farm size,True
F103680,Trans Nzoia,0.0667,low,no active mobile money usage; long gap since last farm visit,False
F103681,Kakamega,0.0162,low,long distance to nearest agrodealer; age,False
F103682,Bungoma,0.003,low,no active mobile money usage; low training attendance,False
F103683,Vihiga,0.997,high,long gap since last farm visit; below-average prior yield,False
F103684,Siaya,1e-04,low,farm size; region Siaya,False
F103685,Kakamega,0.0003,low,below-average prior yield; still early in program tenure,False
F103686,Kakamega,0.0255,low,long gap since last farm visit; low training attendance,False
F103687,Siaya,0.0023,low,relatively large loan amount; gender M,False
F103688,Siaya,0.0193,low,long gap since last farm visit; below-average prior yield,False
F103689,Bungoma,0.0014,low,still early in program tenure; gender M,True
F103690,Busia,0.9962,high,low training attendance; below-average prior yield,True
F103691,Vihiga,0.0053,low,below-average prior yield; farm size,False
F103692,Bungoma,0.0002,low,gender M; region Trans Nzoia,False
F103693,Bungoma,0.0003,low,low training attendance; region Trans Nzoia,False
F103694,Busia,0.0048,low,below-average prior yield; age,True
F103695,Vihiga,0.0751,low,no active mobile money usage; weak repayment among peer group,False
F103696,Bungoma,0.0154,low,low training attendance; relatively large loan amount,False
F103697,Busia,0.0132,low,no active mobile money usage; relatively large loan amount,False
F103698,Bungoma,0.002,low,weak repayment among peer group; still early in program tenure,False
F103699,Trans Nzoia,0.9979,high,long gap since last farm visit; low training attendance,True
F103700,Kakamega,0.9861,high,low input redemption rate; weak repayment among peer group,False
F103701,Bungoma,0.9958,high,low input redemption rate; weak repayment among peer group,True
F103702,Bungoma,0.0004,low,weak repayment among peer group; low input redemption rate,False
F103703,Siaya,0.1414,low,below-average prior yield; low training attendance,False
F103704,Siaya,0.0024,low,low input redemption rate; long distance to nearest agrodealer,True
F103705,Vihiga,0.0026,low,low training attendance; still early in program tenure,False
F103706,Kakamega,0.0171,low,weak repayment among peer group; relatively large loan amount,False
F103707,Trans Nzoia,0.2817,low,low input redemption rate; farm size,True
F103708,Busia,0.9968,high,weak repayment among peer group; no active mobile money usage,False
F103709,Siaya,0.8971,high,low input redemption rate; long distance to nearest agrodealer,False
F103710,Busia,0.918,high,weak repayment among peer group; long gap since last farm visit,False
F103711,Siaya,0.0035,low,still early in program tenure; age,False
F103712,Trans Nzoia,0.9887,high,long gap since last farm visit; low input redemption rate,False
F103713,Bungoma,0.0032,low,weak repayment among peer group; region Trans Nzoia,True
F103714,Trans Nzoia,0.0616,low,long gap since last farm visit; still early in program tenure,False
F103715,Bungoma,1e-04,low,relatively large loan amount; long distance to nearest agrodealer,True
F103716,Busia,0.0205,low,below-average prior yield; long distance to nearest agrodealer,False
F103717,Bungoma,0.0003,low,age; farm size,False
F103718,Trans Nzoia,0.9905,high,long gap since last farm visit; no active mobile money usage,True
F103719,Bungoma,0.0338,low,no active mobile money usage; below-average prior yield,False
F103720,Vihiga,0.0773,low,low input redemption rate; long distance to nearest agrodealer,False
F103721,Vihiga,0.0149,low,low training attendance; long distance to nearest agrodealer,True
F103722,Trans Nzoia,0.1047,low,long gap since last farm visit; low training attendance,False
F103723,Siaya,0.0007,low,relatively large loan amount; region Siaya,False
F103724,Kakamega,0.0003,low,low training attendance; still early in program tenure,False
F103725,Siaya,0.9351,high,long gap since last farm visit; weak repayment among peer group,False
F103726,Kakamega,0.0,low,age; region Trans Nzoia,False
F103727,Vihiga,0.0002,low,weak repayment among peer group; low input redemption rate,False
F103728,Busia,0.0032,low,low training attendance; age,True
F103729,Vihiga,0.9967,high,weak repayment among peer group; low training attendance,False
F103730,Trans Nzoia,0.0134,low,long gap since last farm visit; low input redemption rate,False
F103731,Siaya,0.0011,low,weak repayment among peer group; region Siaya,False
F103732,Busia,0.9807,high,long gap since last farm visit; weak repayment among peer group,False
F103733,Siaya,0.2071,low,long gap since last farm visit; weak repayment among peer group,False
F103734,Bungoma,0.0004,low,age; relatively large loan amount,True
F103735,Bungoma,0.0171,low,low input redemption rate; relatively large loan amount,True
F103736,Busia,0.1185,low,long distance to nearest agrodealer; below-average prior yield,True
F103737,Vihiga,0.9766,high,weak repayment among peer group; no active mobile money usage,False
F103738,Trans Nzoia,0.0833,low,low training attendance; still early in program tenure,True
F103739,Trans Nzoia,0.0066,low,below-average prior yield; relatively large loan amount,False
F103740,Bungoma,0.0038,low,low training attendance; age,True
F103741,Bungoma,0.0065,low,low input redemption rate; still early in program tenure,False
F103742,Siaya,0.0322,low,low input redemption rate; relatively large loan amount,True
F103743,Busia,0.0002,low,relatively large loan amount; region Kakamega,False
F103744,Bungoma,0.0003,low,low training attendance; relatively large loan amount,False
F103745,Siaya,0.0067,low,low training attendance; relatively large loan amount,True
F103746,Busia,0.0004,low,age; farm size,False
F103747,Siaya,0.9727,high,long gap since last farm visit; long distance to nearest agrodealer,False
F103748,Siaya,0.41,medium,long gap since last farm visit; below-average prior yield,True
F103749,Siaya,0.9169,high,long distance to nearest agrodealer; long gap since last farm visit,True
F103750,Vihiga,0.0008,low,long gap since last farm visit; still early in program tenure,False
F103751,Trans Nzoia,0.0016,low,long distance to nearest agrodealer; still early in program tenure,True
F103752,Siaya,0.0005,low,still early in program tenure; below-average prior yield,False
F103753,Bungoma,0.0461,low,long gap since last farm visit; low input redemption rate,False
F103754,Kakamega,0.0011,low,low training attendance; low input redemption rate,False
F103755,Bungoma,0.0062,low,low input redemption rate; below-average prior yield,False
F103756,Vihiga,0.0043,low,no active mobile money usage; low input redemption rate,False
F103757,Vihiga,0.9579,high,low training attendance; long distance to nearest agrodealer,False
F103758,Kakamega,0.9978,high,long distance to nearest agrodealer; long gap since last farm visit,False
F103759,Vihiga,0.9058,high,low training attendance; weak repayment among peer group,False
F103760,Bungoma,0.9887,high,low input redemption rate; long gap since last farm visit,False
F103761,Vihiga,0.0099,low,low input redemption rate; still early in program tenure,True
F103762,Vihiga,1e-04,low,below-average prior yield; relatively large loan amount,False
F103763,Vihiga,0.0329,low,long gap since last farm visit; still early in program tenure,True
F103764,Busia,0.0002,low,no active mobile money usage; below-average prior yield,False
F103765,Busia,0.9652,high,long gap since last farm visit; below-average prior yield,False
F103766,Trans Nzoia,0.0003,low,age; region Vihiga,False
F103767,Trans Nzoia,0.9851,high,long gap since last farm visit; low training attendance,False
F103768,Trans Nzoia,0.0049,low,still early in program tenure; relatively large loan amount,False
F103769,Busia,0.0012,low,still early in program tenure; gender M,False
F103770,Busia,0.9992,high,low input redemption rate; no active mobile money usage,True
F103771,Bungoma,0.0006,low,no active mobile money usage; region Busia,False
F103772,Vihiga,0.0092,low,weak repayment among peer group; age,False
F103773,Kakamega,0.0003,low,long gap since last farm visit; farm size,False
F103774,Busia,0.8921,high,long gap since last farm visit; below-average prior yield,False
F103775,Bungoma,0.0004,low,long distance to nearest agrodealer; region Trans Nzoia,True
F103776,Vihiga,0.0003,low,low training attendance; relatively large loan amount,False
F103777,Siaya,0.0123,low,long gap since last farm visit; still early in program tenure,True
F103778,Siaya,0.9914,high,below-average prior yield; low input redemption rate,False
F103779,Busia,1e-04,low,below-average prior yield; gender M,True
F103780,Kakamega,0.003,low,low input redemption rate; farm size,False
F103781,Bungoma,0.0288,low,long gap since last farm visit; low training attendance,False
F103782,Kakamega,0.9734,high,weak repayment among peer group; no active mobile money usage,False
F103783,Trans Nzoia,0.0004,low,age; long distance to nearest agrodealer,False
F103784,Siaya,0.9991,high,long gap since last farm visit; low input redemption rate,False
F103785,Vihiga,0.0004,low,still early in program tenure; low input redemption rate,False
F103786,Bungoma,0.0288,low,below-average prior yield; low training attendance,True
F103787,Kakamega,0.0003,low,farm size; relatively large loan amount,False
F103788,Siaya,0.0051,low,long gap since last farm visit; age,True
F103789,Bungoma,0.006,low,no active mobile money usage; below-average prior yield,False
F103790,Kakamega,0.0029,low,long gap since last farm visit; age,False
F103791,Bungoma,0.0008,low,below-average prior yield; low input redemption rate,False
F103792,Bungoma,0.9547,high,low input redemption rate; weak repayment among peer group,False
F103793,Vihiga,0.9997,high,long gap since last farm visit; no active mobile money usage,False
F103794,Siaya,0.9992,high,weak repayment among peer group; low training attendance,False
F103795,Bungoma,0.0006,low,no active mobile money usage; low training attendance,False
F103796,Trans Nzoia,0.0013,low,long gap since last farm visit; age,True
F103797,Kakamega,0.0342,low,weak repayment among peer group; relatively large loan amount,False
F103798,Kakamega,0.0018,low,weak repayment among peer group; age,True
F103799,Kakamega,0.0,low,relatively large loan amount; long distance to nearest agrodealer,True
F103800,Siaya,0.0474,low,long gap since last farm visit; weak repayment among peer group,False
F103801,Vihiga,0.0003,low,long distance to nearest agrodealer; still early in program tenure,False
F103802,Trans Nzoia,0.0008,low,weak repayment among peer group; farm size,False
F103803,Kakamega,0.0016,low,weak repayment among peer group; low training attendance,False
F103804,Kakamega,0.9397,high,long gap since last farm visit; below-average prior yield,False
F103805,Siaya,0.9772,high,long gap since last farm visit; weak repayment among peer group,False
F103806,Kakamega,0.003,low,long gap since last farm visit; relatively large loan amount,False
F103807,Kakamega,0.0143,low,below-average prior yield; long gap since last farm visit,False
F103808,Vihiga,1e-04,low,farm size; region Trans Nzoia,True
F103809,Vihiga,0.9997,high,long gap since last farm visit; low input redemption rate,False
F103810,Bungoma,0.0217,low,low input redemption rate; low training attendance,False
F103811,Busia,0.0051,low,low training attendance; region Busia,False
F103812,Trans Nzoia,0.9564,high,weak repayment among peer group; long gap since last farm visit,True
F103813,Busia,0.0006,low,low training attendance; low input redemption rate,False
F103814,Busia,0.0035,low,low training attendance; age,True
F103815,Kakamega,0.0033,low,long distance to nearest agrodealer; age,False
F103816,Busia,0.0132,low,low input redemption rate; no active mobile money usage,False
F103817,Trans Nzoia,0.0,low,still early in program tenure; farm size,True
F103818,Vihiga,0.1113,low,long distance to nearest agrodealer; below-average prior yield,True
F103819,Siaya,0.0015,low,low training attendance; weak repayment among peer group,False
F103820,Kakamega,0.0027,low,low training attendance; long distance to nearest agrodealer,False
F103821,Kakamega,0.008,low,below-average prior yield; still early in program tenure,True
F103822,Vihiga,0.0005,low,low training attendance; weak repayment among peer group,False
F103823,Bungoma,0.9236,high,long distance to nearest agrodealer; low input redemption rate,False
F103824,Vihiga,1e-04,low,long distance to nearest agrodealer; gender M,False
F103825,Siaya,0.001,low,no active mobile money usage; relatively large loan amount,True
F103826,Busia,0.9998,high,weak repayment among peer group; low input redemption rate,False
F103827,Vihiga,0.2604,low,low input redemption rate; no active mobile money usage,False
F103828,Trans Nzoia,0.0814,low,long gap since last farm visit; low input redemption rate,False
F103829,Kakamega,0.793,high,weak repayment among peer group; low input redemption rate,True
F103830,Siaya,0.5892,medium,long gap since last farm visit; low training attendance,True
F103831,Bungoma,0.9431,high,low input redemption rate; long gap since last farm visit,True
F103832,Trans Nzoia,0.0867,low,long distance to nearest agrodealer; weak repayment among peer group,True
F103833,Vihiga,0.0077,low,low training attendance; farm size,True
F103834,Kakamega,0.0021,low,weak repayment among peer group; still early in program tenure,False
F103835,Trans Nzoia,0.0212,low,low training attendance; long gap since last farm visit,True
F103836,Bungoma,0.0086,low,long gap since last farm visit; age,False
F103837,Vihiga,0.022,low,low input redemption rate; still early in program tenure,True
F103838,Siaya,0.0006,low,low training attendance; gender M,False
F103839,Siaya,0.0014,low,below-average prior yield; relatively large loan amount,True
F103840,Siaya,0.013,low,weak repayment among peer group; below-average prior yield,True
F103841,Busia,0.004,low,no active mobile money usage; low training attendance,True
F103842,Vihiga,0.0169,low,low training attendance; weak repayment among peer group,False
F103843,Bungoma,0.0073,low,low input redemption rate; below-average prior yield,False
F103844,Siaya,0.0438,low,low training attendance; below-average prior yield,True
F103845,Busia,0.0172,low,low training attendance; age,True
F103846,Trans Nzoia,0.0113,low,below-average prior yield; relatively large loan amount,False
F103847,Busia,0.9747,high,below-average prior yield; low training attendance,False
F103848,Trans Nzoia,0.0458,low,weak repayment among peer group; still early in program tenure,False
F103849,Bungoma,0.9999,high,low training attendance; long gap since last farm visit,False
F103850,Trans Nzoia,0.7389,high,low training attendance; long distance to nearest agrodealer,False
F103851,Kakamega,0.003,low,low input redemption rate; long distance to nearest agrodealer,False
F103852,Kakamega,0.0004,low,region Trans Nzoia; farm size,False
F103853,Busia,0.0002,low,gender M; region Trans Nzoia,False
F103854,Busia,0.0006,low,long gap since last farm visit; region Trans Nzoia,True
F103855,Trans Nzoia,0.0002,low,still early in program tenure; gender M,False
F103856,Busia,0.0278,low,long gap since last farm visit; still early in program tenure,False
F103857,Kakamega,0.1939,low,long gap since last farm visit; relatively large loan amount,True
F103858,Bungoma,0.0013,low,low training attendance; long distance to nearest agrodealer,False
F103859,Busia,0.0033,low,weak repayment among peer group; below-average prior yield,False
F103860,Vihiga,0.0089,low,weak repayment among peer group; age,False
F103861,Vihiga,0.029,low,below-average prior yield; still early in program tenure,False
F103862,Bungoma,0.0009,low,low input redemption rate; region Trans Nzoia,False
F103863,Vihiga,0.0,low,long distance to nearest agrodealer; region Trans Nzoia,False
F103864,Vihiga,0.0013,low,age; long distance to nearest agrodealer,False
F103865,Trans Nzoia,0.1022,low,long gap since last farm visit; low training attendance,True
F103866,Vihiga,0.0417,low,low training attendance; weak repayment among peer group,False
F103867,Trans Nzoia,0.064,low,no active mobile money usage; below-average prior yield,True
F103868,Bungoma,0.9205,high,long gap since last farm visit; low training attendance,False
F103869,Trans Nzoia,0.0002,low,farm size; long distance to nearest agrodealer,False
F103870,Kakamega,0.9999,high,long gap since last farm visit; weak repayment among peer group,False
F103871,Kakamega,0.0025,low,weak repayment among peer group; relatively large loan amount,False
F103872,Siaya,0.0087,low,weak repayment among peer group; still early in program tenure,False
F103873,Busia,0.0018,low,long gap since last farm visit; below-average prior yield,False
F103874,Vihiga,0.0043,low,below-average prior yield; still early in program tenure,False
F103875,Vihiga,0.0002,low,still early in program tenure; gender M,False
F103876,Trans Nzoia,0.0196,low,weak repayment among peer group; below-average prior yield,False
F103877,Bungoma,0.9969,high,long gap since last farm visit; long distance to nearest agrodealer,False
F103878,Bungoma,0.0003,low,age; relatively large loan amount,False
F103879,Kakamega,0.9392,high,long gap since last farm visit; below-average prior yield,False
F103880,Siaya,0.0601,low,below-average prior yield; low training attendance,True
F103881,Bungoma,0.0386,low,no active mobile money usage; low training attendance,True
F103882,Vihiga,0.0164,low,long gap since last farm visit; weak repayment among peer group,True
F103883,Busia,0.8918,high,long gap since last farm visit; long distance to nearest agrodealer,False
F103884,Kakamega,1e-04,low,age; region Kakamega,False
F103885,Busia,0.9428,high,no active mobile money usage; long gap since last farm visit,False
F103886,Kakamega,0.0436,low,low input redemption rate; long gap since last farm visit,True
F103887,Bungoma,0.9593,high,weak repayment among peer group; low input redemption rate,False
F103888,Kakamega,0.371,medium,low training attendance; low input redemption rate,True
F103889,Trans Nzoia,0.0013,low,long gap since last farm visit; still early in program tenure,False
F103890,Vihiga,0.0735,low,long distance to nearest agrodealer; below-average prior yield,True
F103891,Siaya,0.0283,low,no active mobile money usage; still early in program tenure,False
F103892,Busia,0.7732,high,below-average prior yield; long gap since last farm visit,True
F103893,Bungoma,0.0003,low,relatively large loan amount; below-average prior yield,False
F103894,Vihiga,0.0083,low,no active mobile money usage; region Busia,True
F103895,Siaya,0.9726,high,low training attendance; long distance to nearest agrodealer,False
F103896,Vihiga,0.007,low,low input redemption rate; still early in program tenure,False
F103897,Kakamega,0.0007,low,long gap since last farm visit; region Trans Nzoia,True
F103898,Bungoma,0.0008,low,long gap since last farm visit; still early in program tenure,True
F103899,Siaya,0.9753,high,long gap since last farm visit; weak repayment among peer group,False
F103900,Vihiga,1e-04,low,no active mobile money usage; low input redemption rate,False
F103901,Siaya,0.001,low,long distance to nearest agrodealer; still early in program tenure,False
F103902,Vihiga,0.3645,medium,low input redemption rate; long gap since last farm visit,True
F103903,Kakamega,0.9485,high,low training attendance; long distance to nearest agrodealer,False
F103904,Siaya,0.0003,low,low input redemption rate; relatively large loan amount,True
F103905,Trans Nzoia,0.0067,low,age; relatively large loan amount,False
F103906,Trans Nzoia,1e-04,low,age; region Busia,False
F103907,Siaya,0.9952,high,long gap since last farm visit; weak repayment among peer group,False
F103908,Bungoma,1e-04,low,still early in program tenure; region Trans Nzoia,False
F103909,Siaya,0.0586,low,no active mobile money usage; age,False
F103910,Bungoma,0.0041,low,age; relatively large loan amount,False
F103911,Siaya,0.0055,low,no active mobile money usage; low training attendance,True
F103912,Bungoma,0.9696,high,low input redemption rate; long gap since last farm visit,False
F103913,Vihiga,0.0004,low,below-average prior yield; relatively large loan amount,True
F103914,Trans Nzoia,0.002,low,relatively large loan amount; still early in program tenure,True
F103915,Kakamega,0.001,low,no active mobile money usage; relatively large loan amount,False
F103916,Kakamega,0.0011,low,still early in program tenure; weak repayment among peer group,False
F103917,Siaya,0.0069,low,weak repayment among peer group; no active mobile money usage,True
F103918,Kakamega,0.0164,low,low training attendance; below-average prior yield,False
F103919,Vihiga,0.0342,low,low training attendance; below-average prior yield,False
F103920,Siaya,0.9995,high,long gap since last farm visit; low input redemption rate,False
F103921,Vihiga,0.0002,low,below-average prior yield; relatively large loan amount,True
F103922,Busia,0.9724,high,low training attendance; long distance to nearest agrodealer,False
F103923,Busia,0.9987,high,long gap since last farm visit; weak repayment among peer group,True
F103924,Vihiga,0.0111,low,long gap since last farm visit; region Trans Nzoia,True
F103925,Vihiga,0.0682,low,low input redemption rate; low training attendance,False
F103926,Vihiga,0.0356,low,low input redemption rate; long distance to nearest agrodealer,True
F103927,Kakamega,0.0006,low,relatively large loan amount; weak repayment among peer group,False
F103928,Vihiga,0.0073,low,weak repayment among peer group; low training attendance,True
F103929,Trans Nzoia,0.928,high,long gap since last farm visit; low training attendance,False
F103930,Trans Nzoia,0.0014,low,low training attendance; below-average prior yield,False
F103931,Kakamega,0.0077,low,low training attendance; still early in program tenure,False
F103932,Trans Nzoia,0.9944,high,low training attendance; long distance to nearest agrodealer,False
F103933,Trans Nzoia,0.186,low,low input redemption rate; low training attendance,False
F103934,Bungoma,0.0006,low,below-average prior yield; weak repayment among peer group,False
F103935,Siaya,0.0533,low,long gap since last farm visit; weak repayment among peer group,False
F103936,Vihiga,0.9907,high,weak repayment among peer group; long gap since last farm visit,False
F103937,Busia,0.0016,low,still early in program tenure; below-average prior yield,False
F103938,Trans Nzoia,0.0012,low,still early in program tenure; relatively large loan amount,False
F103939,Vihiga,0.0018,low,low training attendance; relatively large loan amount,False
F103940,Vihiga,0.987,high,low training attendance; long distance to nearest agrodealer,False
F103941,Bungoma,0.0002,low,low input redemption rate; relatively large loan amount,False
F103942,Siaya,0.8821,high,low training attendance; long distance to nearest agrodealer,False
F103943,Siaya,0.0228,low,below-average prior yield; still early in program tenure,True
F103944,Kakamega,1e-04,low,relatively large loan amount; gender M,False
F103945,Trans Nzoia,0.0105,low,weak repayment among peer group; relatively large loan amount,False
F103946,Kakamega,0.0218,low,long gap since last farm visit; long distance to nearest agrodealer,False
F103947,Busia,0.0059,low,no active mobile money usage; low training attendance,False
F103948,Siaya,0.0629,low,long gap since last farm visit; low input redemption rate,False
F103949,Bungoma,0.9822,high,low input redemption rate; below-average prior yield,False
F103950,Busia,1e-04,low,weak repayment among peer group; low input redemption rate,False
F103951,Bungoma,0.0415,low,below-average prior yield; still early in program tenure,False
F103952,Trans Nzoia,1e-04,low,age; region Vihiga,True
F103953,Busia,0.0319,low,low input redemption rate; weak repayment among peer group,False
F103954,Vihiga,0.0055,low,weak repayment among peer group; long distance to nearest agrodealer,True
F103955,Siaya,0.0004,low,low training attendance; age,False
F103956,Vihiga,0.0209,low,low training attendance; long gap since last farm visit,False
F103957,Trans Nzoia,0.0114,low,weak repayment among peer group; still early in program tenure,False
F103958,Kakamega,0.0021,low,low input redemption rate; relatively large loan amount,False
F103959,Bungoma,0.0018,low,low training attendance; weak repayment among peer group,False
F103960,Siaya,0.0006,low,below-average prior yield; region Siaya,False
F103961,Siaya,0.953,high,low training attendance; weak repayment among peer group,False
F103962,Vihiga,0.0002,low,low input redemption rate; region Trans Nzoia,False
F103963,Busia,0.9978,high,long gap since last farm visit; weak repayment among peer group,False
F103964,Bungoma,1e-04,low,relatively large loan amount; still early in program tenure,False
F103965,Siaya,0.0026,low,long gap since last farm visit; relatively large loan amount,False
F103966,Trans Nzoia,0.9904,high,low training attendance; long distance to nearest agrodealer,False
F103967,Bungoma,0.0016,low,weak repayment among peer group; age,True
F103968,Vihiga,1e-04,low,weak repayment among peer group; long distance to nearest agrodealer,False
F103969,Vihiga,0.0169,low,low training attendance; relatively large loan amount,True
F103970,Busia,0.0017,low,no active mobile money usage; long distance to nearest agrodealer,True
F103971,Siaya,0.0006,low,long distance to nearest agrodealer; relatively large loan amount,False
F103972,Kakamega,0.0007,low,age; region Kakamega,False
F103973,Bungoma,0.0149,low,no active mobile money usage; long gap since last farm visit,True
F103974,Kakamega,0.0165,low,low input redemption rate; relatively large loan amount,False
F103975,Trans Nzoia,0.0185,low,long gap since last farm visit; below-average prior yield,False
F103976,Vihiga,0.0002,low,weak repayment among peer group; age,False
F103977,Siaya,0.0751,low,long distance to nearest agrodealer; low input redemption rate,False
F103978,Vihiga,0.001,low,low input redemption rate; relatively large loan amount,False
F103979,Kakamega,0.0267,low,below-average prior yield; low input redemption rate,False
F103980,Busia,1e-04,low,long gap since last farm visit; relatively large loan amount,False
F103981,Kakamega,0.0016,low,farm size; relatively large loan amount,False
F103982,Trans Nzoia,0.0515,low,long gap since last farm visit; below-average prior yield,False
F103983,Trans Nzoia,0.9815,high,weak repayment among peer group; long gap since last farm visit,False
F103984,Siaya,0.9529,high,long gap since last farm visit; weak repayment among peer group,False
F103985,Busia,0.9713,high,weak repayment among peer group; no active mobile money usage,False
F103986,Bungoma,0.0448,low,weak repayment among peer group; long gap since last farm visit,False
F103987,Kakamega,0.9549,high,long gap since last farm visit; low input redemption rate,False
F103988,Busia,0.0121,low,long gap since last farm visit; below-average prior yield,False
F103989,Busia,0.0309,low,low input redemption rate; below-average prior yield,True
F103990,Trans Nzoia,0.9921,high,long gap since last farm visit; low training attendance,False
F103991,Trans Nzoia,0.002,low,long gap since last farm visit; farm size,False
F103992,Kakamega,0.0002,low,still early in program tenure; long distance to nearest agrodealer,False
F103993,Bungoma,0.0391,low,below-average prior yield; low training attendance,False
F103994,Vihiga,0.9347,high,low input redemption rate; no active mobile money usage,False
F103995,Busia,0.9996,high,long gap since last farm visit; below-average prior yield,False
F103996,Kakamega,0.0272,low,long gap since last farm visit; weak repayment among peer group,False
F103997,Siaya,0.0459,low,long gap since last farm visit; low training attendance,False
F103998,Trans Nzoia,0.0002,low,still early in program tenure; farm size,False
F103999,Vihiga,0.0481,low,long gap since last farm visit; below-average prior yield,False
